experiment_id,file_name,relative_path,patient_id,class_label,dilution,roi_id,roi_source_excel_column,normalized_negative_fraction,majority_negative_trace,k_ref_amplitude,k_ref_half_width,k_ref_peak_location,k_ref_integral,k_ref_peak_count,k_ref_multiple_responses,k_ref_response_detected,k_ref_free_coef,k_ref_free_coef_ci_low,k_ref_free_coef_ci_high,k_ref_coef_fast,k_ref_coef_fast_ci_low,k_ref_coef_fast_ci_high,k_ref_tau_fast,k_ref_tau_fast_ci_low,k_ref_tau_fast_ci_high,k_ref_coef_slow,k_ref_coef_slow_ci_low,k_ref_coef_slow_ci_high,k_ref_tau_slow,k_ref_tau_slow_ci_low,k_ref_tau_slow_ci_high,k_ref_gof,k_ref_percent_fast,k_ref_fit_available,k_ref_fit_any_value_present,csf_amplitude,csf_half_width,csf_peak_location,csf_integral,csf_peak_count,csf_multiple_responses,csf_response_detected,csf_free_coef,csf_free_coef_ci_low,csf_free_coef_ci_high,csf_coef_fast,csf_coef_fast_ci_low,csf_coef_fast_ci_high,csf_tau_fast,csf_tau_fast_ci_low,csf_tau_fast_ci_high,csf_coef_slow,csf_coef_slow_ci_low,csf_coef_slow_ci_high,csf_tau_slow,csf_tau_slow_ci_low,csf_tau_slow_ci_high,csf_gof,csf_percent_fast,csf_fit_available,csf_fit_any_value_present,k_ref_fit_duplicate_flag,k_ref_fit_duplicate_matches,csf_fit_duplicate_flag,csf_fit_duplicate_matches,k_ref_fit_valid,csf_fit_valid,exclude_primary_analysis,exclusion_reason,normalized_sheet,k_summary_sheet,k_fit_sheet,csf_summary_sheet,csf_fit_sheet
patient_10a_exp_1,2023_11_01_CGNs_isolated3010_CSF_3.xlsx,10a_1..25/2023_11_01_CGNs_isolated3010_CSF_3.xlsx,10a,SMA,1_25,ROI_001,B,0.03464566929133858,False,2.604674372999262,11.188731281161068,102.0,45.99670908768903,1,False,True,5.1978579968238415e-06,-0.30727199619559326,0.30728239191158685,2.526867046655538,2.3809506424048315,2.6727834509062443,12.41471933988075,11.748272307992913,13.081166371768585,0.16586452235545837,-0.003963271062521756,0.3356923157734385,100.0019039144221,-298.4238403943927,498.4276482232369,0.9990499485334272,0.9384028752571211,True,True,3.5542489025592925,36.458674150060546,255.0,204.69652341088067,1,False,True,0.13816320927019904,0.0692999844060837,0.20702643413431437,4.006748453913377,3.876191047076903,4.137305860749851,33.727316446349924,31.286306713137964,36.16832617956189,1.3799318140710005e-08,,,100.00000553747708,-550601111.9739739,550601311.9739848,0.9448958965813775,0.9999999965559809,True,True,False,,False,,True,True,False,,Sheet2,Sheet3,Sheet4,Sheet7,Sheet8
patient_10a_exp_1,2023_11_01_CGNs_isolated3010_CSF_3.xlsx,10a_1..25/2023_11_01_CGNs_isolated3010_CSF_3.xlsx,10a,SMA,1_25,ROI_002,C,0.0,False,3.1553175925140327,12.42814579913373,102.0,63.554175403618046,1,False,True,0.10913071015079852,-0.5862677991071464,0.8045292194087436,3.127541493251776,2.8498509944726953,3.405231992030857,13.507705961690576,12.452620467476525,14.562791455904627,0.04818349818792793,-0.3797624958520565,0.4761294922279124,111.80507082378995,-3170.3857075901224,3393.995849237702,0.9982732208717305,0.9848275595910198,True,True,4.321468660262004,74.43891852427711,255.0,451.4764096928254,1,False,True,0.6225788039390538,-0.3869286764473703,1.632086284325478,4.30013100790717,-9.285225464677708,17.88548748049205,59.20927270540476,-22.79076484891587,141.20931025972538,3.200130038768817e-08,-14.709784630654474,14.709784694657076,100.00000003706099,-682996827.320845,682997027.320845,0.824463023980945,0.9999999925580639,True,True,False,,False,,True,True,False,,Sheet2,Sheet3,Sheet4,Sheet7,Sheet8
patient_10a_exp_1,2023_11_01_CGNs_isolated3010_CSF_3.xlsx,10a_1..25/2023_11_01_CGNs_isolated3010_CSF_3.xlsx,10a,SMA,1_25,ROI_003,D,0.012598425196850394,False,2.5808371827404692,10.277754278787455,102.0,48.238752726039095,1,False,True,0.09648971203986179,-0.28128994025486737,0.47426936433459094,2.521493194032311,2.4014213248216074,2.6415650632430148,10.898741565100586,10.331049461422527,11.466433668778645,0.0710490027852434,-0.19075699700040677,0.33285500257089357,110.31237254797186,-1026.0583573880044,1246.683102483948,0.9985285245076552,0.9725948519285592,True,True,3.716086811991949,55.49921310485138,258.0,313.9840400365325,2,True,True,0.4057266691648082,0.2724404630879297,0.5390128752416867,4.086179180098919,3.877516545985858,4.294841814211981,41.63896717572142,36.36023829850856,46.917696052934275,2.825990390250358e-10,,,100.00071092856507,-10133547460.19165,10133547660.193073,0.8635654106199864,0.9999999999308403,True,True,False,,False,,True,True,False,,Sheet2,Sheet3,Sheet4,Sheet7,Sheet8
patient_10a_exp_1,2023_11_01_CGNs_isolated3010_CSF_3.xlsx,10a_1..25/2023_11_01_CGNs_isolated3010_CSF_3.xlsx,10a,SMA,1_25,ROI_004,E,1.0,True,,,,-70.53265172332118,0,False,False,,,,,,,,,,,,,,,,,,False,False,,,,-110.95523964295843,0,False,False,,,,,,,,,,,,,,,,,,False,False,False,,False,,False,False,True,majority_negative_normalized_trace,Sheet2,Sheet3,Sheet4,Sheet7,Sheet8
patient_10a_exp_1,2023_11_01_CGNs_isolated3010_CSF_3.xlsx,10a_1..25/2023_11_01_CGNs_isolated3010_CSF_3.xlsx,10a,SMA,1_25,ROI_005,F,0.050393700787401574,False,1.2700178100350052,11.191537871534663,102.0,27.678276705717575,1,False,True,3.345941583152677e-09,,,1.0713102403606112,1.0441985913964438,1.0984218893247786,12.791862265756244,12.302987126615468,13.28073740489702,0.1713595989496867,0.14194683443767214,0.20077236346170124,100.0001984728794,75.83325924700867,124.16713769875014,0.9984904641133963,0.8621036790876053,True,True,2.0560687262543746,32.476388098099704,266.0,100.8879104168027,1,False,True,0.10068295795875981,-0.10484599401898984,0.3062119099365095,2.2706705172811006,1.6697532338703012,2.8715878006919002,23.37754668156671,18.825506922534323,27.929586440599095,4.76366404082015e-05,-0.439245430230182,0.43934070351099835,100.00746520881052,-1854434.0807074653,1854634.095637883,0.9842367779155605,0.999979021332821,True,True,False,,False,,True,True,False,,Sheet2,Sheet3,Sheet4,Sheet7,Sheet8
patient_10a_exp_1,2023_11_01_CGNs_isolated3010_CSF_3.xlsx,10a_1..25/2023_11_01_CGNs_isolated3010_CSF_3.xlsx,10a,SMA,1_25,ROI_006,G,0.07007874015748032,False,1.4251082036606217,10.905382397045031,102.0,24.1719420150822,1,False,True,9.980274544757516e-14,,,1.3942672532504765,1.3577516358194954,1.4307828706814576,12.89820294673638,12.392066904065313,13.404338989407446,0.06764236615729424,0.028021036631289555,0.10726369568329894,100.00007565087739,17.89777243043754,182.10237887131723,0.9982204873947788,0.953730131289035,True,True,3.1416470872357283,41.8154600947384,256.0,248.13068908214336,2,True,True,0.377930199209585,0.2940206564831154,0.4618397419360546,3.2974237057038627,3.1424192912058193,3.452428120201906,36.24790305061981,32.29427144893705,40.20153465230257,2.535619972419775e-09,,,100.00000016865224,-1246960276.7255297,1246960476.7255301,0.8871519468088321,0.9999999992310299,True,True,False,,False,,True,True,False,,Sheet2,Sheet3,Sheet4,Sheet7,Sheet8
patient_10a_exp_1,2023_11_01_CGNs_isolated3010_CSF_3.xlsx,10a_1..25/2023_11_01_CGNs_isolated3010_CSF_3.xlsx,10a,SMA,1_25,ROI_007,H,0.08503937007874016,False,1.4909379637184783,11.932345014495596,102.0,31.438147391494084,1,False,True,0.07916157348462775,-0.3117347163587069,0.47005786332796246,1.4701204735134834,1.3353512200005135,1.6048897270264533,12.308799861177913,11.213113245548614,13.404486476807213,0.019473498844525313,-0.24096293383767742,0.27990993152672805,113.13926287505613,-4350.663101440639,4576.941627190752,0.9969279576797423,0.9869269752658175,True,True,2.360719660368835,66.75386883434851,255.0,181.61107395137356,1,False,True,5.500161543451513e-09,,,2.7915458572693206,2.6938513377994626,2.8892403767391786,60.98527651007484,57.38979061630337,64.58076240384631,7.29611329430594e-11,,,100.00000150683124,-56086066192.860214,56086066392.860214,0.9069778697894055,0.9999999999738635,True,True,False,,False,,True,True,False,,Sheet2,Sheet3,Sheet4,Sheet7,Sheet8
patient_10a_exp_1,2023_11_01_CGNs_isolated3010_CSF_3.xlsx,10a_1..25/2023_11_01_CGNs_isolated3010_CSF_3.xlsx,10a,SMA,1_25,ROI_008,I,0.05433070866141732,False,2.94703248326391,13.616316611639277,102.0,62.73074652047324,1,False,True,0.07262379790292649,-749.2012997081389,749.3465473039447,3.0628645368058343,2.7242166515185815,3.401512422093087,14.80727718242592,13.095176112641687,16.519378252210153,0.029233103905295186,-748.8974336748346,748.9558998826452,2731.4415816963888,-72166538.25880161,72172001.141965,0.9950037131499184,0.9905458664951563,True,True,3.256254133404738,43.68183304092355,255.0,178.2981992923027,1,False,True,1.8570306005524122e-09,,,3.8124478739327783,3.7215593607662507,3.903336387099306,42.38367539088389,40.77610338788869,43.991247393879085,1.1331222670732537e-10,,,100.00000001107452,,,0.9651362403744822,0.9999999999702784,True,True,False,,False,,True,True,False,,Sheet2,Sheet3,Sheet4,Sheet7,Sheet8
patient_10a_exp_1,2023_11_01_CGNs_isolated3010_CSF_3.xlsx,10a_1..25/2023_11_01_CGNs_isolated3010_CSF_3.xlsx,10a,SMA,1_25,ROI_009,J,0.04094488188976378,False,1.8309102874055865,8.531086629163212,102.0,27.662610584420815,1,False,True,3.763250917366499e-10,,,1.6889192686703678,1.6555552760765353,1.7222832612642003,9.163895056281213,8.81420471217781,9.513585400384615,0.15183140965944114,0.11791621475194705,0.18574660456693523,100.00000017495748,62.98478750049487,137.0152128494201,0.997145037860365,0.9175165808999163,True,True,2.5714146897372085,64.83745787952657,258.0,190.7044196050986,1,False,True,4.146996750116605e-08,-0.0975228123883912,0.0975228953283262,2.9488006374136604,2.8411128141820137,3.056488460645307,56.7360589147037,50.79635093710481,62.67576689230258,7.420747372672328e-12,,,100.0000000075878,,,0.9247883347986335,0.9999999999974835,True,True,False,,False,,True,True,False,,Sheet2,Sheet3,Sheet4,Sheet7,Sheet8
patient_10a_exp_1,2023_11_01_CGNs_isolated3010_CSF_3.xlsx,10a_1..25/2023_11_01_CGNs_isolated3010_CSF_3.xlsx,10a,SMA,1_25,ROI_010,K,0.06062992125984252,False,1.3302167263431735,8.020325308199958,102.0,23.166320180284654,1,False,True,6.570872259318791e-13,,,1.1217016135196585,1.0903564689126883,1.1530467581266286,9.618967929306539,9.11296870628693,10.124967152326148,0.14177059167920356,0.10933663614644032,0.1742045472119668,100.00001751399576,62.89917508983268,137.10085993815883,0.9951272015437405,0.887792868655239,True,True,0.5643698508970183,26.306434432490846,254.0,22.473763345871582,1,False,True,0.003999654710711249,-0.0698402837895225,0.077839593210945,0.5782687461167922,0.14816329984218668,1.0083741923913978,32.855437187977515,20.83336448014648,44.87750989580855,0.0004992173793088028,-0.365409952533891,0.36640838729250863,100.07951282081319,-84430.91993907813,84631.07896471975,0.9882841159996003,0.9991374481471068,True,True,False,,False,,True,True,False,,Sheet2,Sheet3,Sheet4,Sheet7,Sheet8
patient_10a_exp_1,2023_11_01_CGNs_isolated3010_CSF_3.xlsx,10a_1..25/2023_11_01_CGNs_isolated3010_CSF_3.xlsx,10a,SMA,1_25,ROI_011,L,0.01811023622047244,False,2.6270798419307204,7.693628068229032,102.0,33.800175683513274,1,False,True,2.5218691100614028e-14,,,2.420438528412272,2.400370228519158,2.440506828305386,9.222966648545576,9.066612574283383,9.379320722807769,0.1294791064683646,0.11915017537432737,0.13980803756240184,100.0000000000318,,,0.9985743156110838,0.9492222396922928,True,True,3.818235133054818,39.760523605566476,255.0,285.46091237677376,2,True,True,0.4442756563330937,0.13154931088172955,0.7570020017844579,4.115240177232603,2.9057401891685224,5.324740165296683,32.57379950984257,22.662873279826293,42.48472573985885,7.874002955754083e-08,-1.5581426051816034,1.5581427626616626,100.0000055981646,-489521147.25140667,489521347.2514179,0.8991367218023129,0.9999999808662375,True,True,False,,False,,True,True,False,,Sheet2,Sheet3,Sheet4,Sheet7,Sheet8
patient_10a_exp_1,2023_11_01_CGNs_isolated3010_CSF_3.xlsx,10a_1..25/2023_11_01_CGNs_isolated3010_CSF_3.xlsx,10a,SMA,1_25,ROI_012,M,0.04015748031496063,False,1.9677254485982039,10.93830257206477,102.0,31.469151645939885,1,False,True,8.401700068676903e-05,-0.16852387938933555,0.1686919133907091,1.9488214735999212,1.864011957912113,2.0336309892877296,12.975999016088643,12.474671581323506,13.47732645085378,0.052157063680756545,-0.03679477798390004,0.14110890534541312,100.00294255228302,-605.0556598983062,805.0615450028722,0.9995550319603155,0.9739342213277121,True,True,2.9503143889761163,78.81273416229564,255.0,287.84502618924483,2,True,True,0.20005788229660357,-0.6633442746073155,1.0634600392005227,3.1800482042018734,-17.388052342028963,23.748148750432712,68.66077058897756,-73.61536229210932,210.93690347006444,2.3523212489646658e-08,-21.50845127053093,21.508451317577357,100.00030790498126,-676124764.9952927,676124964.9959085,0.8457888978853952,0.9999999926028755,True,True,False,,False,,True,True,False,,Sheet2,Sheet3,Sheet4,Sheet7,Sheet8
patient_10a_exp_1,2023_11_01_CGNs_isolated3010_CSF_3.xlsx,10a_1..25/2023_11_01_CGNs_isolated3010_CSF_3.xlsx,10a,SMA,1_25,ROI_013,N,0.014173228346456693,False,2.8958776556674537,11.789189186774536,102.0,47.88263432310544,1,False,True,0.0029620834498332053,-0.8261140769925738,0.8320382438922401,2.990987041621782,2.6644489339056063,3.317525149337958,13.143719512504202,11.848554882138489,14.438884142869915,0.062487585437265,-0.4522422059097279,0.5772173767842579,110.85278282696494,-2874.747453531879,3096.4530191858084,0.9970220307853512,0.9795355805862878,True,True,3.281506809396597,75.80381144156382,256.0,355.7830411246184,2,True,True,0.5289343033049777,0.3256006320204581,0.7322679745894973,3.2686109600216944,3.044464725982732,3.4927571940606565,56.9413606572922,45.77903328488601,68.10368802969839,1.2360338222720244e-09,,,100.00165327397444,-2765616775.375434,2765616975.3787403,0.775156637624586,0.9999999996218474,True,True,False,,False,,True,True,False,,Sheet2,Sheet3,Sheet4,Sheet7,Sheet8
patient_10a_exp_1,2023_11_01_CGNs_isolated3010_CSF_3.xlsx,10a_1..25/2023_11_01_CGNs_isolated3010_CSF_3.xlsx,10a,SMA,1_25,ROI_014,O,0.05590551181102362,False,1.565270259208727,8.625700656425025,102.0,23.157606748158003,1,False,True,4.067030725062492e-06,-0.19023182035420239,0.1902399544156525,1.4914803900024742,1.4218969750905344,1.561063804914414,9.969962825568686,9.426813119212948,10.513112531924424,0.09284269551968866,-0.03148858769013842,0.21717397872951572,100.00000560407722,-314.56340066533073,514.5634118734852,0.998133764640719,0.9413991398799259,True,True,4.962975060300127,37.754272535297304,255.0,306.87143306630196,1,False,True,0.17287623333126456,-0.17463460416701188,0.520387070829541,4.994616970102065,1.106920351291194,8.882313588912936,46.87423646061709,32.01302642064395,61.73544650059023,1.0739638867038868e-06,-3.855800257572688,3.8558024055004614,100.00000211631047,-184753779.0050215,184753979.00502574,0.9786765266961939,0.9999997849757725,True,True,False,,False,,True,True,False,,Sheet2,Sheet3,Sheet4,Sheet7,Sheet8
patient_10a_exp_1,2023_11_01_CGNs_isolated3010_CSF_3.xlsx,10a_1..25/2023_11_01_CGNs_isolated3010_CSF_3.xlsx,10a,SMA,1_25,ROI_015,P,0.07322834645669292,False,1.3636898260629333,12.000982556425257,102.0,28.852309637113066,1,False,True,3.0905459333237156e-09,,,1.177987777594858,1.1594683144712556,1.1965072407184603,13.635319395911432,13.155937097248376,14.114701694574489,0.17320835053193745,0.15932082598840602,0.18709587507546888,100.0000000007445,,,0.9956307564806666,0.871811096164062,True,True,3.6655880733303907,35.56371762273898,260.0,169.63842110552696,1,False,True,0.03513706898033824,-0.09697381320020898,0.16724795116088548,4.13569880834395,3.5607945204025278,4.7106030962853715,30.01842462913764,26.46317750701718,33.573671751258104,2.3173163385477622e-07,-0.6039279157893606,0.6039283792526283,100.00005083728287,-208163554.71784487,208163754.71794656,0.9853031378122176,0.9999999439679649,True,True,False,,False,,True,True,False,,Sheet2,Sheet3,Sheet4,Sheet7,Sheet8
patient_10a_exp_1,2023_11_01_CGNs_isolated3010_CSF_3.xlsx,10a_1..25/2023_11_01_CGNs_isolated3010_CSF_3.xlsx,10a,SMA,1_25,ROI_016,Q,0.04409448818897638,False,2.2102605470888324,8.979152062259587,102.0,31.066625903029752,1,False,True,5.208356717995347e-06,-0.26795716728255353,0.2679675839959896,2.1831866159646207,2.088035546577084,2.2783376853521573,9.699798413852161,9.192138523076348,10.207458304627973,0.10538009084018299,-0.07250979971989166,0.2832699814002576,100.00019703347392,-411.00407235439246,611.0044664213403,0.9981180029447073,0.9539536730448595,True,True,3.578920818085441,28.0526517173393,255.0,149.65727433225626,1,False,True,0.06844491399940839,-0.16753622101076318,0.3044260490095799,3.82013032523574,2.734237027363564,4.906023623107916,29.784306477727252,25.129585710017118,34.43902724543739,1.4637099843884966e-06,-0.8898912672822664,0.8898941947022353,100.00002848132276,-81979091.87856495,81979291.8786219,0.9938122507430761,0.9999996168430658,True,True,False,,False,,True,True,False,,Sheet2,Sheet3,Sheet4,Sheet7,Sheet8
patient_10a_exp_1,2023_11_01_CGNs_isolated3010_CSF_3.xlsx,10a_1..25/2023_11_01_CGNs_isolated3010_CSF_3.xlsx,10a,SMA,1_25,ROI_017,R,0.07874015748031496,False,1.5112722685729603,7.875910538549206,102.0,18.722564372288005,1,False,True,1.3458415526724644e-06,-0.13113318679244315,0.1311358784755485,1.4689472331212154,1.4261728235282072,1.5117216427142237,8.926897003181786,8.58782290765696,9.265971098706611,0.06132003213321544,-0.029478129225240464,0.15211819349167136,100.00000182706074,-321.50855875862896,521.5085624127505,0.9987778578299131,0.9599285474338236,True,True,4.739853460790446,33.418156847578615,255.0,255.28473670702104,1,False,True,0.1442036320120426,0.08467418187510455,0.20373308214898062,5.2616501582488455,5.151332288632071,5.37196802786562,36.08875818213402,34.33993046365843,37.83758590060961,1.0525800978028856e-10,,,100.00000003158182,-25098194610.66351,25098194810.66351,0.9753666945862255,0.9999999999799952,True,True,False,,False,,True,True,False,,Sheet2,Sheet3,Sheet4,Sheet7,Sheet8
patient_10a_exp_1,2023_11_01_CGNs_isolated3010_CSF_3.xlsx,10a_1..25/2023_11_01_CGNs_isolated3010_CSF_3.xlsx,10a,SMA,1_25,ROI_018,S,0.003937007874015748,False,1.246376535053206,8.825142947459327,102.0,25.835011574205602,1,False,True,0.02225375706350422,-0.08767053029033273,0.13217804441734116,1.0382046871919277,1.0043429017938574,1.072066472589998,8.642854142489806,8.26242226083927,9.023286024140344,0.17420004605510356,0.09619621727811943,0.25220387483208767,101.10502253959793,-22.87158567953928,225.08163075873512,0.9984564533053731,0.8563185697992406,True,True,3.169830403678743,21.72549047935422,260.0,91.02909361633411,1,False,True,0.04746993810605583,-0.5690280326520487,0.6639679088641603,3.6168699419819457,3.3678346037057967,3.8659052802580947,15.677694411396223,14.125803110047205,17.22958571274524,0.0005073469346810311,-0.3891126283557937,0.3901273222251557,171.34329158562605,-439129.6589907234,439472.3455738946,0.979542221755651,0.9998597472991729,True,True,False,,False,,True,True,False,,Sheet2,Sheet3,Sheet4,Sheet7,Sheet8
patient_10a_exp_1,2023_11_01_CGNs_isolated3010_CSF_3.xlsx,10a_1..25/2023_11_01_CGNs_isolated3010_CSF_3.xlsx,10a,SMA,1_25,ROI_019,T,0.02283464566929134,False,1.5701155547012782,7.64748113933932,102.0,21.850247505745486,1,False,True,3.789129870906984e-14,,,1.4268881658293857,1.3996067930212361,1.4541695386375353,9.140337379620592,8.802332032470455,9.478342726770729,0.10243325531387974,0.0747296750620857,0.1301368355656738,100.00000266926646,55.1324616805608,144.86754365797213,0.9972465205296773,0.9330204534522871,True,True,2.850634960604314,26.23803087969455,259.0,92.26872583160781,1,False,True,3.98770095572066e-06,-0.08218825203196259,0.08219622743387403,3.1999099423904696,2.9674868359538222,3.432333048827117,23.09675279881977,21.242398950421393,24.95110664721815,8.151928771523818e-08,-0.2413841758276577,0.24138433886623312,100.00001959481193,-317108675.26573133,317108875.26577055,0.986024915526932,0.9999999745245063,True,True,False,,False,,True,True,False,,Sheet2,Sheet3,Sheet4,Sheet7,Sheet8
patient_10a_exp_1,2023_11_01_CGNs_isolated3010_CSF_3.xlsx,10a_1..25/2023_11_01_CGNs_isolated3010_CSF_3.xlsx,10a,SMA,1_25,ROI_020,U,0.17716535433070865,False,1.1305208645466487,10.660676404766406,102.0,19.756383506176537,1,False,True,1.475496775571634e-07,-0.24031930312842154,0.24031959822777665,1.0485698481313404,0.9269277457537143,1.1702119505089665,13.037044598759584,11.700903596478978,14.37318560104019,0.06824482239418753,-0.05786486966169463,0.19435451445006968,100.00000015789011,-669.2000801065537,869.2000804223339,0.9970759798495122,0.9388933328015163,True,True,0.6361957005527197,26.06509911692268,258.0,18.072047500960707,1,False,True,1.4579962447179805e-09,,,0.7298368072356416,0.714309500099352,0.7453641143719312,21.42390246795274,20.73108161852721,22.11672331737827,5.430224523027104e-12,,,100.00000010238014,-26569685027.1072,26569685227.1072,0.9802919546008537,0.9999999999925597,True,True,False,,False,,True,True,False,,Sheet2,Sheet3,Sheet4,Sheet7,Sheet8
patient_10a_exp_1,2023_11_01_CGNs_isolated3010_CSF_3.xlsx,10a_1..25/2023_11_01_CGNs_isolated3010_CSF_3.xlsx,10a,SMA,1_25,ROI_021,V,0.007086614173228346,False,4.095522128545941,12.638770381419803,102.0,72.93140853298587,1,False,True,0.058362549279307986,-864.8439131310784,864.960638229637,4.329201546482367,3.9288172859396595,4.729585807025075,13.32932558353875,11.916144101982205,14.742507065095296,0.0076169927399884155,-864.4838111482677,864.4990451337476,2572.298958214808,-301280868.5301905,301286013.128107,0.9941469076431293,0.9982436450427657,True,True,4.289025446399284,37.99879044958513,256.0,211.51416143106627,1,False,True,1.3030897424251992e-11,,,4.936659898399411,4.843325126149719,5.029994670649104,37.216697273549336,36.112262453476546,38.321132093622126,7.475034744878441e-13,,,100.00000000006327,,,0.9790820039795617,0.9999999999998486,True,True,False,,False,,True,True,False,,Sheet2,Sheet3,Sheet4,Sheet7,Sheet8
patient_10a_exp_1,2023_11_01_CGNs_isolated3010_CSF_3.xlsx,10a_1..25/2023_11_01_CGNs_isolated3010_CSF_3.xlsx,10a,SMA,1_25,ROI_022,W,0.007874015748031496,False,2.5402149061855623,11.925587645767337,102.0,53.443253829896655,1,False,True,1.288444817297259e-07,-0.3167969596536943,0.3167972173426578,2.217214769563282,2.0562453155424603,2.3781842235841033,13.074861870274155,12.23877173545988,13.910952005088431,0.2973350541286883,0.1316392087928153,0.46303089946456133,100.00000002208292,-132.95156223947407,332.9515622836399,0.9989538109486771,0.8817541607936293,True,True,3.4067143639175193,33.56709225876085,258.0,180.76263978402005,1,False,True,0.1922170700758771,0.10892614110147666,0.27550799905027756,3.6355207498091935,3.357482566595822,3.913558933022565,29.07027052898222,26.762962810480296,31.377578247484145,1.5675132354760982e-07,-0.33272991094508847,0.33273022444773553,100.00000704354476,-142484956.9282953,142485156.92830938,0.9905098638416963,0.9999999568833937,True,True,False,,False,,True,True,False,,Sheet2,Sheet3,Sheet4,Sheet7,Sheet8
patient_10a_exp_1,2023_11_01_CGNs_isolated3010_CSF_3.xlsx,10a_1..25/2023_11_01_CGNs_isolated3010_CSF_3.xlsx,10a,SMA,1_25,ROI_023,X,0.004724409448818898,False,1.756867021298281,12.849466593590904,102.0,43.714154694277894,1,False,True,0.002660499649086571,-0.19051095167811088,0.19583195097628403,1.4746003609936547,1.373824751170434,1.5753759708168753,13.344886217394949,12.558347341555264,14.131425093234634,0.2929428062710537,0.19422726736509682,0.39165834517701054,100.0359499553847,-45.1272568145275,245.1991567252969,0.999227592588557,0.8342655434410772,True,True,3.1470233003008126,32.201453696429866,257.0,168.94336085881517,1,False,True,0.20384268708748624,0.1361603417491537,0.27152503242581877,3.3207280225279154,3.1090240960513347,3.532431949004496,28.181028680938823,25.917812378240498,30.444244983637148,2.4886350849471768e-08,-0.2903179640830534,0.2903180138557551,100.00000101925279,-210307635.4685957,210307835.46859774,0.9884371607340092,0.9999999925057547,True,True,False,,False,,True,True,False,,Sheet2,Sheet3,Sheet4,Sheet7,Sheet8
patient_10a_exp_1,2023_11_01_CGNs_isolated3010_CSF_3.xlsx,10a_1..25/2023_11_01_CGNs_isolated3010_CSF_3.xlsx,10a,SMA,1_25,ROI_024,Y,0.08661417322834646,False,0.8824500378832145,6.900543257423422,102.0,10.470881894271258,1,False,True,2.5735001981356956e-08,-0.02011941102846331,0.02011946249846727,0.7926355552947475,0.7734822132165421,0.8117888973729529,8.966387991942934,8.503105887276694,9.429670096609174,0.04197562266618872,0.005202217474912646,0.07874902785746479,100.00000001378451,,,0.9929559763366023,0.9497063737287337,True,True,,,,12.804665780555084,0,False,False,,,,,,,,,,,,,,,,,,False,False,False,,False,,True,False,False,,Sheet2,Sheet3,Sheet4,Sheet7,Sheet8
patient_10a_exp_1,2023_11_01_CGNs_isolated3010_CSF_3.xlsx,10a_1..25/2023_11_01_CGNs_isolated3010_CSF_3.xlsx,10a,SMA,1_25,ROI_025,Z,0.03385826771653543,False,1.727556104726985,11.138383060525229,102.0,34.655077256231095,1,False,True,3.0504106154955267e-07,-0.36750441517717025,0.3675050252592934,1.4737070576333604,1.2682689548300425,1.6791451604366783,14.028461863422962,12.426750195186518,15.630173531659405,0.16578053840598872,-0.010090392827280165,0.34165146963925763,100.0000047656515,-396.38829262698266,596.3883021582857,0.9973413391438729,0.8988827126191873,True,True,2.7524192056360146,26.939942334494532,263.0,94.9255065227642,1,False,True,0.023342759467226963,-0.12927173354255206,0.175957252477006,3.0697259898252622,2.7318604918385923,3.407591487811932,19.69248763754811,17.714777889755634,21.670197385340582,1.7361451818967899e-06,-0.2279340220584852,0.227937494348849,100.00154037120056,-34033000.3937611,34033200.39684184,0.9921589354974624,0.9999994344302372,True,True,False,,False,,True,True,False,,Sheet2,Sheet3,Sheet4,Sheet7,Sheet8
patient_10a_exp_1,2023_11_01_CGNs_isolated3010_CSF_3.xlsx,10a_1..25/2023_11_01_CGNs_isolated3010_CSF_3.xlsx,10a,SMA,1_25,ROI_026,AA,0.014173228346456693,False,2.638572339452184,13.225926565225393,102.0,57.40924462931271,1,False,True,0.10001147954177098,-0.673945910863861,0.8739688699474029,2.6466080991030734,2.3103274655370267,2.98288873266912,14.382015404205378,12.873913954539077,15.890116853871678,0.043543282244418,-0.4074637131769163,0.4945502776657523,111.74940264752014,-4008.4507096256325,4231.949514920673,0.9975137256874386,0.983813817115895,True,True,3.2661314014416116,40.44998536847501,258.0,198.5103598581448,1,False,True,0.14804631545793073,0.10843953181459244,0.18765309910126904,3.6063863711802586,3.5344418719340758,3.6783308704264415,35.73737800382689,34.13829808612168,37.3364579215321,2.7972764637383837e-09,,,100.00000414747352,-1144079455.8585348,1144079655.858543,0.9788001470630381,0.9999999992243547,True,True,False,,False,,True,True,False,,Sheet2,Sheet3,Sheet4,Sheet7,Sheet8
patient_10a_exp_1,2023_11_01_CGNs_isolated3010_CSF_3.xlsx,10a_1..25/2023_11_01_CGNs_isolated3010_CSF_3.xlsx,10a,SMA,1_25,ROI_027,AB,0.01653543307086614,False,2.6969860771300405,8.704875033256599,102.0,43.27407082242132,1,False,True,0.06444612252782844,-0.04716208768348895,0.17605433273914584,2.5442299915936433,2.5054215888369873,2.5830383943502992,9.612381367141023,9.434465781929326,9.790296952352719,0.09401469657625554,0.01917257440742627,0.1688568187450848,100.46945294999223,-137.94053274855872,338.87943864854316,0.9997545852536119,0.9643646789102523,True,True,3.4201394834080667,29.19059899266071,259.0,164.4796425632282,1,False,True,0.14135994451574285,0.11863724111796968,0.164082647913516,3.393767564657274,3.3420914505006154,3.445443678813932,29.835319980442833,28.877742143897972,30.792897816987693,2.2965363931284205e-10,,,100.00000023851945,-2934654933.4696407,2934655133.4696417,0.9879102659052941,0.9999999999323308,True,True,False,,False,,True,True,False,,Sheet2,Sheet3,Sheet4,Sheet7,Sheet8
patient_10a_exp_1,2023_11_01_CGNs_isolated3010_CSF_3.xlsx,10a_1..25/2023_11_01_CGNs_isolated3010_CSF_3.xlsx,10a,SMA,1_25,ROI_028,AC,0.2637795275590551,False,1.1963375513425862,10.239085816917694,102.0,19.778617782398992,1,False,True,2.9958325215375965e-10,,,1.11346813491744,1.093386608334064,1.133549661500816,11.654682628629212,11.30959023146873,11.999775025789694,0.08254055520126259,0.060881429015117214,0.10419968138740797,100.00000340079441,61.201634904873764,138.79837189671505,0.9988048474876434,0.9309866593084114,True,True,1.4836664426301083,23.938836209191948,259.0,34.407460059081906,1,False,True,1.4854547614807887e-09,,,1.7382603102007896,1.698507265638633,1.7780133547629462,16.68436114672279,16.108938909736253,17.259783383709326,4.9281471236976013e-11,,,100.00000004822074,-838609238.8536085,838609438.8536085,0.9790353242151519,0.999999999971649,True,True,False,,False,,True,True,False,,Sheet2,Sheet3,Sheet4,Sheet7,Sheet8
patient_10a_exp_1,2023_11_01_CGNs_isolated3010_CSF_3.xlsx,10a_1..25/2023_11_01_CGNs_isolated3010_CSF_3.xlsx,10a,SMA,1_25,ROI_029,AD,0.01968503937007874,False,3.0613025908163207,10.465639247491538,102.0,51.84363452908138,1,False,True,0.10262247662174696,-0.37037702651729215,0.5756219797607861,3.0203558673519035,2.869008335591279,3.171703399112528,11.62095612944623,11.020481844374272,12.221430414518187,0.0005248814625186067,-0.3257328595545989,0.32678262247963613,113.39907244206067,-197477.64174246794,197704.43988735205,0.9987435468013921,0.9998262488637711,True,True,3.667218151020401,36.48040872532789,256.0,201.55077113316267,1,False,True,0.07038481577178073,-0.08412383992687349,0.22489347147043492,3.9700790010584104,3.0999910129476755,4.840166989169146,39.781238550609054,33.0024709822413,46.56000611897681,1.150341125244589e-07,-1.036420414792657,1.036420644860882,100.00000105603267,-192821580.6683044,192821780.6683065,0.9824165154996743,0.9999999710247305,True,True,False,,False,,True,True,False,,Sheet2,Sheet3,Sheet4,Sheet7,Sheet8
patient_10a_exp_1,2023_11_01_CGNs_isolated3010_CSF_3.xlsx,10a_1..25/2023_11_01_CGNs_isolated3010_CSF_3.xlsx,10a,SMA,1_25,ROI_030,AE,1.0,True,,,,-76.85442070591441,0,False,False,,,,,,,,,,,,,,,,,,False,False,,,,-130.67989859055788,0,False,False,,,,,,,,,,,,,,,,,,False,False,False,,False,,False,False,True,majority_negative_normalized_trace,Sheet2,Sheet3,Sheet4,Sheet7,Sheet8
patient_10a_exp_1,2023_11_01_CGNs_isolated3010_CSF_3.xlsx,10a_1..25/2023_11_01_CGNs_isolated3010_CSF_3.xlsx,10a,SMA,1_25,ROI_031,AF,0.011023622047244094,False,2.5896453849690504,9.807050308352657,102.0,73.58021004845251,1,False,True,0.2835175362548229,-563.0969928844405,563.6640279569502,2.395250770163717,2.0684312640344946,2.7220702762929396,9.517695247834267,7.5077069458474295,11.527683549821104,0.0022818984314525318,-563.0473759673123,563.0519397641751,2018.798594630858,-516385526.32965994,516389563.92684925,0.9496853939290597,0.9990482305157538,True,True,3.308947861361623,73.02067641933013,260.0,317.1002461283815,1,False,True,1.2877510719889725e-05,-0.9776113379962202,0.97763709301766,3.9418844984454053,-23.431878914892916,31.315647911783724,70.99624737438768,-74.08509307174245,216.0775878205178,1.5459935094510384e-08,-28.434813858331566,28.434813889251437,100.00000000077299,,,0.8794753637880187,0.9999999960780345,True,True,False,,False,,True,True,False,,Sheet2,Sheet3,Sheet4,Sheet7,Sheet8
patient_10a_exp_1,2023_11_01_CGNs_isolated3010_CSF_3.xlsx,10a_1..25/2023_11_01_CGNs_isolated3010_CSF_3.xlsx,10a,SMA,1_25,ROI_032,AG,0.005511811023622047,False,3.2197439041097633,10.886070369863205,102.0,60.440269020421475,1,False,True,0.02477595009627304,-0.31614556820624695,0.365697468398793,2.99645220866853,2.8482151115244005,3.1446893058126597,11.619451987451974,11.046477504454634,12.192426470449314,0.24390433326238492,0.04314833258794168,0.44466033393682813,100.19919995497963,-194.65907581553375,395.057475725493,0.9990273936889653,0.9247291678843949,True,True,3.457814217745286,21.89428365833936,254.0,124.53713139707233,1,False,True,0.12062883159326519,-0.06838714908499925,0.3096448122715296,3.705490260678456,3.1900746782199136,4.220905843136999,22.435619744898137,20.025011162640403,24.84622832715587,1.4593405725902989e-05,-0.36887097210090963,0.36890015891236144,100.00299833374659,-5420969.253572573,5421169.25956924,0.994380135872781,0.9999960616956931,True,True,False,,False,,True,True,False,,Sheet2,Sheet3,Sheet4,Sheet7,Sheet8
patient_10a_exp_1,2023_11_01_CGNs_isolated3010_CSF_3.xlsx,10a_1..25/2023_11_01_CGNs_isolated3010_CSF_3.xlsx,10a,SMA,1_25,ROI_033,AH,1.0,True,,,,-83.48770756897414,0,False,False,,,,,,,,,,,,,,,,,,False,False,,,,-122.59466195133182,0,False,False,,,,,,,,,,,,,,,,,,False,False,False,,False,,False,False,True,majority_negative_normalized_trace,Sheet2,Sheet3,Sheet4,Sheet7,Sheet8
patient_10a_exp_1,2023_11_01_CGNs_isolated3010_CSF_3.xlsx,10a_1..25/2023_11_01_CGNs_isolated3010_CSF_3.xlsx,10a,SMA,1_25,ROI_034,AI,0.012598425196850394,False,2.5795604712940183,8.808323667281812,102.0,41.16618066879503,1,False,True,0.06538984839521673,-0.07533306828074389,0.20611276507117737,2.4845954491244404,2.4371851469277805,2.5320057513211003,9.508382032641135,9.285302849446326,9.731461215835944,0.07253225664147504,-0.023211569661154396,0.16827608294410448,101.3103770724318,-288.4005654282332,491.0213195730969,0.9995894170774464,0.9716352622992093,True,True,3.107129369474981,24.822361768869655,256.0,132.16626441952252,1,False,True,0.15872373969898293,0.13303961738208492,0.18440786201588094,3.400903541708337,3.33957262956718,3.4622344538494936,21.33952614919717,20.64101123346163,22.03804106493271,7.3702324745355315e-09,,,100.00000369028388,-689427117.437945,689427317.4379524,0.9863097474542938,0.9999999978328605,True,True,False,,False,,True,True,False,,Sheet2,Sheet3,Sheet4,Sheet7,Sheet8
patient_10a_exp_1,2023_11_01_CGNs_isolated3010_CSF_3.xlsx,10a_1..25/2023_11_01_CGNs_isolated3010_CSF_3.xlsx,10a,SMA,1_25,ROI_035,AJ,0.21023622047244095,False,1.9649890182754555,12.32807477125101,102.0,38.57265426285703,1,False,True,5.606836980762028e-07,-0.24765513023503985,0.247656251602436,1.8301320290898349,1.687170151322626,1.9730939068570437,14.355233052673094,13.458201611127041,15.252264494219148,0.1373972975802183,0.022757608832484955,0.25203698632795163,100.00000804634945,-306.929346106191,506.92936219888986,0.9992340148645925,0.9301675986640786,True,True,2.850900261001755,30.15910551607078,261.0,99.28092991319339,1,False,True,4.8336398221954956e-08,-0.021219447649581905,0.021219544322378346,3.294545782413799,3.2340253190526655,3.3550662457749323,23.76693254513034,22.9252776328566,24.608587457404084,3.033709854149297e-09,,,100.00000036193916,-353486779.0210191,353486979.0210198,0.9846169760967791,0.999999999079172,True,True,False,,False,,True,True,False,,Sheet2,Sheet3,Sheet4,Sheet7,Sheet8
patient_10a_exp_1,2023_11_01_CGNs_isolated3010_CSF_3.xlsx,10a_1..25/2023_11_01_CGNs_isolated3010_CSF_3.xlsx,10a,SMA,1_25,ROI_036,AK,0.28976377952755905,False,1.4732074920343814,13.022479751505841,102.0,32.17583201329495,1,False,True,0.025280344700754086,-0.20001984612080878,0.25058053552231696,1.3945252851406182,1.256964405389293,1.5320861648919435,15.015501435583523,13.882523167801867,16.14847970336518,0.0819828150121258,-0.015897834012484985,0.1798634640367366,100.30256331597127,-530.8161424238427,731.4212690557853,0.9990357290915574,0.9444752013188111,True,True,2.541491175243549,25.755582569218063,263.0,71.10097895977046,1,False,True,2.099637363527515e-12,,,2.921764363835252,2.8719847597670074,2.971543967903497,20.58432812639705,20.051842323390517,21.116813929403584,6.662570465429848e-13,,,100.0000000000369,,,0.9872524646569172,0.999999999999772,True,True,False,,False,,True,True,False,,Sheet2,Sheet3,Sheet4,Sheet7,Sheet8
patient_10a_exp_1,2023_11_01_CGNs_isolated3010_CSF_3.xlsx,10a_1..25/2023_11_01_CGNs_isolated3010_CSF_3.xlsx,10a,SMA,1_25,ROI_037,AL,0.029133858267716535,False,2.2651168430048205,8.963070221234474,102.0,36.68362312170897,1,False,True,0.043197089263243754,-0.14805746332318792,0.23445164184967543,2.1599156983401038,2.092166624636501,2.2276647720437066,9.751622431797403,9.385964907305858,10.117279956288947,0.09563218470121727,-0.03143283415756705,0.2226972035600016,100.33348832530922,-302.5202262916158,503.1872029422343,0.999038591468832,0.9576013502438843,True,True,2.5403922844934486,29.86125968870701,261.0,106.81982386602301,1,False,True,0.07802556062819767,0.06746444776633873,0.08858667349005661,2.6288531704648737,2.5985541214032253,2.659152219526522,23.795074207235167,23.262537440646128,24.327610973824207,2.8951715152975347e-12,,,100.00000000856201,,,0.9935633438415196,0.9999999999988988,True,True,False,,False,,True,True,False,,Sheet2,Sheet3,Sheet4,Sheet7,Sheet8
patient_10a_exp_1,2023_11_01_CGNs_isolated3010_CSF_3.xlsx,10a_1..25/2023_11_01_CGNs_isolated3010_CSF_3.xlsx,10a,SMA,1_25,ROI_038,AM,0.0015748031496062992,False,2.9356369192711167,7.8355822582283,102.0,38.51328858707879,1,False,True,1.6171687841895954e-09,,,2.803570186720611,2.7753282700935897,2.8318121033476324,8.432594830529036,8.262527383151442,8.60266227790663,0.16091265501838373,0.13326064763640097,0.18856466240036648,100.00000075654509,70.49526887690742,129.50473263618278,0.9990694562747761,0.9457198224416132,True,True,4.10361786504693,18.857281939010107,254.0,157.5303182414132,1,False,True,0.1766178455817018,0.1181206454356746,0.23511504572772898,4.047397004409134,3.9228096823297194,4.171984326488548,17.416630896777132,16.363189944971793,18.47007184858247,0.28310041781686257,0.10313035170451618,0.46307048392920896,100.00000000929407,,,0.9857960973382003,0.9346263511522099,True,True,False,,False,,True,True,False,,Sheet2,Sheet3,Sheet4,Sheet7,Sheet8
patient_10a_exp_1,2023_11_01_CGNs_isolated3010_CSF_3.xlsx,10a_1..25/2023_11_01_CGNs_isolated3010_CSF_3.xlsx,10a,SMA,1_25,ROI_039,AN,0.0015748031496062992,False,3.649211565767873,11.413909107416316,102.0,57.836115192027954,1,False,True,0.03654589687044898,-1.157112438648445,1.2302042323893432,3.8540260891380105,3.4326262414072537,4.275425936868768,12.178755105383392,10.876523809722547,13.480986401044236,0.004076709248864487,-0.7825222026934608,0.7906756211911898,111.47505898189463,-64497.89574840193,64720.845866365715,0.9954010438121037,0.9989433383551706,True,True,4.018040891910897,31.312499547401984,254.0,198.1397980543958,1,False,True,0.14545762478174082,-0.2690587702830137,0.5599740198464953,4.42078715626015,2.293717251453068,6.547857061067233,31.73526962168608,23.667738686899476,39.80280055647268,1.310154243612863e-06,-1.8095005788119116,1.8095031991203987,100.00003589036153,-166304353.35026821,166304553.35033998,0.9825297346596427,0.9999997036378796,True,True,False,,False,,True,True,False,,Sheet2,Sheet3,Sheet4,Sheet7,Sheet8
patient_10a_exp_1,2023_11_01_CGNs_isolated3010_CSF_3.xlsx,10a_1..25/2023_11_01_CGNs_isolated3010_CSF_3.xlsx,10a,SMA,1_25,ROI_040,AO,0.031496062992125984,False,3.7793137765592837,9.083765043064318,102.0,59.76915267388607,1,False,True,0.1244591929236349,-0.217909241828822,0.46682762767609176,3.698611762137772,3.603119376359204,3.79410414791634,9.957570647324209,9.648175317038936,10.266965977609482,0.00926996347752329,-0.24078596210799857,0.25932588906304516,111.7888165495704,-7656.209998376742,7879.787631475883,0.9993086230642687,0.9974999301047055,True,True,4.36882718903358,25.775119214799446,253.0,212.1857673250168,1,False,True,0.2707395047934932,0.2317765530600628,0.3097024565269235,4.704111459699734,4.603358195174152,4.804864724225317,26.096748416841493,24.970496652383716,27.22300018129927,4.4030642412667574e-10,,,100.00000024600227,-5298134562.713125,5298134762.713125,0.9774200384693504,0.9999999999063997,True,True,False,,False,,True,True,False,,Sheet2,Sheet3,Sheet4,Sheet7,Sheet8
patient_10a_exp_1,2023_11_01_CGNs_isolated3010_CSF_3.xlsx,10a_1..25/2023_11_01_CGNs_isolated3010_CSF_3.xlsx,10a,SMA,1_25,ROI_041,AP,0.014173228346456693,False,3.9018826041031,12.515347979823801,102.0,72.42309004986836,1,False,True,0.0733521669542773,-2208.474207253517,2208.620911587426,4.139214506776518,3.7015691494758323,4.5768598640772025,12.385691604057282,10.73897948368407,14.032403724430495,0.011545430206287625,-2208.08002402046,2208.1031148808725,3771.8778235085747,-736569885.9228902,736577429.6785371,0.9889783970594681,0.9972184779699209,True,True,3.8760416706996286,39.412599201789874,253.0,221.39658224302968,1,False,True,0.044504456550471715,-0.019414561615500016,0.10842347471644345,4.392223724344279,4.293144244140219,4.491303204548339,42.1085680820863,39.73413218278642,44.48300398138618,2.1730325092355322e-11,,,100.00000001002142,,,0.9699188970996482,0.9999999999950526,True,True,False,,False,,True,True,False,,Sheet2,Sheet3,Sheet4,Sheet7,Sheet8
patient_10a_exp_1,2023_11_01_CGNs_isolated3010_CSF_3.xlsx,10a_1..25/2023_11_01_CGNs_isolated3010_CSF_3.xlsx,10a,SMA,1_25,ROI_042,AQ,0.009448818897637795,False,4.181929467290963,8.716378025182962,102.0,57.31020623036763,1,False,True,0.08740507011312654,-0.35382979988562513,0.5286399401118782,4.229828457615805,4.114061806682894,4.345595108548716,9.309268334072947,8.981621363925681,9.636915304220212,0.004494778352133312,-0.325211618876635,0.3342011755809016,111.45805470654163,-20217.720970757207,20440.63708017029,0.998951069651981,0.9989384895527217,True,True,4.712905293913035,27.08907576179834,253.0,207.13904486902942,1,False,True,0.1600668228830895,-0.0045931776159049975,0.324726823382084,5.126211639907504,4.533066526516706,5.719356753298303,28.041287509754454,25.010867129382454,31.071707890126454,2.9125149014639024e-07,-0.6371694464244894,0.6371700289274697,100.00000990171121,-188614555.30753946,188614755.30755925,0.9833659026434081,0.9999999431838764,True,True,False,,False,,True,True,False,,Sheet2,Sheet3,Sheet4,Sheet7,Sheet8
patient_10a_exp_1,2023_11_01_CGNs_isolated3010_CSF_3.xlsx,10a_1..25/2023_11_01_CGNs_isolated3010_CSF_3.xlsx,10a,SMA,1_25,ROI_043,AR,0.003937007874015748,False,3.491850836752895,14.212977150421565,102.0,66.82142963175717,1,False,True,0.024242616696597375,-329.10230519929536,329.15079043268855,3.947028317288407,3.20827704890519,4.685779585671624,14.04729421683945,11.203792407007684,16.890796026671218,0.002796402265689799,-328.3668403141081,328.3724331186395,1210.8277532831544,-152405898.34569266,152408320.00119922,0.9825578314636458,0.9992920186427905,True,True,3.5327937520071324,32.73332756512201,255.0,167.4081544545936,1,False,True,0.05661044618082988,0.010645548830715217,0.10257534353094455,4.1542098251640995,4.0508820605438345,4.257537589784365,30.35240376691186,28.743890153425518,31.9609173803982,1.137563728585418e-11,,,100.00000004206093,-22043945141.080746,22043945341.080746,0.9679736368030685,0.9999999999972616,True,True,False,,False,,True,True,False,,Sheet2,Sheet3,Sheet4,Sheet7,Sheet8
patient_10a_exp_1,2023_11_01_CGNs_isolated3010_CSF_3.xlsx,10a_1..25/2023_11_01_CGNs_isolated3010_CSF_3.xlsx,10a,SMA,1_25,ROI_044,AS,0.014173228346456693,False,3.5781733846984642,13.126409005550641,102.0,66.03747556651643,1,False,True,0.049899555893461865,-414.2578677086818,414.35766682046875,3.964408812355223,3.4282995805455165,4.500518044164929,13.081870080303728,11.01986453797652,15.143875622630937,0.00581978862295915,-413.7498390401898,413.76147861743567,1533.6477030696315,-114967906.96321023,114970974.25861636,0.9868303690742808,0.998534142688528,True,True,3.5573518588658812,33.19271041252662,255.0,159.91801352403192,1,False,True,0.0018826795418977996,-0.05132398666136191,0.05508934574515752,4.327574713552747,4.210484426213888,4.4446650008916055,30.424807819038275,28.66084926137495,32.1887663767016,2.8765483197826793e-10,,,100.0000002865818,-12367549262.63043,12367549462.63043,0.962396154591078,0.9999999999335297,True,True,False,,False,,True,True,False,,Sheet2,Sheet3,Sheet4,Sheet7,Sheet8
patient_10a_exp_1,2023_11_01_CGNs_isolated3010_CSF_3.xlsx,10a_1..25/2023_11_01_CGNs_isolated3010_CSF_3.xlsx,10a,SMA,1_25,ROI_045,AT,0.14645669291338584,False,1.6234747444444426,12.194328527543632,102.0,36.753697281018404,1,False,True,0.03739017416013992,-0.10667107074590906,0.18145141906618892,1.4537097077474312,1.387775330688487,1.5196440848063755,13.070265794394423,12.5415266491473,13.599004939641546,0.15136502407168226,0.06993933250174698,0.23279071564161752,104.15643794661518,-105.97138060559509,314.28425649882547,0.9995515801575059,0.9056959647603869,True,True,3.396989837037034,22.912193716685522,263.0,89.12710490462939,1,False,True,1.4212871992141978e-08,,,3.8756489603555546,3.8081310245817073,3.943166896129402,17.24213208655234,16.78356884346738,17.7006953296373,2.207026979794803e-09,,,100.00000014679853,-2016549235.771079,2016549435.7710795,0.9871196273971208,0.99999999943054,True,True,False,,False,,True,True,False,,Sheet2,Sheet3,Sheet4,Sheet7,Sheet8
patient_10a_exp_1,2023_11_01_CGNs_isolated3010_CSF_3.xlsx,10a_1..25/2023_11_01_CGNs_isolated3010_CSF_3.xlsx,10a,SMA,1_25,ROI_046,AU,0.014960629921259842,False,1.2342605890295333,10.03137051928627,102.0,22.17122672911374,1,False,True,7.603974530780019e-12,,,1.089204680775111,1.0765121727820892,1.1018971887681328,11.239819508980947,10.959062085689041,11.520576932272853,0.12898000242950808,0.12110675599736147,0.1368532488616547,100.00000000123104,,,0.997411396814833,0.8941211425428478,True,True,3.2702816008438766,30.38996853987055,260.0,117.77072593586455,1,False,True,1.7984098496563955e-10,,,3.8005526318685683,3.712986926851716,3.8881183368854204,24.538673421706168,23.6751045116982,25.402242331714135,2.2839873435412126e-13,,,100.00000000088369,,,0.9745936440704335,0.9999999999999399,True,True,False,,False,,True,True,False,,Sheet2,Sheet3,Sheet4,Sheet7,Sheet8
patient_10a_exp_1,2023_11_01_CGNs_isolated3010_CSF_3.xlsx,10a_1..25/2023_11_01_CGNs_isolated3010_CSF_3.xlsx,10a,SMA,1_25,ROI_047,AV,0.1141732283464567,False,2.2266766352533893,6.914681688681881,102.0,26.813058561805654,1,False,True,1.2130839374056542e-09,,,2.0449158396507623,2.0142475321536115,2.075584147147913,8.225778593974256,7.97664546659947,8.474911721349043,0.1109240214740373,0.08127971781879575,0.14056832512927883,100.00136236647256,53.64415631408547,146.35856841885965,0.9978331512589087,0.9485471887433404,True,True,1.5575164907256458,25.779553366709422,263.0,54.3766087034286,1,False,True,0.033740848691747136,-0.056862364043066674,0.12434406142656095,1.6832348302558349,1.5136598394931922,1.8528098210184776,17.657461209086822,15.836615295836442,19.478307122337203,1.183148402727791e-05,-0.10730781765564369,0.10733148062369825,100.0001189443741,-2793603.4098636173,2793803.410101506,0.9886820247122489,0.9999929710337194,True,True,False,,False,,True,True,False,,Sheet2,Sheet3,Sheet4,Sheet7,Sheet8
patient_10a_exp_1,2023_11_01_CGNs_isolated3010_CSF_3.xlsx,10a_1..25/2023_11_01_CGNs_isolated3010_CSF_3.xlsx,10a,SMA,1_25,ROI_048,AW,0.014960629921259842,False,1.4248851774153068,9.483075743376887,102.0,26.880127921204497,1,False,True,2.5974085863354084e-07,-0.18028046950351354,0.1802809889852308,1.241186435649684,1.171306219824423,1.311066651474945,10.50156328838546,9.847100077436139,11.156026499334782,0.17538172311719308,0.061297541277104406,0.28946590495728175,100.00001395088988,-110.75841919269068,310.75844709447045,0.9980703280527792,0.8761925276720445,True,True,1.437485454454203,45.45145301729062,260.0,112.51188856863232,1,False,True,0.07389601944581872,-0.1435573710655982,0.2913494099572357,0.9543449213339024,0.5017495870239861,1.4069402556438186,28.863989855285507,19.868419920503804,37.85955979006721,0.5193444306988365,0.2525139672599493,0.7861748941377238,126.07501396878743,-64.32833791939248,316.47836585696734,0.988662263967197,0.6475889372597577,True,True,False,,False,,True,True,False,,Sheet2,Sheet3,Sheet4,Sheet7,Sheet8
patient_10a_exp_1,2023_11_01_CGNs_isolated3010_CSF_3.xlsx,10a_1..25/2023_11_01_CGNs_isolated3010_CSF_3.xlsx,10a,SMA,1_25,ROI_049,AX,0.004724409448818898,False,1.6005304362225095,5.825167626484401,102.0,21.579828974902963,1,False,True,1.3467279367918452e-11,,,1.3856550790500541,1.3618566610785992,1.4094534970215091,6.339402570380726,6.132056189521078,6.5467489512403745,0.1522887054630004,0.14329066090628276,0.16128675001971807,100.00000000056349,,,0.9943853467176805,0.9009790169208179,True,True,1.5811230447606726,43.72103384104665,260.0,91.97344717153943,1,False,True,0.06030902560172377,0.014131647844239294,0.10648640335920825,1.5707336370691591,1.1812274168741543,1.960239857264164,40.7718889054934,35.43094862758218,46.112829183404614,1.984519826004629e-07,-0.39177806439401147,0.3917784612979767,100.00000285049119,-115805884.899133,115806084.89913869,0.9939740076898926,0.9999998736565177,True,True,False,,False,,True,True,False,,Sheet2,Sheet3,Sheet4,Sheet7,Sheet8
patient_10a_exp_1,2023_11_01_CGNs_isolated3010_CSF_3.xlsx,10a_1..25/2023_11_01_CGNs_isolated3010_CSF_3.xlsx,10a,SMA,1_25,ROI_050,AY,0.0007874015748031496,False,2.006902094979646,11.156085339118007,102.0,51.98021457530522,1,False,True,0.20479955155543292,-0.15985478148757234,0.5694538845984382,1.8114198518767546,1.6460572342333553,1.976782469520154,11.971660705852475,10.916452533105813,13.026868878599137,0.00030004879238812975,-0.20829342348526889,0.20889352107004514,100.00004417378149,-258390.95979482407,258590.95988317166,0.9968942386899912,0.9998343845578572,True,True,1.961255807869741,34.43849868111559,260.0,100.02821920271354,1,False,True,0.06336415714201758,-0.0553974494270036,0.18212576371103878,2.0368043310671915,1.2992302362702635,2.7743784258641195,33.72392120089455,27.904206282481198,39.543636119307905,2.4728380818186567e-05,-0.6338576776281981,0.6339071343898346,100.00158426537371,-2821089.498375019,2821289.50154355,0.9976978470782087,0.9999878593735182,True,True,False,,False,,True,True,False,,Sheet2,Sheet3,Sheet4,Sheet7,Sheet8
patient_10a_exp_1,2023_11_01_CGNs_isolated3010_CSF_3.xlsx,10a_1..25/2023_11_01_CGNs_isolated3010_CSF_3.xlsx,10a,SMA,1_25,ROI_051,AZ,0.1015748031496063,False,1.6322547059728318,11.273333025567737,102.0,38.38260325073225,1,False,True,0.13559433215757186,-0.3858860758909236,0.6570747402060674,1.4552700343374667,1.1955521458187501,1.7149879228561833,12.949454457499934,10.891609656304729,15.00729925869514,0.013697198390658699,-0.2635881729017425,0.2909825696830599,100.28458663608907,-8203.217659869251,8403.78683314143,0.9922987634942999,0.9906756270082209,True,True,2.3118691131855216,25.488471587764536,258.0,94.33309546894202,1,False,True,5.6872863472119745e-06,-0.4500391561009199,0.4500505306736143,2.3126871090012338,2.138094872753316,2.4872793452491515,21.387380838882677,19.629702993351017,23.145058684414337,0.21728711406194992,-0.0655397136027446,0.5001139417266445,199.32617646096622,-646.940132825086,1045.5924857470184,0.9936379274507048,0.9141148901513835,True,True,False,,False,,True,True,False,,Sheet2,Sheet3,Sheet4,Sheet7,Sheet8
patient_10a_exp_1,2023_11_01_CGNs_isolated3010_CSF_3.xlsx,10a_1..25/2023_11_01_CGNs_isolated3010_CSF_3.xlsx,10a,SMA,1_25,ROI_052,BA,0.0031496062992125984,False,2.2264457950980345,12.841974215747328,102.0,51.53496011127425,1,False,True,0.00020784621181906405,-0.3128245920851963,0.31324028450883445,1.8801947769896494,1.7143460761624052,2.0460434778168937,13.499745049069594,12.484942521118537,14.51454757702065,0.33106963991166644,0.173335045443187,0.48880423438014586,100.03998796546828,-108.91444254552944,308.994418476466,0.9987633415488741,0.8502803928009657,True,True,2.4478525029411715,28.619738865999892,260.0,83.20231902352894,1,False,True,0.0021362179711636956,-0.11037850948839341,0.11465094543072081,2.805074882083264,2.476014600683143,3.134135163483385,22.000865844817792,19.618828924521093,24.38290276511449,1.7186648102954775e-07,-0.2683273672367418,0.26832771096970387,100.0010209089546,-260118893.541297,260119093.5433388,0.9851074181929083,0.9999999387301667,True,True,False,,False,,True,True,False,,Sheet2,Sheet3,Sheet4,Sheet7,Sheet8
patient_10a_exp_1,2023_11_01_CGNs_isolated3010_CSF_3.xlsx,10a_1..25/2023_11_01_CGNs_isolated3010_CSF_3.xlsx,10a,SMA,1_25,ROI_053,BB,0.0,False,1.7623176528301867,9.553566854155605,102.0,31.718179353773465,1,False,True,3.1938849020773293e-12,,,1.5781044965935125,1.55576667103488,1.6004423221521449,10.459176811145127,10.194901739436519,10.723451882853736,0.18658699220205932,0.16292226502111815,0.2102517193830005,100.00000141626595,80.21760393201414,119.78239890051775,0.9990020446891539,0.8942665086862249,True,True,2.9167485264150916,32.53978541123365,258.0,142.68223644339596,1,False,True,0.09520805677161648,0.07014219977820674,0.12027391376502622,3.2360086223183684,3.1778573017041807,3.294159942932556,29.25595252226979,28.151539275783513,30.36036576875607,2.9833702069642816e-09,,,100.00000806316042,-479068083.0542211,479068283.0542372,0.9832894556825325,0.999999999078071,True,True,False,,False,,True,True,False,,Sheet2,Sheet3,Sheet4,Sheet7,Sheet8
patient_10a_exp_1,2023_11_01_CGNs_isolated3010_CSF_3.xlsx,10a_1..25/2023_11_01_CGNs_isolated3010_CSF_3.xlsx,10a,SMA,1_25,ROI_054,BC,0.06535433070866142,False,1.3862673583429221,11.924272370590472,102.0,36.60657367917142,1,False,True,4.898786348770886e-11,,,1.0223226464278354,0.9853314491647754,1.0593138436908953,11.540056114447117,10.848810124535792,12.231302104358441,0.3180722219391854,0.27821892614733706,0.3579255177310337,100.0000000509155,81.38067205031099,118.61932805152001,0.9962022416837504,0.762702596491818,True,True,0.9705387930955113,32.979093145975696,259.0,52.46872856064434,1,False,True,0.046414256759336525,-0.04014733619231417,0.13297584971098722,0.9130510395261006,0.49878508445942155,1.3273169945927796,30.084951224461356,22.63225588527918,37.537646563643534,0.0660730889272349,-0.27453866325494813,0.40668484110941794,100.00002418744131,-587.490683679004,787.4907320538866,0.9924740810289169,0.9325181690378659,True,True,False,,False,,True,True,False,,Sheet2,Sheet3,Sheet4,Sheet7,Sheet8
patient_10a_exp_1,2023_11_01_CGNs_isolated3010_CSF_3.xlsx,10a_1..25/2023_11_01_CGNs_isolated3010_CSF_3.xlsx,10a,SMA,1_25,ROI_055,BD,0.11496062992125984,False,2.118155785714283,7.002430669801228,102.0,23.411959919523703,1,False,True,2.434587053120892e-06,-0.10871001863550318,0.10871488780960943,2.045766412742064,2.0144913330174314,2.0770414924666967,7.757716699655425,7.5814549530455,7.933978446265351,0.06953926950002633,-0.010156870952023778,0.14923540995207643,100.0000023243801,-199.19519763875076,399.19520228751094,0.9994005606598347,0.9671256641137941,True,True,3.358638681904759,24.185850189797378,255.0,123.57926173904735,1,False,True,0.06897678022506228,0.04532184275945488,0.09263171769066966,3.814517625060604,3.7416586635639804,3.887376586557228,21.992773860394312,21.19656674125977,22.788980979528855,1.726754779479721e-12,,,100.00000000793445,,,0.9829548355509928,0.9999999999995474,True,True,False,,False,,True,True,False,,Sheet2,Sheet3,Sheet4,Sheet7,Sheet8
patient_10a_exp_1,2023_11_01_CGNs_isolated3010_CSF_3.xlsx,10a_1..25/2023_11_01_CGNs_isolated3010_CSF_3.xlsx,10a,SMA,1_25,ROI_056,BE,0.0015748031496062992,False,3.7909484908045914,13.388975785629029,102.0,67.48486306724112,1,False,True,0.018166500717197654,-2.589453075435285,2.6257860768696806,4.0711157703451075,3.32934278157644,4.8128887591137754,14.06081252154192,11.807804653283425,16.313820389800412,0.001633532513125097,-1.8776386643256424,1.8809057293518927,130.84395544985,-387243.87363146467,387505.5615423644,0.9930058777777793,0.9995989115971419,True,True,4.0368477735632124,47.730769820992634,258.0,237.70719981436721,1,False,True,0.0076995327119996175,-0.37158354748173594,0.3869826129057352,4.615181708361366,2.525179622632263,6.705183794090468,40.66913284633868,26.316714824530553,55.021550868146804,7.940946153762277e-08,-2.524619285181033,2.5246194439999563,100.00000358027754,-437232479.5985194,437232679.59852654,0.9297888734407687,0.9999999827938606,True,True,False,,False,,True,True,False,,Sheet2,Sheet3,Sheet4,Sheet7,Sheet8
patient_10a_exp_1,2023_11_01_CGNs_isolated3010_CSF_3.xlsx,10a_1..25/2023_11_01_CGNs_isolated3010_CSF_3.xlsx,10a,SMA,1_25,ROI_057,BF,0.046456692913385826,False,1.486330553342174,11.044821834470369,102.0,31.858694166478294,1,False,True,1.0915665429270943e-08,,,1.2854749922862176,1.2666722647419657,1.3042777198304696,11.611634721991532,11.331915695220243,11.891353748762821,0.21285313122168253,0.1925813957563606,0.23312486668700447,100.0011983281688,85.89270413458345,114.10969252175414,0.999280340947811,0.8579395741946372,True,True,0.8384996287147438,34.934996396152286,258.0,50.45759769560692,1,False,True,0.04743185952255989,-0.11320187762315691,0.20806559666827668,0.7864249967146366,0.5230790978120552,1.049770895617218,31.70302383474986,24.97571509936893,38.43033257013079,0.08087820152083353,-0.0433457393306029,0.20510214237226995,144.18652918340345,-782.6477231669393,1071.0207815337462,0.9925205781612418,0.9067474884384372,True,True,False,,False,,True,True,False,,Sheet2,Sheet3,Sheet4,Sheet7,Sheet8
patient_10a_exp_1,2023_11_01_CGNs_isolated3010_CSF_3.xlsx,10a_1..25/2023_11_01_CGNs_isolated3010_CSF_3.xlsx,10a,SMA,1_25,ROI_058,BG,0.028346456692913385,False,3.10719186565656,10.189573526487436,102.0,59.23111040404014,1,False,True,0.00046779503107362264,-5.019696624293616,5.0206322143557625,2.938140923891947,2.5122216190914406,3.3640602286924537,9.083477624311984,7.1899521314055335,10.977003117218434,0.36059564184979015,-4.235486535564966,4.956677819264546,180.79689103693931,-3512.176752150156,3873.770534224035,0.9600057175935466,0.8906867418287739,True,True,3.692942181818175,38.30158773279973,256.0,170.0790634984843,1,False,True,9.630112029658697e-10,,,4.373360483557783,4.272717318491314,4.474003648624252,34.808493352029416,33.55854909922438,36.05843760483445,3.690306114114873e-10,,,100.00000000363916,,,0.9710094479052015,0.9999999999156184,True,True,False,,False,,True,True,False,,Sheet2,Sheet3,Sheet4,Sheet7,Sheet8
patient_10a_exp_1,2023_11_01_CGNs_isolated3010_CSF_3.xlsx,10a_1..25/2023_11_01_CGNs_isolated3010_CSF_3.xlsx,10a,SMA,1_25,ROI_059,BH,0.029921259842519685,False,1.604195637058908,8.624819398299778,102.0,27.58537789221402,1,False,True,2.0049937392589614e-10,,,1.421604168994696,1.4048867832874499,1.4383215547019423,8.941960041928915,8.736456588573294,9.147463495284537,0.18436870405154843,0.1675466210819443,0.20119078702115256,100.00002041478945,84.71832626472471,115.28171456485418,0.9989715553424782,0.8851981206246442,True,True,1.2706378182692648,24.233974153961157,263.0,49.41536403332857,1,False,True,1.4573433858205748e-06,-0.051627469581030365,0.05163038426780201,1.1064203884037538,1.0312202969372086,1.181620479870299,14.576133603676857,13.320350163160564,15.83191704419315,0.2464466823518975,0.20230655591229996,0.29058680879149507,100.00004042415618,29.978538537078407,170.02154231123396,0.9911751452213132,0.8178337785882811,True,True,False,,False,,True,True,False,,Sheet2,Sheet3,Sheet4,Sheet7,Sheet8
patient_10a_exp_1,2023_11_01_CGNs_isolated3010_CSF_3.xlsx,10a_1..25/2023_11_01_CGNs_isolated3010_CSF_3.xlsx,10a,SMA,1_25,ROI_060,BI,0.003937007874015748,False,2.2354701615329993,6.986518377064726,102.0,31.900944423562684,1,False,True,3.078847286499628e-10,,,1.9754336275729207,1.9426164499001979,2.0082508052456434,7.843049679036044,7.576175889922652,8.109923468149436,0.1932911433262627,0.16240349220169958,0.22417879445082584,100.00000001597527,71.74700383588852,128.25299619606204,0.9972521416443992,0.9108733639602773,True,True,2.4207903341376835,19.36400757861219,260.0,70.57149672789188,1,False,True,0.02551482945912248,-6.047728802803357,6.0987584617216015,2.6483659245464164,2.5534796263347754,2.7432522227580574,13.8690246485906,12.925952130872238,14.812097166308961,0.059742776931704954,-5.923115248545706,6.042600802409115,732.3355591707152,-87980.70745335621,89445.37857169766,0.9833005119233819,0.9779392987810657,True,True,False,,False,,True,True,False,,Sheet2,Sheet3,Sheet4,Sheet7,Sheet8
patient_10a_exp_1,2023_11_01_CGNs_isolated3010_CSF_3.xlsx,10a_1..25/2023_11_01_CGNs_isolated3010_CSF_3.xlsx,10a,SMA,1_25,ROI_061,BJ,0.010236220472440945,False,1.7672265252263906,6.57200215839319,102.0,26.664884516946948,1,False,True,4.209439104794002e-09,,,1.5188729450727187,1.4940785028009422,1.5436673873444953,7.0029379652959864,6.7636247026591025,7.24225122793287,0.19795299176831058,0.17624931305830732,0.21965667047831383,100.00000355509647,79.76424075530267,120.23576635489027,0.9969859365907529,0.884698275159714,True,True,1.8096936486416555,23.307140666906065,265.0,68.99444365899093,1,False,True,0.030926959308283417,-3.5051677180067307,3.5670216366232976,1.9005404462916087,1.8565835248058131,1.9444973677774042,12.928157955542877,12.33841548020459,13.517900430881165,0.08901691210683006,-3.4066748372373103,3.5847086614509704,812.547210723979,-36896.16883977273,38521.26326122068,0.9915605736398225,0.955257931252363,True,True,False,,False,,True,True,False,,Sheet2,Sheet3,Sheet4,Sheet7,Sheet8
patient_10a_exp_1,2023_11_01_CGNs_isolated3010_CSF_3.xlsx,10a_1..25/2023_11_01_CGNs_isolated3010_CSF_3.xlsx,10a,SMA,1_25,ROI_062,BK,0.05433070866141732,False,1.5180598654252007,6.859126211988411,102.0,20.89902652960886,1,False,True,4.064996674619565e-11,,,1.2786587239515492,1.2501142813831467,1.3072031665199517,8.728767556944586,8.335243363649868,9.122291750239304,0.1256897476633817,0.11170533400358189,0.1396741613231815,100.00000000028074,,,0.9903815994826516,0.9104996016274759,True,True,,,,16.17623818895083,0,False,False,,,,,,,,,,,,,,,,,,False,False,False,,False,,True,False,False,,Sheet2,Sheet3,Sheet4,Sheet7,Sheet8
patient_10a_exp_1,2023_11_01_CGNs_isolated3010_CSF_3.xlsx,10a_1..25/2023_11_01_CGNs_isolated3010_CSF_3.xlsx,10a,SMA,1_25,ROI_063,BL,0.14881889763779527,False,2.029516211012947,8.024906246664727,102.0,28.822706763708048,1,False,True,2.9950184375578915e-11,,,1.8819612679228968,1.8668853650328447,1.8970371708129488,8.844846772739961,8.701337008584929,8.988356536894994,0.13975466325477187,0.132281699864426,0.14722762664511774,100.0000000030242,,,0.9987013012964333,0.9308732443071943,True,True,2.9334381111879804,21.9849708723944,256.0,82.59890691200594,1,False,True,5.277244601340473e-05,-0.03459688275251286,0.03470242764453967,3.2629972038182986,3.169834356043804,3.356160051592793,20.393093078857728,19.551692473151416,21.23449368456404,3.0662740299681234e-08,-0.10939824429721935,0.10939830562269996,100.00009245687278,-281931306.5827113,281931506.5828962,0.9952908640781682,0.9999999906028911,True,True,False,,False,,True,True,False,,Sheet2,Sheet3,Sheet4,Sheet7,Sheet8
patient_10a_exp_1,2023_11_01_CGNs_isolated3010_CSF_3.xlsx,10a_1..25/2023_11_01_CGNs_isolated3010_CSF_3.xlsx,10a,SMA,1_25,ROI_064,BM,0.023622047244094488,False,2.658400949968006,9.520420402008241,102.0,46.78494023544444,1,False,True,0.01188585736667563,-0.20297860953855826,0.22675032427190953,2.4595454483523937,2.377838936071807,2.5412519606329806,10.410894483121018,10.024209748131085,10.79757921811095,0.20721353172038506,0.0698219709584725,0.34460509248229765,100.37760502607703,-111.98620080110867,312.7414108532627,0.9992426855488987,0.9222976154692728,True,True,3.0757980509276983,45.198881468151825,256.0,173.1645257177218,1,False,True,5.857781401589248e-07,-0.032071980278035817,0.03207315183431614,3.268145669871248,3.2245221039738263,3.3117692357686694,46.55386771584955,44.99324650785662,48.11448892384248,3.925177278052578e-09,,,100.00000007847046,-714040713.1659558,714040913.165956,0.9900223555463992,0.999999998798959,True,True,False,,False,,True,True,False,,Sheet2,Sheet3,Sheet4,Sheet7,Sheet8
patient_10a_exp_1,2023_11_01_CGNs_isolated3010_CSF_3.xlsx,10a_1..25/2023_11_01_CGNs_isolated3010_CSF_3.xlsx,10a,SMA,1_25,ROI_065,BN,0.2929133858267717,False,1.2887215618942323,13.19186897142184,102.0,34.22332162302068,1,False,True,2.8193094064303146e-06,-0.03452999793529513,0.034535636554108,0.9320916418592682,0.8961144884307074,0.968068795287829,14.076217284684512,13.146910874154216,15.005523695214809,0.282462916612704,0.20971663583945582,0.3552091973859522,100.00000000057798,,,0.9955595847350258,0.767434970588666,True,True,,,,10.687127881495329,0,False,False,,,,,,,,,,,,,,,,,,False,False,False,,False,,True,False,False,,Sheet2,Sheet3,Sheet4,Sheet7,Sheet8
patient_10a_exp_1,2023_11_01_CGNs_isolated3010_CSF_3.xlsx,10a_1..25/2023_11_01_CGNs_isolated3010_CSF_3.xlsx,10a,SMA,1_25,ROI_066,BO,0.030708661417322834,False,2.1634862354509186,10.468888045951857,102.0,35.865378568041066,1,False,True,2.62141359563383e-10,,,2.058331989365326,2.032227880510574,2.084436098220078,12.256246753837692,12.012038504539708,12.500455003135675,0.1169054348349432,0.08863436007595948,0.14517650959392692,100.00005525996048,65.16537789444438,134.8347326254766,0.9994953382060835,0.9462562414868695,True,True,2.6755142988962564,29.12971737601498,258.0,104.88023414685838,1,False,True,0.030833826634229393,0.004607129621114571,0.057060523647344215,3.0964717742572656,3.0329190007565683,3.160024547757963,23.774805342659786,22.874941529679667,24.674669155639904,7.977331261825298e-09,,,100.00000700145094,-579100824.3766909,579101024.3767049,0.9818046766458578,0.9999999974237352,True,True,False,,False,,True,True,False,,Sheet2,Sheet3,Sheet4,Sheet7,Sheet8
patient_10a_exp_1,2023_11_01_CGNs_isolated3010_CSF_3.xlsx,10a_1..25/2023_11_01_CGNs_isolated3010_CSF_3.xlsx,10a,SMA,1_25,ROI_067,BP,0.01811023622047244,False,2.4588854230137387,6.722776835811416,102.0,29.704627928063047,1,False,True,2.821001907925775e-10,,,2.2561286602642263,2.2325332251480727,2.27972409538038,7.871367390276755,7.708668815121895,8.034065965431616,0.12822439846159642,0.11764851105953494,0.1388002858636579,100.00000000003774,,,0.9977514577072923,0.9462225621359454,True,True,2.779019680317046,32.58065141090157,256.0,117.52333573296276,1,False,True,1.2260536041829734e-08,,,3.224892972231832,3.162125291680866,3.287660652782798,29.814331557056672,28.918959057455083,30.70970405665826,2.290796198935354e-12,,,100.000000000771,,,0.9800039887711115,0.9999999999992897,True,True,False,,False,,True,True,False,,Sheet2,Sheet3,Sheet4,Sheet7,Sheet8
patient_10a_exp_1,2023_11_01_CGNs_isolated3010_CSF_3.xlsx,10a_1..25/2023_11_01_CGNs_isolated3010_CSF_3.xlsx,10a,SMA,1_25,ROI_068,BQ,0.05275590551181102,False,2.4932424916064915,9.52642947902389,102.0,41.04493435471787,1,False,True,8.548983243039654e-06,-0.15367509581764074,0.15369219378412682,2.333950789277378,2.274921098928676,2.39298047962608,10.41789441663175,10.123812771840623,10.711976061422877,0.19070729681657883,0.0929441443131874,0.28847044931997023,100.00115057272903,-64.8809635309854,264.88326467644345,0.999563528224529,0.9244621290039188,True,True,3.7945740741647818,28.554755118321623,258.0,141.75284696287713,1,False,True,0.025414098296624995,-0.15490961817398596,0.20573781476723596,4.426240159595463,3.9081888600631305,4.944291459127795,23.55084503762227,20.760890439256713,26.34079963598783,2.9554788605958986e-07,-0.4865641128039541,0.4865647038997262,100.00055033757997,-237741537.48133853,237741737.4824392,0.982099392024562,0.9999999332282354,True,True,False,,False,,True,True,False,,Sheet2,Sheet3,Sheet4,Sheet7,Sheet8
patient_10a_exp_1,2023_11_01_CGNs_isolated3010_CSF_3.xlsx,10a_1..25/2023_11_01_CGNs_isolated3010_CSF_3.xlsx,10a,SMA,1_25,ROI_069,BR,0.008661417322834646,False,3.207022119628654,6.482050891531117,102.0,37.00887813884804,1,False,True,3.27598957681723e-09,,,2.9254628788921444,2.8854200463205775,2.9655057114637113,7.423640822594669,7.2128902378587245,7.634391407330613,0.16233755794138408,0.12589840051819967,0.19877671536456848,100.00019847328505,59.46048416071155,140.53991278585855,0.9978586526447513,0.9474261496938391,True,True,1.513414270387044,26.300527897481516,253.0,63.36508118211575,1,False,True,0.042178006121305636,-0.1463711003519096,0.2307271125945209,1.6088056130792914,0.7339135272938956,2.4836976988646873,29.714042250302583,20.75173038727966,38.6763541133255,2.442590293860302e-06,-0.7159576041018044,0.715962489282392,100.00016904686996,-39936543.797656216,39936743.79799431,0.985842908651239,0.9999984817391452,True,True,False,,False,,True,True,False,,Sheet2,Sheet3,Sheet4,Sheet7,Sheet8
patient_10a_exp_1,2023_11_01_CGNs_isolated3010_CSF_3.xlsx,10a_1..25/2023_11_01_CGNs_isolated3010_CSF_3.xlsx,10a,SMA,1_25,ROI_070,BS,0.0007874015748031496,False,2.7497463196212495,10.57133020052521,102.0,46.082293667753696,1,False,True,0.07793307718135943,-0.2644318778846932,0.4202980322474121,2.725296705978313,2.609571358288137,2.841022053668489,11.867936298845084,11.36111401512244,12.374758582567727,0.0036700827800081465,-0.22675357857520256,0.23409374413521888,112.02713583773735,-20365.805633949974,20589.859905625446,0.9992000898013734,0.9986551383493831,True,True,3.812442806943711,28.67638951037179,255.0,208.93612224134637,1,False,True,0.2984072309272805,,,4.024289780870633,,,26.787370413089114,,,5.1997066052100825e-11,,,100.00000001924023,,,0.9568900174334465,0.9999999999870793,True,True,False,,False,,True,True,False,,Sheet2,Sheet3,Sheet4,Sheet7,Sheet8
patient_10a_exp_1,2023_11_01_CGNs_isolated3010_CSF_3.xlsx,10a_1..25/2023_11_01_CGNs_isolated3010_CSF_3.xlsx,10a,SMA,1_25,ROI_071,BT,0.05275590551181102,False,2.186080247065794,10.156737586475018,102.0,35.32642362818105,1,False,True,3.35031850202481e-11,,,2.0316976559508855,2.0167681422067947,2.0466271696949763,12.139054197427656,11.944344695002341,12.333763699852971,0.11856706196950258,0.10858043310897691,0.12855369083002824,100.00000001048649,,,0.9989005714333938,0.9448593184916443,True,True,3.0475820776091993,31.184383281955263,258.0,122.97467973268357,1,False,True,1.3624979866201203e-05,-0.018499471299852115,0.01852672125958452,3.370196808609656,3.326788609774617,3.413605007444695,28.717245462964026,27.959144624049127,29.475346301878925,1.2887781417943158e-09,,,100.00000100857326,-832357378.3002785,832357578.3002805,0.9916754977159546,0.9999999996175957,True,True,False,,False,,True,True,False,,Sheet2,Sheet3,Sheet4,Sheet7,Sheet8
patient_10a_exp_1,2023_11_01_CGNs_isolated3010_CSF_3.xlsx,10a_1..25/2023_11_01_CGNs_isolated3010_CSF_3.xlsx,10a,SMA,1_25,ROI_072,BU,0.0984251968503937,False,1.3005557076465073,14.303710869344059,102.0,34.31023256640266,1,False,True,0.002123184881024082,-0.24251595053513453,0.2467623202971827,1.0959147709367656,0.941700150842866,1.2501293910306652,15.272444389637855,13.657924099652961,16.88696467962275,0.21540593063799934,0.11305204942609409,0.3177598118499046,100.02584206849315,-162.3604880304079,362.4121721673942,0.998490605559501,0.8357336001945836,True,True,0.8887460951313985,25.053218739319647,259.0,35.537187781283606,1,False,True,1.1180864629583293e-09,,,0.7367652209715695,0.6803350789259502,0.7931953630171887,23.544507588159856,21.620887024826317,25.468128151493396,0.1594703877916774,0.0991117833535812,0.21982899222977362,100.00000045551639,70.88053121889833,129.11946969213446,0.9937248171568568,0.8220664452155195,True,True,False,,False,,True,True,False,,Sheet2,Sheet3,Sheet4,Sheet7,Sheet8
patient_10a_exp_1,2023_11_01_CGNs_isolated3010_CSF_3.xlsx,10a_1..25/2023_11_01_CGNs_isolated3010_CSF_3.xlsx,10a,SMA,1_25,ROI_073,BV,0.32440944881889766,False,1.6810624781580266,7.87967394913376,102.0,21.009212294375487,1,False,True,6.16789711045474e-10,,,1.6078033679627008,1.5834326023874947,1.632174133537907,9.088068066125937,8.820888346729209,9.355247785522664,0.06953726882391213,0.04484674414107714,0.09422779350674712,100.00000065264238,40.947507138359306,159.05249416692547,0.9981856966891455,0.9585431442493821,True,True,2.639131622944852,20.537466771306384,256.0,54.41788430434054,1,False,True,3.054504089309563e-11,,,3.0958962023611485,3.022902299162186,3.168890105560111,16.302647500226065,15.721359174840737,16.883935825611395,1.5960457479045898e-12,,,100.00000000036758,,,0.9771888139213829,0.9999999999994844,True,True,False,,False,,True,True,False,,Sheet2,Sheet3,Sheet4,Sheet7,Sheet8
patient_10a_exp_1,2023_11_01_CGNs_isolated3010_CSF_3.xlsx,10a_1..25/2023_11_01_CGNs_isolated3010_CSF_3.xlsx,10a,SMA,1_25,ROI_074,BW,0.10551181102362205,False,1.9099514643114825,8.135097014448448,102.0,28.885925737256525,1,False,True,2.2181514499558053e-11,,,1.734886049856468,1.7125230275641328,1.7572490721488032,8.824602780153937,8.600982341291864,9.048223219016009,0.15258956313527833,0.13021628463376855,0.1749628416367881,100.00001705863967,75.30278667640829,124.69724744087105,0.9986627727181573,0.9191568028296716,True,True,1.9705260554162811,21.062287735036165,256.0,50.16902794767098,1,False,True,1.7343390038856667e-07,-0.02191689446200846,0.021917241329809233,2.1786322034983225,2.1414362115901873,2.215828195406458,19.302253725588525,18.784455919501045,19.820051531676004,7.905275181548948e-09,,,100.00000242103171,-692413737.9976444,692413937.9976492,0.9916157217177133,0.9999999963714503,True,True,False,,False,,True,True,False,,Sheet2,Sheet3,Sheet4,Sheet7,Sheet8
patient_10a_exp_1,2023_11_01_CGNs_isolated3010_CSF_3.xlsx,10a_1..25/2023_11_01_CGNs_isolated3010_CSF_3.xlsx,10a,SMA,1_25,ROI_075,BX,0.013385826771653543,False,1.852951152563152,8.578775841352325,102.0,28.676072042081746,1,False,True,0.031585711614689954,-0.17618222517627616,0.23935364840565607,1.7324788781567626,1.6563335923745157,1.8086241639390095,10.036902527978127,9.52498556124091,10.548819494715342,0.06791310172974113,-0.06769270261352986,0.20351890607301212,100.21961362660569,-520.2182875859397,720.6575148391511,0.998342361960255,0.962278713475483,True,True,3.7601702980820457,28.801983987122412,257.0,127.54577536639417,1,False,True,2.6279743405261216e-06,-0.10464406848501175,0.1046493244336928,4.275495707424507,3.9834894769287708,4.567501937920243,25.317299430650277,23.12283314407173,27.511765717228823,1.0962154906192055e-07,-0.3706941022546625,0.3706943214977606,100.00001248660035,-217934385.74848855,217934585.74851352,0.984381903966027,0.999999974360506,True,True,False,,False,,True,True,False,,Sheet2,Sheet3,Sheet4,Sheet7,Sheet8
patient_10a_exp_1,2023_11_01_CGNs_isolated3010_CSF_3.xlsx,10a_1..25/2023_11_01_CGNs_isolated3010_CSF_3.xlsx,10a,SMA,1_25,ROI_076,BY,0.046456692913385826,False,1.3403965039655097,10.521713395794706,102.0,26.01880255657018,1,False,True,6.549903895238004e-14,,,1.1288616073203765,1.0480418023935785,1.2096814122471746,13.345905751133321,11.960884245901275,14.730927256365367,0.1520118857689956,0.06430597511529133,0.23971779642269986,100.00000003481938,20.628788287867835,179.3712117817709,0.9897369020865902,0.8813217022686962,True,True,2.04443408977729,27.506015907850212,266.0,68.80295953027587,1,False,True,4.383555358405058e-07,-0.016684040171634173,0.01668491688270585,2.390986746483741,2.346563663688461,2.435409829279021,21.40092353138546,20.6670532059794,22.134793856791518,1.8007884750096473e-09,,,100.00000277350597,-1530369992.3575823,1530370192.357588,0.9849416701693331,0.999999999246843,True,True,False,,False,,True,True,False,,Sheet2,Sheet3,Sheet4,Sheet7,Sheet8
patient_10a_exp_1,2023_11_01_CGNs_isolated3010_CSF_3.xlsx,10a_1..25/2023_11_01_CGNs_isolated3010_CSF_3.xlsx,10a,SMA,1_25,ROI_077,BZ,0.05196850393700787,False,3.062710964497707,9.509869483912809,102.0,43.961514621134874,1,False,True,0.0014688087533086232,-0.2233525697714201,0.22629018727803735,2.9502087967976274,2.8575713635925313,3.0428462300027235,11.075069852252032,10.710793500316676,11.439346204187387,0.0971620018030479,-0.039971873017960124,0.23429587662405593,100.03183102918997,-381.27602552260004,581.33968758098,0.9994721431797984,0.9681161210025168,True,True,3.0987310078265713,36.51001495224483,255.0,166.32027914722482,1,False,True,0.05437607724550722,0.014830747838954245,0.0939214066520602,3.406340125451637,3.337770186751814,3.4749100641514596,37.84256263448235,36.03103626091381,39.65408900805089,2.135637871923798e-10,,,100.00000028126354,-8566810816.911838,8566811016.911838,0.976876365284963,0.999999999937304,True,True,False,,False,,True,True,False,,Sheet2,Sheet3,Sheet4,Sheet7,Sheet8
patient_10a_exp_1,2023_11_01_CGNs_isolated3010_CSF_3.xlsx,10a_1..25/2023_11_01_CGNs_isolated3010_CSF_3.xlsx,10a,SMA,1_25,ROI_078,CA,0.005511811023622047,False,1.6079485095523585,9.270860932456586,102.0,24.999792955865068,1,False,True,1.5963535606133287e-11,,,1.5077532206539352,1.4924432119905733,1.5230632293172972,10.771357128843121,10.539309438086445,11.003404819599798,0.10436012254095964,0.09524687248621283,0.11347337259570645,100.00000000195583,,,0.9979082942972929,0.9352650215436229,True,True,3.0574890236707293,17.915258866539176,256.0,96.30443224302415,1,False,True,0.05071421406712348,-0.017114202166863157,0.11854263030111012,2.8162262915692056,2.7081845230240584,2.9242680601143527,15.670849158968586,14.96651114933788,16.375187168599293,0.2786530717844312,0.21374604658170387,0.34356009698715856,100.00083474732665,16.07433053186803,183.92733896278526,0.9974813678097719,0.9099631878760921,True,True,False,,False,,True,True,False,,Sheet2,Sheet3,Sheet4,Sheet7,Sheet8
patient_10a_exp_1,2023_11_01_CGNs_isolated3010_CSF_3.xlsx,10a_1..25/2023_11_01_CGNs_isolated3010_CSF_3.xlsx,10a,SMA,1_25,ROI_079,CB,0.2015748031496063,False,1.7698344300616915,9.400232093976868,102.0,30.16625193718439,1,False,True,3.315291740958611e-14,,,1.6152782549327738,1.6004370051595098,1.6301195047060377,10.255834304951042,10.05827444507674,10.453394164825344,0.16667567205237915,0.15824597036901963,0.17510537373573867,100.00000000321143,,,0.9983482458759796,0.9064646568419567,True,True,3.5600404720134566,19.777115626534453,256.0,84.09141992237775,1,False,True,1.4825095516573554e-08,,,4.030947196230476,3.96178861552536,4.1001057769355915,18.227806402723512,17.746792921490638,18.708819883956387,7.274114363248418e-10,,,100.0000001567158,-3019383377.5158095,3019383577.5158095,0.98719573493871,0.9999999998195434,True,True,False,,False,,True,True,False,,Sheet2,Sheet3,Sheet4,Sheet7,Sheet8
patient_10a_exp_1,2023_11_01_CGNs_isolated3010_CSF_3.xlsx,10a_1..25/2023_11_01_CGNs_isolated3010_CSF_3.xlsx,10a,SMA,1_25,ROI_080,CC,0.004724409448818898,False,3.510929648227872,13.473876092547528,102.0,77.44375302314035,1,False,True,0.13671348866321414,-2399.5560709855044,2399.829497962831,3.6457762538880187,3.1122254467879373,4.1793270609881,14.020038729100532,11.75223956468458,16.287837893516485,0.01430999542821582,-2399.128984312431,2399.157604303287,3779.3885105199493,-647557126.7560718,647564685.5330927,0.9884016511413628,0.9960902573181468,True,True,3.5691509665961063,26.697078854742045,254.0,247.6749623716454,3,True,True,0.5478492581097925,0.4599455219546052,0.6357529942649798,3.3819058444052112,3.173578781133212,3.5902329076772106,28.331018540056167,24.782625398942272,31.879411681170062,8.811345380675022e-09,,,100.00000002373429,-881148187.0609088,881148387.0609088,0.8434523475079355,0.9999999973945621,True,True,False,,False,,True,True,False,,Sheet2,Sheet3,Sheet4,Sheet7,Sheet8
patient_10a_exp_1,2023_11_01_CGNs_isolated3010_CSF_3.xlsx,10a_1..25/2023_11_01_CGNs_isolated3010_CSF_3.xlsx,10a,SMA,1_25,ROI_081,CD,0.015748031496062992,False,1.560496092444561,14.66923743564945,102.0,52.59578151309954,1,False,True,0.00044147597348590494,-0.18219067679720927,0.18307362874418107,1.032551314074713,0.9571398321626541,1.1079627959867717,11.089290634078914,10.24212027536848,11.936460992789348,0.545384106976168,0.4341274507411028,0.6566407632112332,100.00878847800678,30.332928361735,169.68464859427854,0.9983498217509943,0.6543685503853189,True,True,2.9751022304887744,34.4758193250795,263.0,192.43591519169922,1,False,True,0.3438820251759877,0.1245197968866957,0.5632442534652797,2.9142416423388777,1.9995770456052588,3.828906239072497,28.149387936786496,22.785381613370546,33.513394260202446,1.5384034702122483e-06,-0.7428214828779476,0.7428245596848879,100.00003252509073,-70474924.26698682,70475124.26705188,0.9912914066160111,0.9999994721087517,True,True,False,,False,,True,True,False,,Sheet2,Sheet3,Sheet4,Sheet7,Sheet8
patient_10a_exp_1,2023_11_01_CGNs_isolated3010_CSF_3.xlsx,10a_1..25/2023_11_01_CGNs_isolated3010_CSF_3.xlsx,10a,SMA,1_25,ROI_082,CE,1.0,True,,,,-53.700440906922715,0,False,False,,,,,,,,,,,,,,,,,,False,False,,,,-73.90361347929472,0,False,False,,,,,,,,,,,,,,,,,,False,False,False,,False,,False,False,True,majority_negative_normalized_trace,Sheet2,Sheet3,Sheet4,Sheet7,Sheet8
patient_10a_exp_1,2023_11_01_CGNs_isolated3010_CSF_3.xlsx,10a_1..25/2023_11_01_CGNs_isolated3010_CSF_3.xlsx,10a,SMA,1_25,ROI_083,CF,0.01968503937007874,False,2.1701772643547432,10.816566599182778,102.0,39.27537694826586,1,False,True,9.691820144634585e-08,-0.20660537147880706,0.20660556531520993,2.0393711983969673,1.9420805910735133,2.136661805720421,12.333196766870062,11.782463450471363,12.88393008326876,0.1639473336603345,0.04902158056758282,0.2788730867530862,100.00000432620226,-170.4717492540762,370.4717579064807,0.9993407414233755,0.9255907254103418,True,True,2.828250950394796,34.04115097885699,258.0,137.26032545335195,1,False,True,0.081192643318218,0.05459471501527803,0.10779057162115797,3.203302698923449,3.142343450591678,3.2642619472552203,29.868163745121628,28.666673138068738,31.069654352174517,2.6049255737824032e-12,,,100.00000000989131,,,0.9811238531187684,0.9999999999991868,True,True,False,,False,,True,True,False,,Sheet2,Sheet3,Sheet4,Sheet7,Sheet8
patient_10a_exp_1,2023_11_01_CGNs_isolated3010_CSF_3.xlsx,10a_1..25/2023_11_01_CGNs_isolated3010_CSF_3.xlsx,10a,SMA,1_25,ROI_084,CG,0.011023622047244094,False,4.445453171428564,13.06983263155064,102.0,80.03785948630929,1,False,True,0.011271144833820598,-1.61836717704526,1.640909466712901,4.699002519009295,3.9674412405153108,5.43056379750328,14.841846049065685,12.992889782412638,16.69080231571873,0.00044036632929385583,-0.9273062888712804,0.9281870215298682,112.19322145061167,-867305.8439413772,867530.2303842786,0.9968075857164033,0.999906293928868,True,True,4.167704482142851,28.289591305631802,253.0,211.54499156309467,1,False,True,0.14246863946268584,-0.351366484024615,0.6363037629499867,4.279308033219782,0.3356717010656105,8.222944365373953,37.26567065045855,21.591134229808688,52.94020707110842,1.5438420980020697e-06,-3.582601059888195,3.5826041475723915,100.00000657153802,-203967787.93246597,203967987.93247914,0.9761767417476683,0.9999996392310325,True,True,False,,False,,True,True,False,,Sheet2,Sheet3,Sheet4,Sheet7,Sheet8
patient_10a_exp_1,2023_11_01_CGNs_isolated3010_CSF_3.xlsx,10a_1..25/2023_11_01_CGNs_isolated3010_CSF_3.xlsx,10a,SMA,1_25,ROI_085,CH,0.04409448818897638,False,1.977600967527038,6.026658085154935,102.0,26.553128801756287,1,False,True,0.009386704836715935,-0.31197147583648904,0.3307448855099209,1.8158641108033284,1.7786469865467005,1.8530812350599564,6.0938562602814486,5.861155986102992,6.326556534459905,0.14624339992566573,-0.14221659162057879,0.4347033914719103,141.51162339320143,-339.21504265662946,622.2382894430323,0.9972516733255758,0.9254661637417967,True,True,3.2192195398517334,37.54230621986778,257.0,171.21818041413096,1,False,True,1.293991797834577e-07,-0.036568211050882864,0.036568469849242426,3.454655621832206,3.399500704985956,3.509810538678456,42.34589496595508,40.6591846100372,44.032605321872964,1.1082565982560711e-08,,,100.00000016767946,-250228284.28243414,250228484.2824345,0.985080168367329,0.9999999967919911,True,True,False,,False,,True,True,False,,Sheet2,Sheet3,Sheet4,Sheet7,Sheet8
patient_10a_exp_1,2023_11_01_CGNs_isolated3010_CSF_3.xlsx,10a_1..25/2023_11_01_CGNs_isolated3010_CSF_3.xlsx,10a,SMA,1_25,ROI_086,CI,0.025196850393700787,False,2.6326581918279546,10.635355657545546,102.0,47.226202814623534,1,False,True,4.985104224677751e-07,-0.22446222686407516,0.2244632238849201,2.3968992283512285,2.290448799558649,2.503349657143808,12.401553486844822,11.888976382809457,12.914130590880188,0.20464384137370287,0.08046032457468343,0.3288273581727223,100.00001195524953,-135.81492929340357,335.81495320390263,0.9994482072117407,0.9213375155094624,True,True,2.8766006422939046,25.457285696064304,258.0,116.167689556989,1,False,True,0.08016565248021856,-1.1580502318175705,1.3183815367780076,3.0031497499327555,2.806660921553722,3.199638578311789,21.877206920035118,20.21154365398587,23.542870186084365,0.08187685142991621,-0.9591327619633152,1.1228864648231476,292.3808196253235,-6975.75650359214,7560.518142842788,0.9933571416440201,0.973459920444851,True,True,False,,False,,True,True,False,,Sheet2,Sheet3,Sheet4,Sheet7,Sheet8
patient_10a_exp_1,2023_11_01_CGNs_isolated3010_CSF_3.xlsx,10a_1..25/2023_11_01_CGNs_isolated3010_CSF_3.xlsx,10a,SMA,1_25,ROI_087,CJ,0.09370078740157481,False,1.688026619436582,7.783617951900268,102.0,19.211868841421953,1,False,True,2.7673272042591613e-06,-0.12254985132317828,0.1225553859775868,1.667846055618392,1.6299896251071087,1.7057024861296755,8.427127985714389,8.163449182793606,8.690806788635172,0.04651892528920582,-0.04051267474194748,0.13355052532035913,100.00000779491994,-412.77644724494735,612.7764628347873,0.9990377218657535,0.9728652149295663,True,True,1.534142358911462,39.739474446803854,254.0,73.65744578095003,1,False,True,8.20272575379645e-11,,,1.8074881720245433,1.7676998580670154,1.8472764859820712,38.94292361599568,37.591454965532776,40.29439226645859,2.28245582772944e-12,,,100.00000000126086,,,0.9719160373127499,0.9999999999987372,True,True,False,,False,,True,True,False,,Sheet2,Sheet3,Sheet4,Sheet7,Sheet8
patient_10a_exp_1,2023_11_01_CGNs_isolated3010_CSF_3.xlsx,10a_1..25/2023_11_01_CGNs_isolated3010_CSF_3.xlsx,10a,SMA,1_25,ROI_088,CK,0.12440944881889764,False,0.953110054884289,8.962260741482055,102.0,15.728821534794925,1,False,True,5.109134650714062e-12,,,0.8405641628970715,0.8279153899730327,0.8532129358211102,10.887747524718634,10.539242613856954,11.236252435580314,0.084435520181927,0.07682790732578558,0.09204313303806842,100.0000000018705,,,0.9955979936905422,0.9087183252853981,True,True,,,,24.455745495437224,0,False,False,,,,,,,,,,,,,,,,,,False,False,False,,False,,True,False,False,,Sheet2,Sheet3,Sheet4,Sheet7,Sheet8
patient_10a_exp_1,2023_11_01_CGNs_isolated3010_CSF_3.xlsx,10a_1..25/2023_11_01_CGNs_isolated3010_CSF_3.xlsx,10a,SMA,1_25,ROI_089,CL,0.05275590551181102,False,1.59652033837276,9.3203279759516,102.0,27.76495051720644,1,False,True,0.007299540614209144,-0.07793274084852005,0.09253182207693834,1.4478139210161125,1.4169554764170087,1.4786723656152163,10.003626986248316,9.755121225667587,10.252132746829044,0.14491612433250994,0.08895034034061984,0.20088190832440006,100.57064940748455,-18.740760097971574,219.8820589129407,0.999629129712038,0.9090140072665044,True,True,2.9103735538639413,21.32711589636503,259.0,88.39357332838463,1,False,True,0.054704790456067,-0.16457503570418727,0.2739846166163213,3.262646049084332,2.957973814494506,3.5673182836741577,17.595447732230635,15.81432833878702,19.376567125674253,0.004611582993365091,-0.15547011537516217,0.16469328136189235,111.14404055432291,-16923.70885042971,17145.996931538353,0.9878263287786517,0.9985885462633589,True,True,False,,False,,True,True,False,,Sheet2,Sheet3,Sheet4,Sheet7,Sheet8
patient_10a_exp_1,2023_11_01_CGNs_isolated3010_CSF_3.xlsx,10a_1..25/2023_11_01_CGNs_isolated3010_CSF_3.xlsx,10a,SMA,1_25,ROI_090,CM,0.029921259842519685,False,2.742993492288326,12.139335395640188,102.0,47.91567300061321,1,False,True,0.04223402698324018,-613.5301865340193,613.6146545879858,2.951225394569692,2.6721335867981497,3.2303172023412343,12.170476886047796,10.73381373439154,13.607140037704053,0.007477218988778466,-613.27795749865,613.2929119366277,2491.562169798026,-210891298.1906713,210896281.31501088,0.9906753642892259,0.997472804818398,True,True,3.116719692030495,35.07969305045947,256.0,144.1207730846547,1,False,True,1.0166605730424732e-05,-0.0322538092632922,0.03227414247475305,3.508535706733963,3.448776770543783,3.568294642924143,33.42421521698492,32.122296175706275,34.72613425826356,8.504695164630317e-10,,,100.000000254114,-5733938349.511905,5733938549.511905,0.9844402269315571,0.9999999997575999,True,True,False,,False,,True,True,False,,Sheet2,Sheet3,Sheet4,Sheet7,Sheet8
patient_10a_exp_1,2023_11_01_CGNs_isolated3010_CSF_3.xlsx,10a_1..25/2023_11_01_CGNs_isolated3010_CSF_3.xlsx,10a,SMA,1_25,ROI_091,CN,0.04330708661417323,False,3.8227395993071083,11.92750371562417,102.0,59.888896838921475,1,False,True,0.008177857976285884,-9.180484293475109,9.19684000942768,4.224294777410143,3.733722758700524,4.714866796119762,12.118593547769825,10.51716113960075,13.7200259559389,0.00041210239984193774,-8.690204521008422,8.691028725808106,251.03903846612178,-7596249.710897716,7596751.788974648,0.9904736728921172,0.9999024542029622,True,True,3.9899515956033023,22.41456578388275,253.0,181.54096061001218,1,False,True,0.25142810843487357,-0.18997101228130092,0.692827229151048,3.9830118738762366,2.440993442818373,5.5250303049341,25.76439126777047,19.220962807190404,32.30781972835054,0.021793367330514797,-1.1612628283423247,1.2048495630033544,100.0001411537609,-9235.947111213092,9435.947393520615,0.982121090194338,0.994558195463221,True,True,False,,False,,True,True,False,,Sheet2,Sheet3,Sheet4,Sheet7,Sheet8
patient_10a_exp_1,2023_11_01_CGNs_isolated3010_CSF_3.xlsx,10a_1..25/2023_11_01_CGNs_isolated3010_CSF_3.xlsx,10a,SMA,1_25,ROI_092,CO,0.046456692913385826,False,1.6633965986037347,9.56719158362209,102.0,32.62857411498695,1,False,True,0.023725837574619595,-0.19140373249457818,0.23885540764381738,1.4483733320393886,1.3645901145132897,1.5321565495654874,10.629449728149337,9.956617081999594,11.30228237429908,0.1635912977282308,0.027891972407312476,0.2992906230491491,100.37068309841729,-170.41588892706764,371.15725512390225,0.997993311537146,0.8985143379034228,True,True,3.0750741768253587,23.599902305379402,258.0,104.45774592310917,1,False,True,0.09544386730467368,-53.2144516615281,53.40533939613745,3.481533247939031,3.272906096556092,3.69016039932197,18.520715739413827,16.76211057417309,20.279320904654565,0.0037902315006779156,-53.091307118020296,53.09888758102166,1532.8566107255886,-23615775.097355522,23618840.810576975,0.9797113519953219,0.99891251657901,True,True,False,,False,,True,True,False,,Sheet2,Sheet3,Sheet4,Sheet7,Sheet8
patient_10a_exp_1,2023_11_01_CGNs_isolated3010_CSF_3.xlsx,10a_1..25/2023_11_01_CGNs_isolated3010_CSF_3.xlsx,10a,SMA,1_25,ROI_093,CP,0.06377952755905512,False,1.761076505255707,7.222165014751695,102.0,25.02634881437094,1,False,True,3.8099929726899705e-11,,,1.5641159224783618,1.5461222679198656,1.582109577036858,8.07615407665788,7.891583839399361,8.2607243139164,0.1485023565399192,0.1402608385742229,0.1567438745056155,100.00000000580934,,,0.9973971079345474,0.9132892843903051,True,True,2.664296696369568,24.979424782882575,257.0,93.44970736587379,1,False,True,0.03990619970290146,-0.09745755577336804,0.17726995517917096,2.8701862138276097,2.463844152207644,3.2765282754475753,23.527940700179503,21.0858457255316,25.970035674827407,9.272939196712862e-06,-0.2986583925212055,0.29867693839959897,100.00078491640473,-6399610.783119248,6399810.784689082,0.9956146144449766,0.9999967692307931,True,True,False,,False,,True,True,False,,Sheet2,Sheet3,Sheet4,Sheet7,Sheet8
patient_10a_exp_1,2023_11_01_CGNs_isolated3010_CSF_3.xlsx,10a_1..25/2023_11_01_CGNs_isolated3010_CSF_3.xlsx,10a,SMA,1_25,ROI_094,CQ,0.014173228346456693,False,1.8134129858007684,7.981554642215528,102.0,25.726892555200763,1,False,True,9.21628825451779e-11,,,1.663149503192003,1.643608154241652,1.6826908521423538,8.79929178926241,8.595789709340814,9.002793869184007,0.13143047338373343,0.11190530774949722,0.15095563901796963,100.00000002404614,74.94612322006367,125.05387682802862,0.9988732480715047,0.9267625432695856,True,True,2.646096808365435,26.808739574223722,260.0,91.3176779812876,1,False,True,0.038201072462250164,-0.010175173716782525,0.08657731864128285,2.9070148931730295,2.8018863316348046,3.0121434547112544,19.956146996521156,18.82250258256513,21.089791410477183,7.52272191048884e-08,-0.1302985447580593,0.13029869521249748,100.00001064639643,-166651620.73343182,166651820.7334531,0.9903764558970725,0.9999999741221769,True,True,False,,False,,True,True,False,,Sheet2,Sheet3,Sheet4,Sheet7,Sheet8
patient_10a_exp_1,2023_11_01_CGNs_isolated3010_CSF_3.xlsx,10a_1..25/2023_11_01_CGNs_isolated3010_CSF_3.xlsx,10a,SMA,1_25,ROI_095,CR,0.003937007874015748,False,1.730444534028138,11.482729728489645,102.0,39.5807550715997,1,False,True,0.004697504133314947,-0.1807820419651278,0.19017705023175765,1.431116281104343,1.3450564115401877,1.5171761506684982,12.208732632602352,11.51405646339928,12.903408801805424,0.26397118364139377,0.1596515481431795,0.36829081913960804,100.07377278298047,-50.29408726004179,250.44163282600272,0.9990146175855646,0.844272824186692,True,True,3.3565636910891063,35.76345909383738,258.0,163.20469888358494,1,False,True,0.04969715819576979,,,3.805391374573401,,,30.877779992968012,,,4.434862132274308e-11,,,100.00000017241847,,,0.9810370920567656,0.9999999999883459,True,True,False,,False,,True,True,False,,Sheet2,Sheet3,Sheet4,Sheet7,Sheet8
patient_10a_exp_1,2023_11_01_CGNs_isolated3010_CSF_3.xlsx,10a_1..25/2023_11_01_CGNs_isolated3010_CSF_3.xlsx,10a,SMA,1_25,ROI_096,CS,0.03385826771653543,False,1.8058453916267625,7.390705275138274,102.0,26.237382399699683,1,False,True,2.838476588198758e-10,,,1.5918040745622632,1.5648877265348478,1.6187204225896787,8.352407792137205,8.06867505548442,8.63614052878999,0.16810266911046803,0.1418762332665734,0.19432910495436267,100.00000006132969,73.10723914691782,126.89276097574155,0.9974932777065235,0.9044820586574626,True,True,1.3354147931998588,24.705507936344105,259.0,70.18447480841351,1,False,True,4.6718298740439784e-08,-1.0626468559768718,1.0626469494134694,1.2505021076335923,1.20111875185125,1.2998854634159345,16.822799360057243,15.759398333206791,17.886200386907696,0.21448420387481926,-0.7984681417955161,1.2274365495451547,456.44461566188755,-2579.258709289663,3492.1479406134376,0.9912070146277505,0.8535930321055509,True,True,False,,False,,True,True,False,,Sheet2,Sheet3,Sheet4,Sheet7,Sheet8
patient_10a_exp_1,2023_11_01_CGNs_isolated3010_CSF_3.xlsx,10a_1..25/2023_11_01_CGNs_isolated3010_CSF_3.xlsx,10a,SMA,1_25,ROI_097,CT,0.08818897637795275,False,1.9498160917022442,9.122495806198899,102.0,28.76675136400904,1,False,True,1.1183259102940984e-06,-0.11271215580711016,0.11271439245893075,1.863831679195869,1.8207086737538225,1.9069546846379153,10.381480116448346,10.112425227981428,10.650535004915264,0.10023865336482059,0.02837736862069523,0.17209993810894594,100.00000072525661,-129.85617442163874,329.85617587215194,0.9996163404560665,0.9489638167722168,True,True,2.941692508468527,40.517894100510176,255.0,167.73176716296965,1,False,True,7.49401274837105e-07,-0.1650780562482463,0.165079555050796,3.26875729131423,2.1432549553379645,4.394259627290495,45.55515915019718,35.03857426558916,56.07174403480519,3.4618784697311415e-08,-1.3156847681565838,1.3156848373941532,100.00000044526534,-257431572.36459264,257431772.36459354,0.9796758483997714,0.9999999894091909,True,True,False,,False,,True,True,False,,Sheet2,Sheet3,Sheet4,Sheet7,Sheet8
patient_10a_exp_1,2023_11_01_CGNs_isolated3010_CSF_3.xlsx,10a_1..25/2023_11_01_CGNs_isolated3010_CSF_3.xlsx,10a,SMA,1_25,ROI_098,CU,0.10551181102362205,False,1.0495969137380532,6.803443552541793,102.0,12.16502665365875,1,False,True,7.301706248568555e-11,,,0.9579942336297625,0.9357454426328018,0.9802430246267233,8.873996913152448,8.469836013803093,9.278157812501803,0.03490431804468172,0.012590315979115106,0.057218320110248334,100.00199656498631,-7.4264627758105775,207.43045590578322,0.995468522844039,0.9648460379100983,True,True,2.374412505143267,23.295838026385695,260.0,85.35248093041534,1,False,True,0.0007796742983795634,-0.2651590146852427,0.2667183632820018,2.38282907376978,2.2494666396473724,2.516191507892188,17.999477229053415,16.751856688869303,19.247097769237527,0.20887614775835336,0.06324996928632567,0.354502326230381,166.0840576587058,-306.9623956171423,639.1305109345539,0.9935301155124453,0.919405900785586,True,True,False,,False,,True,True,False,,Sheet2,Sheet3,Sheet4,Sheet7,Sheet8
patient_10a_exp_1,2023_11_01_CGNs_isolated3010_CSF_3.xlsx,10a_1..25/2023_11_01_CGNs_isolated3010_CSF_3.xlsx,10a,SMA,1_25,ROI_099,CV,0.06220472440944882,False,3.443405922054545,9.896888058752381,102.0,50.87486909967467,1,False,True,1.7732777938390503e-06,-0.34013694320957766,0.3401404897651653,3.436514449396872,3.299825359658368,3.573203539135376,10.834960749487685,10.373144510149803,11.296776988825567,0.12662043726081848,-0.08408376480167468,0.33732463932331164,100.00000513170252,-455.3799742896225,655.3799845530276,0.9990607615070685,0.9644637541691294,True,True,3.8784847579543644,28.254376758186226,254.0,165.18402822513775,1,False,True,0.07212342404447733,0.032333931341268426,0.11191291674768623,4.479359411860271,4.3833239996012185,4.575394824119323,28.2432396533607,26.989919144010717,29.496560162710683,1.0585073786993464e-10,,,100.00000027649591,-28277022551.18858,28277022751.18858,0.976688076608216,0.9999999999763692,True,True,False,,False,,True,True,False,,Sheet2,Sheet3,Sheet4,Sheet7,Sheet8
patient_10a_exp_1,2023_11_01_CGNs_isolated3010_CSF_3.xlsx,10a_1..25/2023_11_01_CGNs_isolated3010_CSF_3.xlsx,10a,SMA,1_25,ROI_100,CW,0.025196850393700787,False,3.2331223604430104,12.598873367168522,102.0,57.02928126940119,1,False,True,0.030125772118188756,-171.64865203124995,171.70890357548635,3.436424363960078,3.105736574309312,3.7671121536108445,13.74367688392421,12.277285493863172,15.210068273985247,0.010541081368809355,-171.3283751792019,171.34945734193954,1290.6664581256189,-22375049.032470938,22377630.36538719,0.994780876352321,0.9969419242704931,True,True,3.3624307587818416,64.85661864806386,258.0,247.4792658627725,1,False,True,2.3620745609604687e-13,,,4.02127678866163,3.8985041536542955,4.144049423668964,56.147874195633584,53.30213863543741,58.99360975582976,4.6811675948139933e-11,,,100.0000001628419,-16955566483.599176,16955566683.599176,0.9316340925048359,0.9999999999883591,True,True,False,,False,,True,True,False,,Sheet2,Sheet3,Sheet4,Sheet7,Sheet8
patient_10a_exp_1,2023_11_01_CGNs_isolated3010_CSF_3.xlsx,10a_1..25/2023_11_01_CGNs_isolated3010_CSF_3.xlsx,10a,SMA,1_25,ROI_101,CX,0.9984251968503937,True,,,,-69.04380708177894,0,False,False,,,,,,,,,,,,,,,,,,False,False,,,,-116.67336638480577,0,False,False,,,,,,,,,,,,,,,,,,False,False,False,,False,,False,False,True,majority_negative_normalized_trace,Sheet2,Sheet3,Sheet4,Sheet7,Sheet8
patient_10a_exp_1,2023_11_01_CGNs_isolated3010_CSF_3.xlsx,10a_1..25/2023_11_01_CGNs_isolated3010_CSF_3.xlsx,10a,SMA,1_25,ROI_102,CY,0.06535433070866142,False,2.0504173543341038,7.214490545066482,102.0,35.03815972727292,1,False,True,1.7100047121926025e-10,,,1.6301245814081449,1.588676647564039,1.6715725152522507,8.608343639724149,8.167650173192094,9.049037106256204,0.2769307916628258,0.2568716453436276,0.296989937982024,100.0000000029712,,,0.9885346084099331,0.8547861821039425,True,True,0.8849459507714009,32.80898681198519,258.0,45.27770709354049,1,False,True,0.03856420923340101,-0.052482451180858355,0.1296108696476604,0.8800161355884553,0.37079175032838163,1.3892405208485288,32.22484436337011,22.82335301004451,41.626335716695706,2.8679720626249307e-06,-0.43044910511731893,0.43045484106144416,100.00020975067527,-17815395.961967196,17815595.9623867,0.9917617347551847,0.9999967410112156,True,True,False,,False,,True,True,False,,Sheet2,Sheet3,Sheet4,Sheet7,Sheet8
patient_10a_exp_1,2023_11_01_CGNs_isolated3010_CSF_3.xlsx,10a_1..25/2023_11_01_CGNs_isolated3010_CSF_3.xlsx,10a,SMA,1_25,ROI_103,CZ,0.031496062992125984,False,2.6951799550894484,7.93086685319463,102.0,45.46932883257234,1,False,True,1.374800697390773e-09,,,2.304551666290727,2.2735136957363578,2.3355896368450964,8.462493256529752,8.234609119439588,8.690377393619917,0.32303480547792196,0.29259127092736503,0.3534783400284789,100.00000009100191,83.8429282733443,116.15707190865952,0.9985045892049523,0.8770602570272464,True,True,2.7441353396668697,34.69505705925448,258.0,147.60780454386156,1,False,True,0.09080284654599999,-0.36130224125861743,0.5429079343506175,2.941180090779209,-0.20303776973080767,6.085397951289226,35.2068667628463,17.98254415679768,52.43118936889493,3.212609509837183e-06,-2.7526350278996543,2.7526414531186743,100.00008521652116,-86856639.673549,86856839.67371944,0.9839158937720425,0.9999989077153042,True,True,False,,False,,True,True,False,,Sheet2,Sheet3,Sheet4,Sheet7,Sheet8
patient_10a_exp_1,2023_11_01_CGNs_isolated3010_CSF_3.xlsx,10a_1..25/2023_11_01_CGNs_isolated3010_CSF_3.xlsx,10a,SMA,1_25,ROI_104,DA,0.18110236220472442,False,2.013581841860462,8.639577726630293,102.0,31.839909039104054,1,False,True,0.011872152960477769,-0.09501116861407856,0.11875547453503409,1.8613220321723691,1.8259062678237588,1.8967377965209795,9.33185931696407,9.109480437263162,9.55423819666498,0.1404946944328068,0.0671768499241385,0.2138125389414751,101.19804767443692,-50.89201861681674,253.28811396569057,0.9995796719133889,0.9298164049857512,True,True,2.576200486477171,22.95820035903307,258.0,65.12898494608065,1,False,True,8.082062003682389e-09,,,3.0049448947717234,2.9383699324050685,3.0715198571383784,17.89043169878159,17.2825177550273,18.49834564253588,6.399838479376072e-10,,,100.00000011184672,-3154134226.3794093,3154134426.3794093,0.979185610526445,0.999999999787023,True,True,False,,False,,True,True,False,,Sheet2,Sheet3,Sheet4,Sheet7,Sheet8
patient_10a_exp_1,2023_11_01_CGNs_isolated3010_CSF_3.xlsx,10a_1..25/2023_11_01_CGNs_isolated3010_CSF_3.xlsx,10a,SMA,1_25,ROI_105,DB,0.050393700787401574,False,1.1961656983882039,10.349021833299062,102.0,22.57191524142247,1,False,True,0.0002786992162048181,-0.13985568883365482,0.14041308726606447,1.072396233332207,1.0147613913660387,1.1300310752983753,11.117916501630413,10.49406850269607,11.741764500564756,0.13223150679054024,0.0466835369534237,0.2177794766276568,100.29121415369737,-120.54775389822875,321.1301822056235,0.9986323409085105,0.8902303986648471,True,True,2.1121528402122127,23.98563446517778,263.0,64.48279691897136,1,False,True,0.022304544600601058,-0.14941775038809513,0.19402683958929723,2.398612141664754,2.1654743087118304,2.631749974617678,17.115796243994154,15.260052120948352,18.971540367039957,0.00021349890709458755,-0.12212341447550595,0.12255041228969513,110.60573118305577,-284739.58086360514,284960.7923259713,0.9850232413370649,0.999910998572183,True,True,False,,False,,True,True,False,,Sheet2,Sheet3,Sheet4,Sheet7,Sheet8
patient_10a_exp_1,2023_11_01_CGNs_isolated3010_CSF_3.xlsx,10a_1..25/2023_11_01_CGNs_isolated3010_CSF_3.xlsx,10a,SMA,1_25,ROI_106,DC,0.01653543307086614,False,2.013437402277292,12.030903543140255,102.0,42.252019642598675,1,False,True,0.00986697735194433,-0.2984164677900142,0.3181504224939028,1.824018785820821,1.7206420194626582,1.9273955521789838,13.002149991050935,12.318961028475446,13.685338953626424,0.19474020232426842,-0.013049339441851937,0.4025297440903888,117.59407780948295,-244.34649955411368,479.53465517307956,0.9991665906667802,0.9035346945980892,True,True,2.131358311051572,24.64182297112208,260.0,82.84810555659725,1,False,True,0.09410380137177754,-0.02043288762848143,0.20864049037203652,2.294728572872435,2.063877796016971,2.5255793497278987,18.578718572987516,16.778346062610968,20.379091083364063,1.9839443007249873e-06,-0.14993322517747593,0.1499371930660774,100.0002548709962,-21594035.003881495,21594235.004391234,0.9911455481480177,0.9999991354347486,True,True,False,,False,,True,True,False,,Sheet2,Sheet3,Sheet4,Sheet7,Sheet8
patient_10a_exp_1,2023_11_01_CGNs_isolated3010_CSF_3.xlsx,10a_1..25/2023_11_01_CGNs_isolated3010_CSF_3.xlsx,10a,SMA,1_25,ROI_107,DD,0.0031496062992125984,False,3.8231437510677204,9.000346125774342,102.0,51.46711019792544,1,False,True,0.03828487485046894,-0.4268010434259828,0.5033707931269207,3.862558781308835,3.734970527808176,3.990147034809494,9.607364062464812,9.212308878447846,10.002419246481779,0.05311611833173602,-0.2889462405971344,0.39517847726060645,110.84324718069284,-1710.5375284377208,1932.2240227991063,0.998695777589704,0.9864350029833652,True,True,3.9001776927394722,28.21349969329404,255.0,159.5990753849906,1,False,True,0.02740978592533214,-0.0030426209467651656,0.05786219279742945,4.410568840837639,4.341213630306493,4.479924051368785,29.19231426638065,28.23086234921865,30.153766183542647,8.02905083832449e-10,,,100.00000018959066,-3181951762.3891025,3181951962.3891025,0.9872715703757818,0.9999999998179588,True,True,False,,False,,True,True,False,,Sheet2,Sheet3,Sheet4,Sheet7,Sheet8
patient_10a_exp_1,2023_11_01_CGNs_isolated3010_CSF_3.xlsx,10a_1..25/2023_11_01_CGNs_isolated3010_CSF_3.xlsx,10a,SMA,1_25,ROI_108,DE,0.026771653543307086,False,2.8470777638620675,13.971385137503503,102.0,60.76399337572406,1,False,True,0.0806163540767563,-1187.0359325673417,1187.197165275495,3.0642977080225546,2.5830151979648885,3.5455802180802207,14.073213145880345,11.651052982656562,16.495373309104128,0.015854134159068084,-1186.6060154185345,1186.6377236868527,2812.298928958613,-216758449.56770533,216764074.16556323,0.9870397632746688,0.9948528075980051,True,True,2.8688248275862054,56.85820722105842,252.0,253.95280310758605,1,False,True,0.25744486326217897,-0.198111378075639,0.7130011045999969,3.243704274632896,-1.1144100949822624,7.601818644248055,51.109348805611525,14.773826451723195,87.44487115949985,2.3646143372228908e-07,-4.812240395727233,4.8122408686501,100.00207049530042,-370053601.32036644,370053801.3245074,0.897738651358507,0.9999999271014259,True,True,False,,False,,True,True,False,,Sheet2,Sheet3,Sheet4,Sheet7,Sheet8
patient_10a_exp_1,2023_11_01_CGNs_isolated3010_CSF_3.xlsx,10a_1..25/2023_11_01_CGNs_isolated3010_CSF_3.xlsx,10a,SMA,1_25,ROI_109,DF,0.04173228346456693,False,2.1837661748013613,19.468057768532006,101.0,58.5366676885357,1,False,True,4.965789264646888e-06,,,2.6164451244735,,,20.7979596592798,,,3.3554028393347363e-13,,,100.00149938909192,,,0.9645166017121692,0.9999999999998717,True,True,2.1837661748013613,68.8684010372088,251.0,231.78852257298513,1,False,True,0.12412159092478245,-0.6720609368995095,0.9203041187490745,2.508647120080708,-30.84302489129832,35.86031913145974,76.0397025422606,-165.6800609256406,317.7594660101618,9.92051259035286e-08,-34.20355959277563,34.20355979118588,100.00008584009183,-395986974.05497295,395987174.0551446,0.8451999437894426,0.9999999604547323,True,True,False,,False,,True,True,False,,Sheet2,Sheet3,Sheet4,Sheet7,Sheet8
patient_10a_exp_1,2023_11_01_CGNs_isolated3010_CSF_3.xlsx,10a_1..25/2023_11_01_CGNs_isolated3010_CSF_3.xlsx,10a,SMA,1_25,ROI_110,DG,0.01968503937007874,False,1.926341158059467,20.677022073188795,101.0,55.903624793740164,1,False,True,0.0012110107117855329,-0.536018108071061,0.538440129494632,2.2354001199162354,1.4554787460123264,3.0153214938201445,23.289819603840805,16.74339003971133,29.83624916797028,2.1986916388261622e-07,-0.894788426049548,0.8947888657878758,100.03781304675661,-568477814.9523654,568478015.0279915,0.9749859279309601,0.9999999016421534,True,True,1.926341158059467,85.1074907232667,252.0,242.33448831674474,1,False,True,0.20196246609752716,-0.9370679228854055,1.34099285508046,2.0150874709827153,-3868.3442183173943,3872.3743932593593,94.57894974538671,-5248.399114498935,5437.557013989709,2.666562204578082e-05,-3870.458453515558,3870.4585068468023,100.09780164076433,-418219037.10476947,418219237.3003727,0.7730534752596252,0.9999867671902245,True,True,False,,False,,True,True,False,,Sheet2,Sheet3,Sheet4,Sheet7,Sheet8
patient_10a_exp_1,2023_11_01_CGNs_isolated3010_CSF_3.xlsx,10a_1..25/2023_11_01_CGNs_isolated3010_CSF_3.xlsx,10a,SMA,1_25,ROI_111,DH,0.029921259842519685,False,2.5791841341576496,8.909061648005263,102.0,38.51375907944352,1,False,True,0.00834272302831088,-0.4751977787350821,0.49188322479170393,2.554496672996871,2.4818970642261013,2.6270962817676407,9.466964617953574,9.108589882995354,9.825339352911794,0.11929471300956453,-0.2925395303421631,0.5311289563612922,142.58206527703288,-800.8762753019312,1086.0404058559968,0.9987732203975458,0.955383687136586,True,True,3.0234165137557945,66.47112535986452,255.0,269.417520673261,1,False,True,0.28261288521160743,0.15547752331289252,0.4097482471103223,3.2584317535498086,3.1059940599667515,3.4108694471328658,52.51719793067719,45.67131793206222,59.36307792929216,2.5301591768624e-10,,,100.0064762066245,-3810472247.854373,3810472447.867326,0.8787334511741126,0.9999999999223504,True,True,False,,False,,True,True,False,,Sheet2,Sheet3,Sheet4,Sheet7,Sheet8
patient_10a_exp_1,2023_11_01_CGNs_isolated3010_CSF_3.xlsx,10a_1..25/2023_11_01_CGNs_isolated3010_CSF_3.xlsx,10a,SMA,1_25,ROI_112,DI,0.04409448818897638,False,2.374021929891649,9.425412561992346,102.0,32.812416758444776,1,False,True,1.863066410520118e-06,-0.23510005223770203,0.23510377837052304,2.3828015262972504,2.2920041920092107,2.47359886058529,10.467905035970299,10.024906944599092,10.910903127341506,0.06531671045775976,-0.0837724751808331,0.21440589609635263,100.00000330778511,-637.3717561827652,837.3717627983353,0.9989692314968568,0.973319625875449,True,True,2.496914396430846,50.73852221708967,256.0,205.18367376876967,1,False,True,0.2733265755935044,0.2084854784800419,0.33816767270696685,2.6602356630843778,2.558376789548442,2.7620945366203133,41.19490750999966,37.30346041769311,45.08635460230621,5.121662855351422e-09,,,100.00000309913023,-576949306.1259392,576949506.1259454,0.9187670273775869,0.9999999980747335,True,True,False,,False,,True,True,False,,Sheet2,Sheet3,Sheet4,Sheet7,Sheet8
patient_10a_exp_1,2023_11_01_CGNs_isolated3010_CSF_3.xlsx,10a_1..25/2023_11_01_CGNs_isolated3010_CSF_3.xlsx,10a,SMA,1_25,ROI_113,DJ,0.03464566929133858,False,1.5348397967340153,9.783437465238833,102.0,29.187429430390203,1,False,True,4.806590232202951e-07,-0.2544680716851458,0.2544690330031922,1.423702820010727,1.3660309320757402,1.4813747079457136,9.672005582102495,9.178045270063103,10.165965894141886,0.1715688779848292,-0.0266815216323065,0.36981927760196487,120.48119926027053,-199.239386304122,440.20178482466304,0.9981608389522629,0.8924516255128178,True,True,1.960153288236921,51.588169278116055,255.0,171.9788045243286,1,False,True,0.24991204625479002,0.1886750838928163,0.31114900861676376,2.03955989394773,1.951893989436712,2.127225798458748,45.029054450870326,40.067702741791344,49.99040615994931,2.6124747943643553e-09,,,100.0013006333723,-1157065035.0488446,1157065235.0514457,0.8990467883294047,0.9999999987190988,True,True,False,,False,,True,True,False,,Sheet2,Sheet3,Sheet4,Sheet7,Sheet8
patient_10a_exp_1,2023_11_01_CGNs_isolated3010_CSF_3.xlsx,10a_1..25/2023_11_01_CGNs_isolated3010_CSF_3.xlsx,10a,SMA,1_25,ROI_114,DK,0.06929133858267716,False,1.0636788603996192,7.7647605816937215,102.0,18.31919745975274,1,False,True,3.0589812629916715e-12,,,0.8754819363387302,0.8588552602734265,0.8921086124040338,8.693615915284408,8.360476388291001,9.026755442277814,0.14667096904514307,0.1385542405748134,0.15478769751547275,100.00000000009672,,,0.9935630317900531,0.8565078000829434,True,True,0.8810436314369862,25.466502675524055,255.0,31.95670706963798,1,False,True,0.0013642087195226097,-0.07412262592115051,0.07685104336019574,0.9118974762989828,0.5543852127284279,1.2694097398695376,29.964268196869106,23.52343912918569,36.40509726455252,8.53376518738708e-06,-0.29339577824722607,0.29341284577760085,100.00397686499895,-4620232.860946641,4620432.868900371,0.993376943370662,0.9999906418368854,True,True,False,,False,,True,True,False,,Sheet2,Sheet3,Sheet4,Sheet7,Sheet8
patient_10a_exp_1,2023_11_01_CGNs_isolated3010_CSF_3.xlsx,10a_1..25/2023_11_01_CGNs_isolated3010_CSF_3.xlsx,10a,SMA,1_25,ROI_115,DL,0.007086614173228346,False,1.8771509631734735,12.711361796508186,102.0,38.772723207104676,1,False,True,0.07651691585167797,-0.5969874605930419,0.7500212922963978,1.8717851767637523,1.6157485257525344,2.1278218277749703,13.386315054250877,11.753897835199828,15.018732273301927,0.020110289625832455,-0.406071287485603,0.4462918667372679,113.48730609254952,-7517.222294756937,7744.196906942036,0.9956060012837625,0.9893702955670114,True,True,2.2629136222616912,79.35102419090222,254.0,262.44577312232053,2,True,True,0.42464840220052263,0.2654229068634031,0.5838738975376422,2.184682272075321,2.0247671536048544,2.3445973905457875,63.00491645802565,49.399110453951664,76.61072246209963,1.4999870219457363e-09,,,100.00048236419751,-1621628316.0149953,1621628516.01596,0.7616983771747344,0.9999999993134073,True,True,False,,False,,True,True,False,,Sheet2,Sheet3,Sheet4,Sheet7,Sheet8
patient_10a_exp_1,2023_11_01_CGNs_isolated3010_CSF_3.xlsx,10a_1..25/2023_11_01_CGNs_isolated3010_CSF_3.xlsx,10a,SMA,1_25,ROI_116,DM,0.031496062992125984,False,2.8825081872074882,13.268062107021237,102.0,65.93974065491417,1,False,True,0.13187618582687716,-6784.597494566253,6784.861246937906,3.103528014245498,2.6491821650638867,3.557873863427109,12.702104582629875,10.449089096790109,14.955120068469641,0.040180192839870434,-6784.2211955506855,6784.301555936366,6572.9356773344125,-1123214207.1313238,1123227353.0026784,0.9813675995006843,0.9872188542342093,True,True,3.120461631201248,71.80636547191094,254.0,296.5425659413416,1,False,True,0.23156981660384202,-0.5233284542855764,0.9864680874932604,3.3925987007861576,-9.615792580216612,16.400989981788925,63.482407314976584,-29.4996092526536,156.46442388260675,2.2976124751958402e-08,-13.841218908135694,13.841218954087942,100.00151343849802,-621568869.0067836,621569069.0098106,0.8665114171450579,0.9999999932275738,True,True,False,,False,,True,True,False,,Sheet2,Sheet3,Sheet4,Sheet7,Sheet8
patient_10a_exp_1,2023_11_01_CGNs_isolated3010_CSF_3.xlsx,10a_1..25/2023_11_01_CGNs_isolated3010_CSF_3.xlsx,10a,SMA,1_25,ROI_117,DN,0.012598425196850394,False,1.0843021780392144,7.898327725512431,102.0,19.749287706666564,1,False,True,0.07135925372729014,-0.051926700410389395,0.1946452078649697,0.9978900046431324,0.9595640489738001,1.0362159603124645,8.778617118644608,8.33009096847471,9.227143268814505,0.0069164501738461235,-0.0801758183510283,0.09400871869872054,101.34313742997435,-3415.501779918343,3618.1880547782916,0.9975853599597679,0.993116634411842,True,True,3.039695203921566,26.083743479579255,258.0,105.01237268980371,1,False,True,0.03517222994431882,-0.03657460677826273,0.10691906666690036,3.436188871888443,3.2640445651538537,3.608333178623032,21.591939694711876,20.148558429829375,23.035320959594376,1.200211874847828e-07,-0.1974795948435055,0.19747983488588047,100.00002473085866,-179852326.28220737,179852526.28225684,0.9890337932716281,0.9999999650714242,True,True,False,,False,,True,True,False,,Sheet2,Sheet3,Sheet4,Sheet7,Sheet8
patient_10a_exp_1,2023_11_01_CGNs_isolated3010_CSF_3.xlsx,10a_1..25/2023_11_01_CGNs_isolated3010_CSF_3.xlsx,10a,SMA,1_25,ROI_118,DO,0.16456692913385826,False,2.139666010920839,7.772659653760186,102.0,30.360663558210188,1,False,True,6.083544885432607e-12,,,2.0143735788018016,1.9997707275509944,2.0289764300526087,8.692173778429103,8.565035082648365,8.819312474209841,0.14486358926850945,0.13773588450491883,0.15199129403210007,100.0000000009517,,,0.9989325816242391,0.9329098297256653,True,True,4.184135851517267,21.135746290789484,254.0,118.77703529915851,1,False,True,2.7467661751236544e-09,,,4.641942277059197,4.598409523377349,4.6854750307410455,22.403885469441466,22.084065148464973,22.72370579041796,4.672760637717826e-11,,,100.00000000701566,,,0.9958106612725005,0.9999999999899335,True,True,False,,False,,True,True,False,,Sheet2,Sheet3,Sheet4,Sheet7,Sheet8
patient_10a_exp_1,2023_11_01_CGNs_isolated3010_CSF_3.xlsx,10a_1..25/2023_11_01_CGNs_isolated3010_CSF_3.xlsx,10a,SMA,1_25,ROI_119,DP,0.1078740157480315,False,1.8709963864815273,10.106052745600692,102.0,27.370128747495418,1,False,True,0.029837945854910737,-0.3209137529296055,0.38058964463942696,1.8438989773151324,1.6965714338661877,1.9912265207640771,11.685044193480083,10.755501252446178,12.614587134513988,0.00045252838077963325,-0.21042634113862224,0.21133139790018152,101.87249048314767,-164416.11997933136,164619.86496029768,0.9972425174011277,0.9997546409242587,True,True,1.708866227473266,59.2828478575577,258.0,121.88066567421694,1,False,True,0.019037247282198046,-0.33027508300197683,0.3683495775663729,1.9042821006794413,-5.672003208765006,9.48056741012389,52.48855955605806,-9.457193706670843,114.43431281878696,1.0002936242070582e-06,-7.389948604260335,7.3899506048475825,100.0000319813825,-331618745.697841,331618945.697905,0.9352753399926863,0.9999994747138051,True,True,False,,False,,True,True,False,,Sheet2,Sheet3,Sheet4,Sheet7,Sheet8
patient_10a_exp_1,2023_11_01_CGNs_isolated3010_CSF_3.xlsx,10a_1..25/2023_11_01_CGNs_isolated3010_CSF_3.xlsx,10a,SMA,1_25,ROI_120,DQ,0.12440944881889764,False,2.8181637542039666,10.135806179311984,102.0,37.535988638296274,1,False,True,0.01329797603016085,-0.6964701100676189,0.7230660621279406,2.9713765747156438,2.755313175190058,3.1874399742412294,10.671701255436764,9.80240808020527,11.540994430668258,0.0002285184807107992,-0.5005637746394829,0.5010208116009045,111.19326535538745,-662221.3573222266,662443.7438529375,0.9960600526901862,0.9999230993104589,True,True,2.8801400588221284,29.28086943186031,254.0,127.28639272561765,1,False,True,0.056583743279869446,0.02493870511623491,0.08822878144350399,3.370148683485951,3.293535675048235,3.4467616919236668,28.332692720909815,27.000550492571616,29.664834949248014,2.5953735085596743e-11,,,100.00000000431791,,,0.9738218222814422,0.9999999999922989,True,True,False,,False,,True,True,False,,Sheet2,Sheet3,Sheet4,Sheet7,Sheet8
patient_10a_exp_1,2023_11_01_CGNs_isolated3010_CSF_3.xlsx,10a_1..25/2023_11_01_CGNs_isolated3010_CSF_3.xlsx,10a,SMA,1_25,ROI_121,DR,0.02283464566929134,False,3.893132621197691,15.203556610940481,102.0,79.82529070424222,1,False,True,0.03361983632957762,-1352.7732923265794,1352.8405319992385,4.153356811916806,3.3505382097207552,4.956175414112857,16.149269394862706,13.144722682990963,19.15381610673445,0.007286288880093105,-1351.9811897160291,1351.9957622937893,2490.6003995447118,-478611877.32338136,478616858.5241805,0.9900240113427743,0.9982487589770204,True,True,3.833755582389028,78.27884458383451,255.0,341.19456989718896,1,False,True,2.7821618463326426e-10,,,4.425552432199432,4.307791535912786,4.543313328486079,77.48375342108181,73.79880458317717,81.16870225898646,5.241247713862929e-12,,,100.0082327473259,-36926868539.104546,36926868739.12101,0.9304850877784672,0.9999999999988157,True,True,False,,False,,True,True,False,,Sheet2,Sheet3,Sheet4,Sheet7,Sheet8
patient_10a_exp_1,2023_11_01_CGNs_isolated3010_CSF_3.xlsx,10a_1..25/2023_11_01_CGNs_isolated3010_CSF_3.xlsx,10a,SMA,1_25,ROI_122,DS,0.03937007874015748,False,1.1518126712629067,9.778245261329062,102.0,19.334015626140783,1,False,True,0.03954894770036195,-0.15746032963545342,0.23655822503617735,1.1446768379699865,1.0874929069492978,1.2018607689906753,10.346304109315996,9.74790720041844,10.944701018213552,0.006593956107582523,-0.13508467458067205,0.14827258679583707,111.83054725848643,-6227.140287819026,6450.801382335998,0.9978439067130476,0.9942724542813876,True,True,1.328508962714162,34.38672902164481,263.0,67.13542457379847,1,False,True,0.03485529453735041,-0.16539203734583924,0.23510262642054003,1.468688466925885,0.6838696558120843,2.253507278039686,27.349936756131683,18.41732871591282,36.28254479635055,8.528931008053688e-06,-0.6191334899457108,0.6191505478077268,100.00053992559285,-11334738.690116001,11334938.691195851,0.9768636583534169,0.9999941928586821,True,True,False,,False,,True,True,False,,Sheet2,Sheet3,Sheet4,Sheet7,Sheet8
patient_10a_exp_1,2023_11_01_CGNs_isolated3010_CSF_3.xlsx,10a_1..25/2023_11_01_CGNs_isolated3010_CSF_3.xlsx,10a,SMA,1_25,ROI_123,DT,0.012598425196850394,False,1.9801352206349052,9.840476591491083,102.0,30.053651950548208,1,False,True,0.044709620848176305,-0.3938539380836375,0.4832731797799901,2.045139837599654,1.9160441430247703,2.1742355321745377,10.403973976280247,9.648565916085253,11.15938203647524,0.006019166693836132,-0.3076845404922433,0.31972287387991555,111.46030742414074,-15347.806815242124,15570.727430090405,0.9966488824941215,0.997065480208391,True,True,2.184572758717855,36.11518371847893,253.0,122.62759194297361,1,False,True,0.00866755134046905,-0.13962750215241843,0.1569626048333565,2.521382027017017,1.4758443100720926,3.5669197439619413,42.39791486046739,31.927457104724095,52.86837261621068,2.3396605831949079e-07,-1.1278088414446086,1.1278093093767252,100.00001535266833,-216181072.3397103,216181272.339741,0.9731930127117353,0.9999999072072243,True,True,False,,False,,True,True,False,,Sheet2,Sheet3,Sheet4,Sheet7,Sheet8
patient_10a_exp_1,2023_11_01_CGNs_isolated3010_CSF_3.xlsx,10a_1..25/2023_11_01_CGNs_isolated3010_CSF_3.xlsx,10a,SMA,1_25,ROI_124,DU,0.024409448818897637,False,2.0825984987874,10.924595686392465,102.0,38.01377605210115,1,False,True,1.1923046098557325e-07,-0.21362548408993612,0.21362572255085807,1.924694509855192,1.823246996717197,2.026142022993187,12.414571876989394,11.806266799863135,13.022876954115652,0.1609921526252114,0.042926996682601665,0.2790573085678212,100.0000040581321,-185.37476476101688,385.3747728772811,0.9992261601057905,0.9228109593251407,True,True,2.863416762611704,36.37363482030011,256.0,162.69440542393644,1,False,True,0.0980889750430637,0.06432904451518477,0.13184890557094264,3.2255632753562637,3.162316726224928,3.2888098244875996,35.8508060662799,34.23371156423487,37.46790056832493,7.456289806758728e-11,,,100.0000000005253,,,0.9784380513151152,0.9999999999768837,True,True,False,,False,,True,True,False,,Sheet2,Sheet3,Sheet4,Sheet7,Sheet8
patient_10a_exp_1,2023_11_01_CGNs_isolated3010_CSF_3.xlsx,10a_1..25/2023_11_01_CGNs_isolated3010_CSF_3.xlsx,10a,SMA,1_25,ROI_125,DV,0.027559055118110236,False,2.18498029917675,13.570358656449002,102.0,49.11013209667517,1,False,True,0.08441221400479941,-0.4640172871103631,0.6328417151199619,2.1905593974350084,1.8968838355479005,2.4842349593221162,15.117245328049421,13.551589600342147,16.682901055756695,0.03799338057759448,-0.23300808233124215,0.30899484348643114,105.83853977615429,-3251.949958058986,3463.627037611295,0.9980641126395908,0.9829515455265652,True,True,2.748825462885362,54.41619322844008,257.0,198.9932477689335,1,False,True,0.0037803343619818713,-0.3098031276360869,0.3173637963600507,3.2646707364217638,0.40159633329606637,6.127745139547461,51.47748340928539,26.361779584021956,76.59318723454882,2.8834684941495198e-08,-3.2193462628201726,3.2193463204895423,100.00000449164641,-443786949.66569084,443787149.6656998,0.9489714397498689,0.9999999911676591,True,True,False,,False,,True,True,False,,Sheet2,Sheet3,Sheet4,Sheet7,Sheet8
patient_10a_exp_1,2023_11_01_CGNs_isolated3010_CSF_3.xlsx,10a_1..25/2023_11_01_CGNs_isolated3010_CSF_3.xlsx,10a,SMA,1_25,ROI_126,DW,0.002362204724409449,False,2.214659144138183,9.293059775701181,102.0,34.07027240543909,1,False,True,2.0273547126581373e-06,-0.1881638959036604,0.18816795061308572,2.03984121657231,1.961756232052814,2.117926201091806,11.133800346724335,10.689854335760414,11.577746357688257,0.12516819377755317,0.010898900817021676,0.23943748673808468,100.0000020448,-213.13128491519353,413.13128900479353,0.9992632907148645,0.9421858430826284,True,True,2.427589034031604,33.874469331311445,258.0,138.60302554619605,1,False,True,0.1660801505245395,,,2.572282581091956,,,28.34619781443466,,,5.618158761341597e-11,,,100.00000009377794,,,0.9811293981063858,0.9999999999781588,True,True,False,,False,,True,True,False,,Sheet2,Sheet3,Sheet4,Sheet7,Sheet8
patient_10a_exp_1,2023_11_01_CGNs_isolated3010_CSF_3.xlsx,10a_1..25/2023_11_01_CGNs_isolated3010_CSF_3.xlsx,10a,SMA,1_25,ROI_127,DX,0.007874015748031496,False,2.352768747924547,12.024033033943951,102.0,46.297032338346604,1,False,True,0.0773568952837696,-722.6846547563665,722.839368546934,2.4755403165267578,2.23580579994031,2.7152748331132055,11.997675088413096,10.515167387770845,13.480182789055348,0.02248839804629231,-722.491857425907,722.5368342219997,2892.4280951904966,-95464194.25843865,95469979.11462903,0.9895775071066923,0.9909975422159485,True,True,2.346771990431561,48.830708160722196,254.0,143.55348007274304,1,False,True,1.8729559111634557e-07,-0.04696015590768344,0.04696053049886568,2.5464639682847388,2.4879274357614145,2.605000500808063,50.67760179398205,47.478404907112626,53.87679868085147,1.2661174128398422e-09,,,100.00000001684502,-971339636.5013831,971339836.5013831,0.9679580888866417,0.999999999502794,True,True,False,,False,,True,True,False,,Sheet2,Sheet3,Sheet4,Sheet7,Sheet8
patient_10a_exp_1,2023_11_01_CGNs_isolated3010_CSF_3.xlsx,10a_1..25/2023_11_01_CGNs_isolated3010_CSF_3.xlsx,10a,SMA,1_25,ROI_128,DY,0.03385826771653543,False,2.2454922400939865,15.259436301956526,102.0,57.72655989077416,1,False,True,0.10364425982814181,-3487.5715942292873,3487.778882748944,2.366204798189565,1.920370994922406,2.812038601456724,15.41265395171481,12.477344857216602,18.347963046213017,0.027181038811491698,-3487.192066642774,3487.2464287203975,5212.831943196129,-679766648.6548296,679777074.3187159,0.987877360731794,0.9886432691330915,True,True,2.2972597439936417,67.34324910205416,253.0,206.47961615391802,1,False,True,3.47895892906456e-05,-0.974464157036775,0.9745337362153562,2.7762042848813215,-91.11063569231992,96.66304426208255,68.61934051224863,-329.2702497601214,466.50893078461866,4.477023374351775e-06,-93.34959106788833,93.34960002193509,100.00001701936208,-471984975.45771253,471985175.4577466,0.8791548405590951,0.9999983873606929,True,True,False,,False,,True,True,False,,Sheet2,Sheet3,Sheet4,Sheet7,Sheet8
patient_10a_exp_1,2023_11_01_CGNs_isolated3010_CSF_3.xlsx,10a_1..25/2023_11_01_CGNs_isolated3010_CSF_3.xlsx,10a,SMA,1_25,ROI_129,DZ,0.011023622047244094,False,1.6335423825242679,8.303815986705644,102.0,22.23142229126192,1,False,True,0.013348352625604663,-0.1337327789361746,0.16042948418738393,1.5748798186383628,1.525799164352093,1.6239604729246326,9.223002899563008,8.859543375804982,9.586462423321034,0.05434992431542889,-0.04631815368236227,0.15501800231322005,100.40451077552007,-437.704435851776,638.5134574028161,0.9987657605784583,0.966640724213092,True,True,3.4927363611650426,39.87031993952354,256.0,205.1534434480576,1,False,True,0.1488181793380287,0.10331530898286484,0.19432104969319258,3.6241739941289093,3.548088361772901,3.7002596264849177,39.512102333437426,37.50661500531812,41.517589661556734,1.9093602090896625e-10,,,100.00000000049275,,,0.974409698335245,0.9999999999473159,True,True,False,,False,,True,True,False,,Sheet2,Sheet3,Sheet4,Sheet7,Sheet8
patient_10a_exp_1,2023_11_01_CGNs_isolated3010_CSF_3.xlsx,10a_1..25/2023_11_01_CGNs_isolated3010_CSF_3.xlsx,10a,SMA,1_25,ROI_130,EA,0.08976377952755905,False,1.226620509074231,10.944647330646731,102.0,20.13611621674105,1,False,True,5.240188951817928e-08,-0.1493449079184447,0.14934501272222375,1.1911463764524564,1.1167697649301769,1.2655229879747358,12.877618180515332,12.158091486685818,13.597144874344847,0.04901050736888265,-0.030439812637381623,0.1284608273751469,100.00000013249674,-562.966012272208,762.9660125372016,0.9990624127916065,0.9604803972721057,True,True,2.5522075153000814,22.39302524381708,262.0,79.09803849303111,1,False,True,0.03706819529998429,-0.1439456697099758,0.21808206030994437,2.908055740906668,2.5689669730451254,3.2471445087682107,17.667975449505228,15.56291928147198,19.773031617538475,1.5512704094612986e-05,-0.21429856155688545,0.21432958696507468,100.03849000230802,-4257836.245764933,4258036.322744937,0.9849588512969444,0.9999946656382386,True,True,False,,False,,True,True,False,,Sheet2,Sheet3,Sheet4,Sheet7,Sheet8
patient_10a_exp_1,2023_11_01_CGNs_isolated3010_CSF_3.xlsx,10a_1..25/2023_11_01_CGNs_isolated3010_CSF_3.xlsx,10a,SMA,1_25,ROI_131,EB,0.01732283464566929,False,2.6134595852243363,8.997389755088506,102.0,46.47136907871892,1,False,True,1.1110978087715766e-07,-0.09050620361546664,0.0905064258350284,2.1088378557815886,2.019397751480685,2.198277960082492,12.700214680706111,11.703586880000168,13.696842481412054,0.25036593165748733,0.06677998065880253,0.4339518826561721,100.000000009336,,,0.9907939174399782,0.8938769372147964,True,True,2.476036619067414,41.16775326441814,260.0,162.26026181867837,1,False,True,0.17885487810530187,-0.01146032212085249,0.3691700783314562,2.558934793006187,1.0866345317115043,4.03123505430087,37.354755876957036,27.542404581943863,47.16710717197021,9.464398147328518e-07,-1.3378747495875876,1.337876642467217,100.00000948804832,-124021439.21217588,124021639.21219486,0.9876381768788629,0.999999630143188,True,True,False,,False,,True,True,False,,Sheet2,Sheet3,Sheet4,Sheet7,Sheet8
patient_10a_exp_1,2023_11_01_CGNs_isolated3010_CSF_3.xlsx,10a_1..25/2023_11_01_CGNs_isolated3010_CSF_3.xlsx,10a,SMA,1_25,ROI_132,EC,0.028346456692913385,False,1.9531845398392926,15.989072123578097,102.0,45.15740191113447,1,False,True,0.048091009062857154,-1.7856847044430129,1.8818667225687273,2.0453399491987048,1.1112600508474402,2.9794198475499694,17.173031174274996,11.683272646938978,22.662789701611015,0.0043000499468500465,-0.9348612148025924,0.9434613146962926,115.80326153491127,-105847.26360027093,106078.87012334075,0.9880713934462997,0.9979020462380503,True,True,1.9759888611223315,80.93027101942283,260.0,228.0496248757509,1,False,True,0.2221373381034576,-0.5649249562499618,1.0091996324568768,2.0901950444452146,-21.501763653017512,25.68215374190794,71.92196680921217,-158.64633414411557,302.49026776253993,4.1873205196297335e-07,-24.444550850485605,24.444551687949712,100.0000000001392,,,0.7661303570712735,0.9999997996684714,True,True,False,,False,,True,True,False,,Sheet2,Sheet3,Sheet4,Sheet7,Sheet8
patient_10a_exp_1,2023_11_01_CGNs_isolated3010_CSF_3.xlsx,10a_1..25/2023_11_01_CGNs_isolated3010_CSF_3.xlsx,10a,SMA,1_25,ROI_133,ED,0.04173228346456693,False,1.9763002276904085,11.194850566632937,102.0,42.24302235362309,1,False,True,0.13395079638516125,-0.1922719287411249,0.4601735215114474,1.8952614414775493,1.7585418913375148,2.031980991617584,11.929899757215003,11.088648495728917,12.771151018701088,0.0015716675914677143,-0.194583452427235,0.1977267876101704,103.00546796968453,-44354.37566653883,44560.3866024782,0.9979548111949863,0.9991714254754658,True,True,2.114534540610544,54.69293782344198,263.0,181.5471036748687,1,False,True,0.3285794654947128,0.2842869450089055,0.37287198598052007,2.0003738206602706,1.9139764892930715,2.0867711520274694,34.37044370042957,30.980951922936697,37.75993547792244,8.493412875466819e-09,,,100.00000548188079,-485892908.8226521,485893108.82266307,0.907099070281214,0.999999995754087,True,True,False,,False,,True,True,False,,Sheet2,Sheet3,Sheet4,Sheet7,Sheet8
patient_10a_exp_1,2023_11_01_CGNs_isolated3010_CSF_3.xlsx,10a_1..25/2023_11_01_CGNs_isolated3010_CSF_3.xlsx,10a,SMA,1_25,ROI_134,EE,0.9937007874015747,True,,,,-61.576288053867685,0,False,False,,,,,,,,,,,,,,,,,,False,False,,,,-50.342973271695,0,False,False,,,,,,,,,,,,,,,,,,False,False,False,,False,,False,False,True,majority_negative_normalized_trace,Sheet2,Sheet3,Sheet4,Sheet7,Sheet8
patient_10a_exp_1,2023_11_01_CGNs_isolated3010_CSF_3.xlsx,10a_1..25/2023_11_01_CGNs_isolated3010_CSF_3.xlsx,10a,SMA,1_25,ROI_135,EF,0.05748031496062992,False,1.1671210374578804,5.974878457387007,102.0,12.61525534688261,1,False,True,0.0044117791635466105,-0.09298676731638258,0.10181032564347581,1.0811465567074332,1.0556547244112717,1.1066383890035947,6.798993491228992,6.533902847844776,7.064084134613208,0.039869967837619494,-0.03458424057893822,0.1143241762541772,100.02473856248909,-356.3366406931026,556.3861178180808,0.9977455168168492,0.9644340944449502,True,True,1.637836852407146,44.73498983154079,253.0,94.9139364405288,1,False,True,0.053313513929942824,-0.7786219896809878,0.8852490175408736,1.45818769274199,-16.238814079641216,19.155189465125197,50.210930186653734,-124.16985053251733,224.5917109058248,0.00015489954937822218,-16.921159675211552,16.92146947431031,100.0024961548193,-5698350.21662957,5698550.22162188,0.9427970413159126,0.999893783840507,True,True,False,,False,,True,True,False,,Sheet2,Sheet3,Sheet4,Sheet7,Sheet8
patient_10a_exp_1,2023_11_01_CGNs_isolated3010_CSF_3.xlsx,10a_1..25/2023_11_01_CGNs_isolated3010_CSF_3.xlsx,10a,SMA,1_25,ROI_136,EG,0.05196850393700787,False,1.4848731798064598,10.787491019156477,102.0,24.222060738684164,1,False,True,0.03237151658182284,-0.267900920327089,0.3326439534907347,1.4892675527168762,1.3843940750186103,1.594141030415142,12.109598740731492,11.270422729911052,12.948774751551932,0.003386755483285939,-0.19554173923567575,0.2023152502022476,111.64670218929076,-19432.406188186575,19655.699592565154,0.9980296348890202,0.9977310516811024,True,True,1.615153816870848,74.54165732128402,255.0,154.3620808688334,1,False,True,7.618272240313064e-06,-0.6443512982409222,0.6443665347854027,1.8914648308998752,-97.16677806509188,100.94970772689163,75.6263954213172,-439.3038163236545,590.5566071662888,3.922352800044503e-06,-98.81115931544998,98.81116716015559,100.00000326889987,-407837992.4213477,407838192.42135423,0.8777519055544705,0.9999979262925738,True,True,False,,False,,True,True,False,,Sheet2,Sheet3,Sheet4,Sheet7,Sheet8
patient_10a_exp_1,2023_11_01_CGNs_isolated3010_CSF_3.xlsx,10a_1..25/2023_11_01_CGNs_isolated3010_CSF_3.xlsx,10a,SMA,1_25,ROI_137,EH,0.1889763779527559,False,0.9494885601579077,7.705328827713359,102.0,17.097097424132542,1,False,True,1.1502067013028847e-08,,,0.7963526140924561,0.7713947201428533,0.8213105080420589,8.93346487911548,8.38606148186368,9.48086827636728,0.11496003309637104,0.08985610325618455,0.14006396293655754,100.00019978683329,63.41096935301328,136.5894302206533,0.9928393158098354,0.8738522575638622,True,True,,,,11.43121661358272,0,False,False,,,,,,,,,,,,,,,,,,False,False,False,,False,,True,False,False,,Sheet2,Sheet3,Sheet4,Sheet7,Sheet8
patient_10a_exp_1,2023_11_01_CGNs_isolated3010_CSF_3.xlsx,10a_1..25/2023_11_01_CGNs_isolated3010_CSF_3.xlsx,10a,SMA,1_25,ROI_138,EI,0.06299212598425197,False,1.0686261944494768,5.781604054015261,102.0,14.53181072116783,1,False,True,5.941546222025185e-13,,,0.9004380635045969,0.8782825769766341,0.9225935500325596,7.179003110032147,6.835846483508908,7.522159736555386,0.10476858611742405,0.09555614412343182,0.11398102811141629,100.00000000000162,,,0.9886687621633619,0.8957740817205903,True,True,,,,6.333377959802006,0,False,False,,,,,,,,,,,,,,,,,,False,False,False,,False,,True,False,False,,Sheet2,Sheet3,Sheet4,Sheet7,Sheet8
patient_10a_exp_1,2023_11_01_CGNs_isolated3010_CSF_3.xlsx,10a_1..25/2023_11_01_CGNs_isolated3010_CSF_3.xlsx,10a,SMA,1_25,ROI_139,EJ,0.23937007874015748,False,,,,15.807966850379202,0,False,False,,,,,,,,,,,,,,,,,,False,False,1.405748404064984,24.96928443164316,260.0,33.22634452599427,1,False,True,1.2820624453038396e-10,,,1.6495368457997281,1.6061363008668508,1.6929373907326055,19.000125060031976,18.242503464130255,19.757746655933698,2.9249124009835243e-13,,,100.00000000478467,,,0.9720125243582793,0.9999999999998227,True,True,False,,False,,False,True,False,,Sheet2,Sheet3,Sheet4,Sheet7,Sheet8
patient_10a_exp_1,2023_11_01_CGNs_isolated3010_CSF_3.xlsx,10a_1..25/2023_11_01_CGNs_isolated3010_CSF_3.xlsx,10a,SMA,1_25,ROI_140,EK,0.06850393700787402,False,1.3466437815722068,8.367349220769498,102.0,20.259897884764282,1,False,True,1.2356017217051124e-11,,,1.1741829889535615,1.1509668947916714,1.1973990831154517,11.092693898074927,10.62404885483845,11.561338941311403,0.098922917346265,0.08470512425229829,0.11314071044023172,100.00000000000017,,,0.9923158329633337,0.9222979668409709,True,True,0.6843230822065043,29.627501118547542,258.0,26.999969682269146,1,False,True,0.0026791860330465577,-0.06617097728664453,0.07152934935273764,0.7596565707734367,0.4620246236934683,1.0572885178534053,28.719420942752695,22.22433768379784,35.21450420170755,0.00035336058571533587,-0.23941435668620967,0.24012107785764034,100.08753477205175,-97936.0648015613,98136.23987110541,0.9911314601719768,0.9995350579365675,True,True,False,,False,,True,True,False,,Sheet2,Sheet3,Sheet4,Sheet7,Sheet8
patient_10a_exp_1,2023_11_01_CGNs_isolated3010_CSF_3.xlsx,10a_1..25/2023_11_01_CGNs_isolated3010_CSF_3.xlsx,10a,SMA,1_25,ROI_141,EL,0.014960629921259842,False,1.3137799600938396,9.3474182237659,102.0,23.22558602191261,1,False,True,2.2606816025470245e-14,,,1.1397383901518823,1.115800802560978,1.1636759777427865,10.717490493744615,10.322629874402816,11.112351113086413,0.1410409560833737,0.11554879600517448,0.1665331161615729,100.00000110189973,72.1373827408474,127.86261946295205,0.9979809571229816,0.8898788019201342,True,True,0.9501010261445882,33.36206537052155,260.0,45.12844613251182,1,False,True,0.026653165196997102,-0.06405022713049822,0.11735655752449244,1.0293400387229532,0.5944947970399073,1.4641852804059992,30.126849989319687,23.18830064810806,37.065399330531314,0.00015860201106586815,-0.357477676811031,0.35779488083316274,100.03363951095703,-300302.923955203,300502.99123422493,0.9926821345369583,0.9998459424764731,True,True,False,,False,,True,True,False,,Sheet2,Sheet3,Sheet4,Sheet7,Sheet8
patient_10a_exp_1,2023_11_01_CGNs_isolated3010_CSF_3.xlsx,10a_1..25/2023_11_01_CGNs_isolated3010_CSF_3.xlsx,10a,SMA,1_25,ROI_142,EM,0.03464566929133858,False,1.834517062646377,5.498100254066102,102.0,20.394469190036144,1,False,True,3.0706831903452535e-13,,,1.5548448517622024,1.5158193855855626,1.5938703179388423,7.337891948496756,6.978698332074975,7.697085564918536,0.10996506700368155,0.09345171635628467,0.12647841765107842,100.00000001261627,,,0.9875353866651638,0.9339473739529386,True,True,2.1383813422129396,25.30288951268949,256.0,103.00433787184382,1,False,True,0.09280675813232774,-0.18386517623714865,0.36947869250180415,2.0644647386724477,0.519196126690757,3.6097333506541385,32.233523919521964,20.099764418114262,44.36728342092967,3.8717906609450235e-05,-1.3056846900125203,1.3057621258257393,100.00080571111978,-4006637.8719293056,4006837.8735407274,0.9862400871980634,0.9999812458988694,True,True,False,,False,,True,True,False,,Sheet2,Sheet3,Sheet4,Sheet7,Sheet8
patient_10a_exp_1,2023_11_01_CGNs_isolated3010_CSF_3.xlsx,10a_1..25/2023_11_01_CGNs_isolated3010_CSF_3.xlsx,10a,SMA,1_25,ROI_143,EN,0.011811023622047244,False,1.5885911908984394,6.245897120500587,102.0,20.238166092268568,1,False,True,2.7013925915165232e-14,,,1.3872860756906182,1.358316971645428,1.4162551797358085,7.532291013612193,7.207022158459184,7.857559868765202,0.11770464178834997,0.09109891221752701,0.1443103713591729,100.00000156310001,59.402082351123724,140.59792077507632,0.9953124805730045,0.9217904533088956,True,True,1.6021995312802655,23.19566527911013,257.0,65.29319955666253,1,False,True,0.03682819836473949,-0.13743558003411321,0.2110919767635922,1.5503970690074733,0.7687658511443363,2.33202828687061,29.19142701248339,20.86410325287426,37.518750772092524,0.00014015252794045713,-0.6343898162618168,0.6346701213176976,100.00591076287606,-634814.5562434722,635014.5680649978,0.9869869249000967,0.9999096103427935,True,True,False,,False,,True,True,False,,Sheet2,Sheet3,Sheet4,Sheet7,Sheet8
patient_10a_exp_1,2023_11_01_CGNs_isolated3010_CSF_3.xlsx,10a_1..25/2023_11_01_CGNs_isolated3010_CSF_3.xlsx,10a,SMA,1_25,ROI_144,EO,0.2669291338582677,False,0.7328060898963564,4.583423387855277,102.0,6.721420334629263,1,False,True,2.2209456506221368e-14,,,0.6645736216370873,0.6477511262680704,0.6813961170061043,4.972650370210727,4.739444683561909,5.2058560568595444,0.04076913061735584,0.035377295683656454,0.04616096555105523,100.00000000121194,,,0.9872195327879586,0.9421995469762069,True,True,0.9053785194593219,16.77626826724608,259.0,20.174206253126023,1,False,True,2.0611905850709923e-06,-0.005798322426096788,0.005802444807266931,1.007639409312178,0.990261762343181,1.0250170562811751,13.646895013646846,13.246169625295973,14.047620401997719,4.1194897775494175e-09,,,100.00004450798686,-312359152.4158543,312359352.4159433,0.9879291094557494,0.999999995911742,True,True,False,,False,,True,True,False,,Sheet2,Sheet3,Sheet4,Sheet7,Sheet8
patient_10a_exp_1,2023_11_01_CGNs_isolated3010_CSF_3.xlsx,10a_1..25/2023_11_01_CGNs_isolated3010_CSF_3.xlsx,10a,SMA,1_25,ROI_145,EP,0.05905511811023622,False,0.9016716270457178,8.897947796654393,102.0,12.397200947027546,1,False,True,8.615413917489271e-13,,,0.8456085111171894,0.8148988575662122,0.8763181646681666,12.028714265270043,11.330808679924257,12.72661985061583,0.018835240099505334,-0.01438203801844164,0.05205251821745231,100.00001159239963,-156.54192194752983,356.5419451323291,0.9954236982818131,0.9782111443653854,True,True,,,,29.10561630959781,0,False,False,,,,,,,,,,,,,,,,,,False,False,False,,False,,True,False,False,,Sheet2,Sheet3,Sheet4,Sheet7,Sheet8
patient_10a_exp_1,2023_11_01_CGNs_isolated3010_CSF_3.xlsx,10a_1..25/2023_11_01_CGNs_isolated3010_CSF_3.xlsx,10a,SMA,1_25,ROI_146,EQ,0.028346456692913385,False,3.1188472931583906,19.31760562933627,102.0,66.99021816283968,1,False,True,3.858220090852924e-12,,,3.410323654590518,3.3203307142595513,3.5003165949214843,19.26993872576741,18.45975543160276,20.080122019932062,3.4469131162413586e-13,,,100.00000000003858,,,0.9793459131880894,0.999999999999899,True,True,2.9936422238317326,101.71739584089792,254.0,352.05925046868845,1,False,True,1.7401499242588193e-08,,,4.584524872025698e-10,,,1.00004953274059,,,3.3042438093651905,3.0173513160899983,3.5911363026403826,121.11660026377575,97.3112294671242,144.9219710604273,0.9104137497208545,1.3874656762299837e-10,True,True,False,,False,,True,True,False,,Sheet2,Sheet3,Sheet4,Sheet7,Sheet8
patient_10a_exp_1,2023_11_01_CGNs_isolated3010_CSF_3.xlsx,10a_1..25/2023_11_01_CGNs_isolated3010_CSF_3.xlsx,10a,SMA,1_25,ROI_147,ER,0.03622047244094488,False,2.4697278913301943,17.750925812695883,102.0,56.354143292267786,1,False,True,2.656956872685467e-12,,,2.8618923553711046,2.778752417117914,2.9450322936242954,17.65034476004463,16.838807448093654,18.461882071995603,4.742301046748712e-13,,,100.00000000082993,,,0.9753839060580698,0.9999999999998342,True,True,2.3465834675418336,79.78131421435066,257.0,236.47153315831827,1,False,True,1.765576532072416e-10,,,2.7380737615539332,2.6638944264324333,2.812253096675433,84.7717396051661,80.38791852794294,89.15556068238926,5.917728786442305e-09,,,100.00000005111362,-605974517.5828309,605974717.5828309,0.9189032412029146,0.9999999978387255,True,True,False,,False,,True,True,False,,Sheet2,Sheet3,Sheet4,Sheet7,Sheet8
patient_10a_exp_1,2023_11_01_CGNs_isolated3010_CSF_3.xlsx,10a_1..25/2023_11_01_CGNs_isolated3010_CSF_3.xlsx,10a,SMA,1_25,ROI_148,ES,0.03700787401574803,False,3.5459598997275172,14.33334668793674,102.0,72.78130983215244,1,False,True,0.055650960285083824,-3415.6134702522277,3415.724772172798,3.9590776018447293,3.2044748735983415,4.713680330091117,13.898456648242961,10.951219232046487,16.845694064439435,0.008969025198273771,-3414.8843768557326,3414.9023149061295,3771.357037234982,-1467374972.380264,1467382515.0943387,0.9785919267419658,0.997739687548743,True,True,3.268597551316981,71.7953213605254,255.0,311.93040993024476,1,False,True,4.666460268900798e-12,,,3.8898091787011797,3.735545548378353,4.044072809024007,75.87510401884803,70.33505636289281,81.41515167480325,8.640084056717154e-09,,,100.00000274211928,-784879455.4404982,784879655.4405037,0.8556623009195471,0.9999999977787897,True,True,False,,False,,True,True,False,,Sheet2,Sheet3,Sheet4,Sheet7,Sheet8
patient_10a_exp_1,2023_11_01_CGNs_isolated3010_CSF_3.xlsx,10a_1..25/2023_11_01_CGNs_isolated3010_CSF_3.xlsx,10a,SMA,1_25,ROI_149,ET,0.02283464566929134,False,2.4793959971765407,12.891501671116558,102.0,44.719232126998804,1,False,True,0.02286087582075476,-117.91188965294705,117.95761140458856,2.624085441037763,2.3669165413271567,2.8812543407483697,13.65053774508392,12.161978708981513,15.139096781186327,0.004597217586437168,-117.6659776520031,117.67517208717597,1210.744116734039,-33192246.029372405,33194667.517605875,0.9944224327526818,0.9982511325315916,True,True,2.443919007727563,62.93529527713264,253.0,176.0912003418842,1,False,True,1.550338750253851e-08,-0.09000591238809014,0.09000594339486515,2.872751129002507,2.777740939937152,2.9677613180678617,59.38483154003959,53.687329481492306,65.08233359858687,9.800893999945322e-12,,,100.00000016203339,-22586449373.31086,22586449573.31086,0.9409299223720395,0.9999999999965883,True,True,False,,False,,True,True,False,,Sheet2,Sheet3,Sheet4,Sheet7,Sheet8
patient_10a_exp_1,2023_11_01_CGNs_isolated3010_CSF_3.xlsx,10a_1..25/2023_11_01_CGNs_isolated3010_CSF_3.xlsx,10a,SMA,1_25,ROI_150,EU,0.023622047244094488,False,3.3207411604538084,13.749789008684502,102.0,77.17068570307941,1,False,True,0.13630665948531573,-4862.635221968038,4862.907835287008,3.5611281282284044,3.0558646680168384,4.066391588439971,13.24088047419622,11.04190772823593,15.439853220156511,0.03475456830963464,-4862.215487249662,4862.284996386282,5372.725330668817,-762956375.247012,762967120.6976734,0.9854234804319157,0.990334899316072,True,True,3.3313579883306317,65.42987748288809,254.0,288.6080096168558,1,False,True,3.0416015552098924e-11,,,3.9216177772879983,-0.23647914813598847,8.079714702711986,67.4632560492844,36.49349363873871,98.43301845983008,1.8038489219997584e-08,-4.241981717147306,4.241981753224284,100.00002125661219,-588859658.8904229,588859858.8904654,0.9046611561963087,0.9999999954002429,True,True,False,,False,,True,True,False,,Sheet2,Sheet3,Sheet4,Sheet7,Sheet8
patient_10a_exp_1,2023_11_01_CGNs_isolated3010_CSF_3.xlsx,10a_1..25/2023_11_01_CGNs_isolated3010_CSF_3.xlsx,10a,SMA,1_25,ROI_151,EV,0.046456692913385826,False,3.134781371256581,7.459662460724914,102.0,39.1015525844995,1,False,True,2.083878221003722e-11,,,2.9639919419612166,2.895814982468231,3.0321689014542024,8.624214078297781,8.230472970525257,9.017955186070305,0.16449593800964005,0.09700571634920609,0.23198615967007402,100.00004892299218,30.214917508124984,169.78518033785937,0.9954084973418877,0.9474199855263071,True,True,3.034238406621517,50.39191297304211,253.0,213.15718731798307,1,False,True,0.12793771128317766,0.057069664723560856,0.19880575784279447,3.3234286181112562,3.229558599673709,3.4172986365488036,47.982362182805524,44.35599259162701,51.60873177398404,7.020809919448007e-11,,,100.00000002228958,-45644583386.3223,45644583586.3223,0.9522408249002089,0.9999999999788748,True,True,False,,False,,True,True,False,,Sheet2,Sheet3,Sheet4,Sheet7,Sheet8
patient_10a_exp_1,2023_11_01_CGNs_isolated3010_CSF_3.xlsx,10a_1..25/2023_11_01_CGNs_isolated3010_CSF_3.xlsx,10a,SMA,1_25,ROI_152,EW,0.07007874015748032,False,3.5445191314347793,6.905178849963278,101.0,41.77670020122847,1,False,True,3.683916917075751e-11,,,3.5827355050021503,3.4833095924200035,3.682161417584297,8.655856032824875,8.17977192540572,9.13194014024403,0.16853360382157698,0.06993867858842101,0.26712852905473294,100.00032254460437,0.6482566617871726,199.35238842742157,0.9933074446454468,0.9550729102785102,True,True,3.19539656020921,38.78717987380884,253.0,206.93754286434623,1,False,True,0.2718674824262203,-0.011071474753983512,0.5548064396064241,3.0883203434089843,0.789632508508435,5.387008178309534,39.651778687763965,26.53417194534996,52.76938543017797,8.076926519683548e-07,-2.1532806507435143,2.153282266128818,100.00000338027917,-205091111.70037547,205091311.7003822,0.9702808730041829,0.9999997384686979,True,True,False,,False,,True,True,False,,Sheet2,Sheet3,Sheet4,Sheet7,Sheet8
patient_10a_exp_1,2023_11_01_CGNs_isolated3010_CSF_3.xlsx,10a_1..25/2023_11_01_CGNs_isolated3010_CSF_3.xlsx,10a,SMA,1_25,ROI_153,EX,0.40551181102362205,False,2.3942640048573125,10.73317268473916,102.0,44.226017898239036,1,False,True,2.624321118807181e-09,,,2.0332480088495433,2.0033311095718562,2.0631649081272303,13.984965388612753,13.522779343063334,14.447151434162173,0.20408683695668348,0.18109423972254274,0.22707943419082421,100.00000000000453,,,0.995991316443156,0.9087812727990922,True,True,3.0671206479659947,25.72297169334871,260.0,83.35647595239797,1,False,True,2.6329412189570562e-11,,,3.509068259924813,3.428093391026997,3.5900431288226287,21.50541056087241,20.751001382930053,22.259819738814766,1.424095228662421e-12,,,100.0000000001964,,,0.9766276487880984,0.9999999999995941,True,True,False,,False,,True,True,False,,Sheet2,Sheet3,Sheet4,Sheet7,Sheet8
patient_10a_exp_1,2023_11_01_CGNs_isolated3010_CSF_3.xlsx,10a_1..25/2023_11_01_CGNs_isolated3010_CSF_3.xlsx,10a,SMA,1_25,ROI_154,EY,0.05748031496062992,False,2.080541102380818,6.937663428090502,102.0,34.243865435619085,1,False,True,1.3968577777860887e-08,,,1.5726563982556054,1.523120033492724,1.622192763018487,10.33937375186454,9.65524215487726,11.02350534885182,0.24105727343949593,0.2127035396570401,0.2694110072219517,100.00000000159032,,,0.9821755426301743,0.8670918804872859,True,True,1.9763503682040373,25.63322241140301,259.0,57.65436942093985,1,False,True,5.711328430609332e-10,,,2.2340606293969576,2.1895036081721067,2.2786176506218085,22.49649774916278,21.81343129809193,23.17956420023363,6.374923693277979e-11,,,100.00000000749553,,,0.9818169050831655,0.9999999999714647,True,True,False,,False,,True,True,False,,Sheet2,Sheet3,Sheet4,Sheet7,Sheet8
patient_10a_exp_1,2023_11_01_CGNs_isolated3010_CSF_3.xlsx,10a_1..25/2023_11_01_CGNs_isolated3010_CSF_3.xlsx,10a,SMA,1_25,ROI_155,EZ,0.05196850393700787,False,2.6246099054469063,14.284056765083449,102.0,41.85196130330439,1,False,True,7.075694108529939e-10,,,2.9066430663502407,2.8343939456650995,2.978892187035382,13.881397107859373,13.342007264709173,14.420786951009573,2.7115459905239767e-10,,,100.00000001002358,,,0.9841667174338337,0.9999999999067121,True,True,2.4922613466769183,35.25117061806864,256.0,126.06888193223475,1,False,True,0.05949274995277972,-0.3417793904450535,0.4607648903506129,2.7196529967786476,0.09435489152664811,5.344951102030647,34.43215291199683,18.985271958934135,49.879033865059526,2.6154628911621586e-05,-2.2725065350929197,2.2725588443507427,100.00120353138918,-9223291.333655123,9223491.336062185,0.9863879478861955,0.9999903831932168,True,True,False,,False,,True,True,False,,Sheet2,Sheet3,Sheet4,Sheet7,Sheet8
patient_10a_exp_1,2023_11_01_CGNs_isolated3010_CSF_3.xlsx,10a_1..25/2023_11_01_CGNs_isolated3010_CSF_3.xlsx,10a,SMA,1_25,ROI_156,FA,0.04409448818897638,False,2.9151054268446903,5.07028333891526,102.0,27.56267522080098,1,False,True,3.7502648292888993e-13,,,2.7760880470073874,2.730762447467738,2.821413646547037,4.538611059005189,4.3846934423411765,4.692528675669201,0.18346459198151283,0.155055906662536,0.21187327730048966,100.00000636003472,67.31328722455878,132.68672549551064,0.9955092231150227,0.9380093499387152,True,True,1.7606880663387185,33.791803388130006,263.0,91.16410587659844,1,False,True,0.09993282500564545,-0.024440006745452103,0.224305656756743,1.8340527094799877,1.4131592400058972,2.254946178954078,25.322362329596167,21.428573661749276,29.21615099744306,1.3915052033101004e-05,-0.32030134439732766,0.3203291745013938,100.00360217804699,-4069056.6965974104,4069256.703801766,0.9928640768277756,0.9999924130062414,True,True,False,,False,,True,True,False,,Sheet2,Sheet3,Sheet4,Sheet7,Sheet8
patient_10a_exp_1,2023_11_01_CGNs_isolated3010_CSF_3.xlsx,10a_1..25/2023_11_01_CGNs_isolated3010_CSF_3.xlsx,10a,SMA,1_25,ROI_157,FB,0.0007874015748031496,False,3.2606409597560924,5.744942603124571,102.0,36.40225374999979,1,False,True,0.005258717797912331,-0.09852327906387591,0.10904071465970057,3.091423093681344,3.066376752972963,3.1164694343897246,5.7628084010118386,5.6770625124193215,5.848554289604356,0.1866420433249315,0.10400875539161086,0.26927533125825215,100.06072892541964,-1.1229827172971625,201.24444056813644,0.9995840190032806,0.9430633512379244,True,True,3.288564306097556,21.96748833327254,255.0,107.75026443109712,1,False,True,0.06609991018261085,-0.012664302677870914,0.14486412304309262,3.5121183624581573,3.324245781391542,3.6999909435247726,21.584683158926136,20.460986408083805,22.708379909768468,3.481555353131757e-07,-0.15742074142715384,0.15742143773822448,100.00002738937425,-86016329.21952252,86016529.2195773,0.996080964106875,0.9999999008702256,True,True,False,,False,,True,True,False,,Sheet2,Sheet3,Sheet4,Sheet7,Sheet8
patient_10a_exp_1,2023_11_01_CGNs_isolated3010_CSF_3.xlsx,10a_1..25/2023_11_01_CGNs_isolated3010_CSF_3.xlsx,10a,SMA,1_25,ROI_158,FC,0.16850393700787403,False,1.5834558825160248,5.689991961438196,102.0,17.139428605014317,1,False,True,2.9174032748258724e-07,-0.12882543594802423,0.1288260194286792,1.4694525268643837,1.4381852424494115,1.5007198112793558,5.831898590073951,5.605472299311112,6.058324880836791,0.1010444003205013,-0.001232509741625587,0.20332131038262818,100.00001995114343,-132.3493485383173,332.3493884406041,0.9972603662169849,0.9356608735926512,True,True,1.9341402510138737,21.11461684413851,256.0,50.94775812881867,1,False,True,0.006436970075039416,-0.13101570168423057,0.14388964183430938,2.177323301551785,1.9742945818893507,2.38035202121422,18.260889309315317,16.495373964069785,20.02640465456085,4.058701916428676e-05,-0.10916612143826124,0.10924729547658982,110.70662661098731,-1233950.9448186096,1234172.3580718318,0.9899691922992127,0.9999813595608078,True,True,False,,False,,True,True,False,,Sheet2,Sheet3,Sheet4,Sheet7,Sheet8
patient_10a_exp_1,2023_11_01_CGNs_isolated3010_CSF_3.xlsx,10a_1..25/2023_11_01_CGNs_isolated3010_CSF_3.xlsx,10a,SMA,1_25,ROI_159,FD,0.05511811023622047,False,2.2931558465358948,7.671726478284754,102.0,27.025148043453935,1,False,True,3.1114639611117133e-06,-0.21029156480661682,0.21029778773453905,2.1706247028202816,2.09803878631025,2.243210619330313,9.441722353491995,9.052123137843473,9.831321569140517,0.051221083354900894,-0.09042094740244594,0.1928631141122477,100.00000594134602,-719.7481085319827,919.7481204146746,0.9987110855296459,0.9769466073326918,True,True,2.103900502548818,61.28508452838619,256.0,148.12658508818777,1,False,True,1.9600868882101768e-09,,,2.504663395082942,,,54.20085695871627,,,3.54250832211126e-14,,,100.00000003576592,,,0.9366463001684815,0.9999999999999858,True,True,False,,False,,True,True,False,,Sheet2,Sheet3,Sheet4,Sheet7,Sheet8
patient_10a_exp_1,2023_11_01_CGNs_isolated3010_CSF_3.xlsx,10a_1..25/2023_11_01_CGNs_isolated3010_CSF_3.xlsx,10a,SMA,1_25,ROI_160,FE,0.15669291338582678,False,0.7580382106495029,9.094790025168038,102.0,12.478803400843121,1,False,True,2.545175219284144e-07,-0.16037923523703873,0.16037974427208257,0.667244560823212,0.602371385525157,0.7321177361212671,10.895604557094405,9.767016932957254,12.024192181231555,0.06862282582597043,-0.030332844396947792,0.16757849604888864,100.00000044363617,-383.9227947075913,583.9227955948636,0.9950148467622639,0.9067456622334512,True,True,0.5624521277520281,27.262514715830292,256.0,19.893553515459864,1,False,True,2.595014645374145e-07,-0.025277859012927506,0.025278378015856584,0.6145222958287702,0.5199684126016653,0.709076179055875,27.28394665026415,24.343430398353703,30.224462902174594,5.3642574759357694e-08,-0.08150799921697156,0.08150810650212108,100.00000956846415,-203057421.22948268,203057621.2295018,0.9890177925623204,0.9999999127085049,True,True,False,,False,,True,True,False,,Sheet2,Sheet3,Sheet4,Sheet7,Sheet8
patient_10a_exp_1,2023_11_01_CGNs_isolated3010_CSF_3.xlsx,10a_1..25/2023_11_01_CGNs_isolated3010_CSF_3.xlsx,10a,SMA,1_25,ROI_161,FF,0.06141732283464567,False,1.6976163776791382,8.649395472973623,102.0,24.10625972527859,1,False,True,2.4256058260093723e-11,,,1.5945567113694328,1.5768499112990428,1.6122635114398227,10.004998701381416,9.773452738032711,10.23654466473012,0.10000440692064462,0.09017936816489486,0.10982944567639438,100.0000000012846,,,0.9974786809534595,0.9409850693248788,True,True,1.8614575297681761,30.929028307614857,255.0,83.74990994587256,1,False,True,0.014218363008137926,-0.2472443554423148,0.27568108145859066,2.030113182645989,0.3537855055963639,3.706440859695614,34.14815360367484,20.909773293149456,47.38653391420023,1.5252030257176968e-05,-1.446986045720083,1.4470165497805973,100.00221192128339,-10214411.151078535,10214611.155502377,0.9893463796226097,0.9999924871599272,True,True,False,,False,,True,True,False,,Sheet2,Sheet3,Sheet4,Sheet7,Sheet8
patient_10a_exp_1,2023_11_01_CGNs_isolated3010_CSF_3.xlsx,10a_1..25/2023_11_01_CGNs_isolated3010_CSF_3.xlsx,10a,SMA,1_25,ROI_162,FG,0.03858267716535433,False,1.9219908019937701,10.790946143875246,102.0,29.73557783370421,1,False,True,0.01225156614038843,-0.4549882323482499,0.47949136462902675,2.0293229631867455,1.8625182595285616,2.196127666844929,12.144831359707418,11.167345771220678,13.122316948194158,0.0014107995178048072,-0.3048527617824576,0.30767436081806726,110.82085390656015,-72774.36813089183,72996.00983870497,0.9973724257787246,0.9993052759826448,True,True,1.848194656910218,68.09550477169634,256.0,137.3905472640033,1,False,True,1.707687521043378e-10,,,2.116700692359627,2.063004961633579,2.1703964230856756,62.015167426148224,59.355717485451656,64.67461736684479,2.3127909904689455e-14,,,100.00000000004974,,,0.9479565652888768,0.9999999999999891,True,True,False,,False,,True,True,False,,Sheet2,Sheet3,Sheet4,Sheet7,Sheet8
patient_10a_exp_1,2023_11_01_CGNs_isolated3010_CSF_3.xlsx,10a_1..25/2023_11_01_CGNs_isolated3010_CSF_3.xlsx,10a,SMA,1_25,ROI_163,FH,0.04094488188976378,False,2.3165717402124417,7.032228616218035,102.0,37.97255065432467,1,False,True,2.9521669919215383e-12,,,1.919780842369946,1.8894048488072996,1.9501568359325925,8.061766709021322,7.808453226704337,8.315080191338307,0.2764416071870353,0.2625497107355599,0.29033350363851074,100.00000000006352,,,0.9953655119004048,0.8741285941946368,True,True,0.6570603872534135,28.63984221271221,255.0,35.464528236115214,1,False,True,0.047887197351429614,-0.01923330209707337,0.1150076967999326,0.6000190863261121,0.19803572740447095,1.0020024452477534,33.20453434551476,22.40852337805959,44.000545312969926,9.89480247719503e-06,-0.34344754727833177,0.3434673368832862,100.0004583479326,-3921388.1535230866,3921588.1544397827,0.991206648922676,0.9999835094590622,True,True,False,,False,,True,True,False,,Sheet2,Sheet3,Sheet4,Sheet7,Sheet8
patient_10a_exp_1,2023_11_01_CGNs_isolated3010_CSF_3.xlsx,10a_1..25/2023_11_01_CGNs_isolated3010_CSF_3.xlsx,10a,SMA,1_25,ROI_164,FI,0.06141732283464567,False,3.123333878650666,8.431718346505107,102.0,52.93378439793718,1,False,True,3.882639360437397e-11,,,2.7367099006668805,2.6929569030516087,2.780462898282152,9.563552504714007,9.274786380955383,9.85231862847263,0.31309325935854726,0.267908961763183,0.3582775569539115,100.0000001025693,76.53517974766187,123.46482045747673,0.9983519818709298,0.8973398468916476,True,True,1.0288596123534206,22.7337396184123,253.0,62.808653177775895,1,False,True,0.1144245218498249,0.08323769000676515,0.14561135369288467,0.7704119711200388,0.7070587646291194,0.8337651776109581,18.675087754305565,17.20232098687741,20.14785452173372,0.19640480748693595,0.15518733724793649,0.23762227772593542,100.00019735182057,40.371568422859205,159.62882628078194,0.9962889042591349,0.7968541590993866,True,True,False,,False,,True,True,False,,Sheet2,Sheet3,Sheet4,Sheet7,Sheet8
patient_10a_exp_1,2023_11_01_CGNs_isolated3010_CSF_3.xlsx,10a_1..25/2023_11_01_CGNs_isolated3010_CSF_3.xlsx,10a,SMA,1_25,ROI_165,FJ,0.01968503937007874,False,4.115221551019569,15.535706018519008,102.0,99.58072792630566,1,False,True,0.04138230435617344,-2.273367957216835,2.3561325659291823,4.264381159659525,2.3543466743286183,6.1744156449904315,18.24516508279013,13.088731598281296,23.401598567298965,0.10907908605673204,-0.5369481361992746,0.7551063083127386,100.2206866601083,-5187.147623752932,5387.588997073149,0.993818626914536,0.9750588595921106,True,True,3.838142968781949,65.53492191577044,253.0,294.4279971047273,1,False,True,1.4628158356744556e-12,,,4.60742868638517,4.458554515008592,4.756302857761748,66.37280988989859,62.69227905799447,70.05334072180271,2.6776217619282855e-10,,,100.00000000007434,,,0.9159048380244743,0.9999999999418847,True,True,False,,False,,True,True,False,,Sheet2,Sheet3,Sheet4,Sheet7,Sheet8
patient_10a_exp_1,2023_11_01_CGNs_isolated3010_CSF_3.xlsx,10a_1..25/2023_11_01_CGNs_isolated3010_CSF_3.xlsx,10a,SMA,1_25,ROI_166,FK,0.05590551181102362,False,1.573884644808547,5.923466436543052,102.0,20.628473515876827,1,False,True,1.6070201730058993e-11,,,1.3135753215839392,1.2755056044480857,1.3516450387197927,7.444806539871018,7.022893916727,7.866719163015036,0.14397918249358108,0.127681042946444,0.16027732204071815,100.00000000000044,,,0.9842906349116783,0.9012186631163376,True,True,0.57581381171645,34.510193020605215,255.0,34.92827183320354,1,False,True,0.0543710920334897,-0.0006203622498360609,0.10936254631681547,0.5620988564366882,0.25703438122475597,0.8671633316486205,32.13819194687808,23.3330229222613,40.94336097149486,3.421082366038058e-05,-0.25747408007818123,0.257542501725502,100.00473083530396,-898678.1203503895,898878.1298120602,0.9925735482396225,0.9999391410581357,True,True,False,,False,,True,True,False,,Sheet2,Sheet3,Sheet4,Sheet7,Sheet8
patient_10a_exp_1,2023_11_01_CGNs_isolated3010_CSF_3.xlsx,10a_1..25/2023_11_01_CGNs_isolated3010_CSF_3.xlsx,10a,SMA,1_25,ROI_167,FL,0.025196850393700787,False,5.1591043539467485,9.215124857814203,102.0,82.82099050759908,1,False,True,3.919555103268646e-14,,,4.836880926888562,4.748754315278589,4.9250075384985355,9.558949855830372,9.199881566805407,9.918018144855337,0.4351876218282926,0.3883206991222009,0.48205454453438434,100.00000000719338,,,0.9934764385098996,0.9174541040567064,True,True,4.465536919667533,50.59419123614106,253.0,245.93598975085533,1,False,True,1.8861936385769224e-08,-0.3123354758242163,0.3123355135480891,4.765251415941745,2.0765333367204035,7.453969495163086,50.14340785689861,33.92215771150396,66.36465800229327,7.185621312985564e-08,-3.034026884078239,3.034027027790665,100.00000012269317,-351953296.27088124,351953496.2708815,0.9748860858185426,0.999999984920793,True,True,False,,False,,True,True,False,,Sheet2,Sheet3,Sheet4,Sheet7,Sheet8
patient_10a_exp_1,2023_11_01_CGNs_isolated3010_CSF_3.xlsx,10a_1..25/2023_11_01_CGNs_isolated3010_CSF_3.xlsx,10a,SMA,1_25,ROI_168,FM,0.029133858267716535,False,1.6877944152209468,7.430027336653339,102.0,29.18575915432954,1,False,True,2.2486590675664196e-14,,,1.3761228577411115,1.354367713283354,1.397878002198869,8.493004093153635,8.223454690445923,8.762553495861347,0.2194184031152178,0.20901325374179452,0.22982355248864106,100.00000000000378,,,0.9954465802683876,0.8624802701764944,True,True,0.7238510083612935,22.085889868296647,256.0,29.193647479057706,1,False,True,0.00462193781531759,-0.0282013286576544,0.03744520428828958,0.641717855820063,0.5693286018668785,0.7141071097732475,19.72477783569005,17.72285572050725,21.726699950872845,0.1262564659962081,0.0778319136074333,0.1746810183849829,100.0324269297136,-0.552616737223957,200.61747059665115,0.9943324886107204,0.8355980630998057,True,True,False,,False,,True,True,False,,Sheet2,Sheet3,Sheet4,Sheet7,Sheet8
patient_10a_exp_1,2023_11_01_CGNs_isolated3010_CSF_3.xlsx,10a_1..25/2023_11_01_CGNs_isolated3010_CSF_3.xlsx,10a,SMA,1_25,ROI_169,FN,0.014173228346456693,False,2.277781818936971,7.8133551260950895,102.0,35.660250491282156,1,False,True,9.289067066549158e-11,,,2.0307041199118667,2.0072330396282037,2.05417520019553,8.463976245728858,8.267723743780154,8.660228747677563,0.2252845213425395,0.21409208234923469,0.23647696033584434,100.00000000447424,,,0.9974239405364578,0.9001393370414872,True,True,3.533047779766629,25.508331144134928,258.0,135.92849128284212,1,False,True,0.10936694635706376,,,3.8923225375146075,,,21.85983731894829,,,1.3434057562057111e-11,,,100.00000006805772,,,0.9916713097866172,0.9999999999965485,True,True,False,,False,,True,True,False,,Sheet2,Sheet3,Sheet4,Sheet7,Sheet8
patient_10a_exp_1,2023_11_01_CGNs_isolated3010_CSF_3.xlsx,10a_1..25/2023_11_01_CGNs_isolated3010_CSF_3.xlsx,10a,SMA,1_25,ROI_170,FO,0.03307086614173228,False,2.81686330388977,8.435190672487963,102.0,38.689770727991665,1,False,True,7.307102725635781e-07,-0.17420231446602896,0.1742037758865741,2.7117944541580252,2.6520136092778444,2.771575299038206,9.388992326935268,9.132153099638632,9.645831554231904,0.1336281053857432,0.0159539902447757,0.2513022205267107,100.00000024800535,-159.94704081229543,359.9470413083061,0.9994425627112372,0.9530375181227322,True,True,3.441703089889845,20.702835834530646,255.0,110.81269069531052,1,False,True,0.057448058766610466,-0.07883254589945282,0.19372866343267375,3.559992866842085,3.1953222143367537,3.9246635193474164,22.38368173448173,20.529145836210677,24.238217632752782,9.99944465701185e-07,-0.26896904224498874,0.2689710421339201,100.00002553393955,-56531971.427446455,56532171.42749752,0.9958842794703671,0.9999997191162392,True,True,False,,False,,True,True,False,,Sheet2,Sheet3,Sheet4,Sheet7,Sheet8
patient_10a_exp_1,2023_11_01_CGNs_isolated3010_CSF_3.xlsx,10a_1..25/2023_11_01_CGNs_isolated3010_CSF_3.xlsx,10a,SMA,1_25,ROI_171,FP,0.025196850393700787,False,1.9900546167650535,7.400185627531144,102.0,24.341113036855248,1,False,True,5.028745758063081e-14,,,1.9366168287803878,1.9158564965440397,1.9573771610167359,7.943703930575476,7.769889262438512,8.11751859871244,0.09025894347428244,0.0705745733855884,0.10994331356297649,100.0000131105951,61.6356471591885,138.36437906200172,0.9988067648120823,0.9554689316879644,True,True,2.1528226486100577,21.96358556957111,254.0,82.81372766823635,1,False,True,0.00022366018761277285,-0.04528749633218456,0.04573481670741011,2.017203849727321,1.8750847692525108,2.159322930202131,28.159761034736956,25.62013781235488,30.699384257119032,0.1911664345892174,-0.00618983715084806,0.3885227063292829,100.00000000000064,,,0.9875468138986698,0.9134355157978495,True,True,False,,False,,True,True,False,,Sheet2,Sheet3,Sheet4,Sheet7,Sheet8
patient_10a_exp_1,2023_11_01_CGNs_isolated3010_CSF_3.xlsx,10a_1..25/2023_11_01_CGNs_isolated3010_CSF_3.xlsx,10a,SMA,1_25,ROI_172,FQ,0.0007874015748031496,False,1.8164845133368785,6.500129888876359,102.0,24.118909039252443,1,False,True,2.9598325627422145e-10,,,1.663734363351847,1.6391495894175891,1.688319137286105,6.553487868891139,6.349498157552295,6.757477580229983,0.15766648529042077,0.13714001016889818,0.17819296041194335,100.00000007415376,75.39879135146657,124.60120879684095,0.9972206523728335,0.9134366905516978,True,True,2.3736699537056487,30.8239333787879,259.0,104.53411947268211,1,False,True,0.05154590602112749,-0.12190465919526736,0.22499647123752234,2.5271646611137304,1.7813982239003834,3.2729310983270774,28.61763014131373,23.729309484542583,33.505950798084875,2.128815924342677e-05,-0.6000736429872461,0.6001162193057329,100.00154387323246,-4086591.842869913,4086791.84595766,0.9947909749700281,0.9999915763383974,True,True,False,,False,,True,True,False,,Sheet2,Sheet3,Sheet4,Sheet7,Sheet8
patient_10a_exp_1,2023_11_01_CGNs_isolated3010_CSF_3.xlsx,10a_1..25/2023_11_01_CGNs_isolated3010_CSF_3.xlsx,10a,SMA,1_25,ROI_173,FR,0.024409448818897637,False,3.2597399047933053,24.04261744580758,102.0,103.30136816538206,1,False,True,2.478565954810732e-10,,,3.600879891345142,3.5421461870137367,3.6596135956765474,27.618625076969956,26.869215494352982,28.36803465958693,1.4179344513899377e-10,,,100.00000000246796,,,0.9895187112018242,0.9999999999606226,True,True,3.1416516881163874,74.73861185015545,253.0,293.27181993258193,1,False,True,1.4560739392588998e-08,,,3.678104868052484,3.5688278743878636,3.7873818617171042,84.17842226329498,79.58914836772777,88.76769615886218,2.0761884172365368e-10,,,100.0000002341073,-14334825895.193235,14334826095.193235,0.908221891901906,0.9999999999435528,True,True,False,,False,,True,True,False,,Sheet2,Sheet3,Sheet4,Sheet7,Sheet8
patient_10a_exp_1,2023_11_01_CGNs_isolated3010_CSF_3.xlsx,10a_1..25/2023_11_01_CGNs_isolated3010_CSF_3.xlsx,10a,SMA,1_25,ROI_174,FS,0.03622047244094488,False,3.5317776055467127,15.096107881097566,102.0,75.77451494629824,1,False,True,0.038166265030425056,-218.46693707518432,218.54326960524514,3.763410407272855,3.1842531119863513,4.342567702559359,16.52170164338228,14.149343635143227,18.89405965162133,0.0087228041875161,-217.90654757896698,217.92399318734203,1208.2662118441115,-32514613.271343846,32517029.803767536,0.9947624874354931,0.9976875672998464,True,True,3.071539117987011,44.27620587229231,253.0,187.0142114552209,1,False,True,0.07963278712084572,-0.1948061243398978,0.3540716985815892,3.083657231409753,-0.537565272802202,6.704879735621708,49.433288434343446,27.87617393924453,70.99040292944235,7.060095159515064e-07,-3.5926328691541682,3.5926342811731997,100.00000236479721,-242488601.07825285,242488801.07825756,0.970760973574067,0.9999997710480442,True,True,False,,False,,True,True,False,,Sheet2,Sheet3,Sheet4,Sheet7,Sheet8
patient_10a_exp_1,2023_11_01_CGNs_isolated3010_CSF_3.xlsx,10a_1..25/2023_11_01_CGNs_isolated3010_CSF_3.xlsx,10a,SMA,1_25,ROI_175,FT,0.023622047244094488,False,3.6367077597279507,7.3219711037581305,102.0,42.55326187779132,1,False,True,1.7317467595421568e-09,,,3.5160141961669487,3.4885445968143207,3.5434837955195766,7.78932928435869,7.6644593901756615,7.914199178541718,0.14254148963701316,0.11679144537828287,0.16829153389574344,100.00000062589773,67.97396196053539,132.02603929126008,0.9993394953868082,0.9610388629069917,True,True,4.142004200318613,22.777761592538553,254.0,179.74698841764229,1,False,True,0.11682776698787271,-0.6498365623724973,0.8834920963482427,4.151274055399375,0.18593558766884577,8.116612523129904,31.17500351504372,15.597466419542533,46.752540610544905,1.723404951230775e-05,-3.306908912696759,3.3069433807957838,100.00023713153143,-24121674.426684704,24121874.42715897,0.9712024700837454,0.9999958485087386,True,True,False,,False,,True,True,False,,Sheet2,Sheet3,Sheet4,Sheet7,Sheet8
patient_10a_exp_1,2023_11_01_CGNs_isolated3010_CSF_3.xlsx,10a_1..25/2023_11_01_CGNs_isolated3010_CSF_3.xlsx,10a,SMA,1_25,ROI_176,FU,0.013385826771653543,False,4.059489328735532,8.008272039489029,102.0,53.733078920122374,1,False,True,4.6766914286753015e-12,,,3.8016956914627897,3.76980341838691,3.8335879645386695,8.864846313671224,8.714145422396282,9.015547204946166,0.21429828142565924,0.19845781394644213,0.23013874890487634,100.00000000012199,,,0.9985483135269904,0.9466387940638447,True,True,3.653730347750287,25.130977758883148,253.0,167.86679288534123,1,False,True,0.12180847495251002,0.08602051785386075,0.15759643205115928,3.631638784061814,3.5623312062373365,3.7009463618862912,33.86388411775428,32.41994132196881,35.307826913539756,8.92999229036161e-09,,,100.00000004679127,-344792453.8281463,344792653.8281464,0.9801030252275573,0.9999999975410572,True,True,False,,False,,True,True,False,,Sheet2,Sheet3,Sheet4,Sheet7,Sheet8
patient_10a_exp_1,2023_11_01_CGNs_isolated3010_CSF_3.xlsx,10a_1..25/2023_11_01_CGNs_isolated3010_CSF_3.xlsx,10a,SMA,1_25,ROI_177,FV,0.1031496062992126,False,2.291144023716968,6.339175797056768,102.0,24.10048539646489,1,False,True,8.711060567286245e-10,,,2.132479956759732,2.095163731140864,2.1697961823785996,7.205341764219013,6.94245901346935,7.468224514968677,0.09522650503227185,0.06192459685072824,0.12852841321381547,100.00034680580242,36.128151891430846,163.872541720174,0.9963247366813184,0.9572535669911959,True,True,3.0420141580392697,29.06874607647856,257.0,112.2178542874148,1,False,True,0.009941485506742558,-0.04780945837267142,0.06769242938615654,3.4258496056201664,3.242105137736326,3.609594073504007,25.68451308877826,23.926756646374393,27.442269531182127,5.596252199158237e-08,-0.235901694919535,0.235901806844579,100.00008029243851,-211218186.12097085,211218386.12113142,0.9910769693007134,0.9999999836646298,True,True,False,,False,,True,True,False,,Sheet2,Sheet3,Sheet4,Sheet7,Sheet8
patient_10a_exp_1,2023_11_01_CGNs_isolated3010_CSF_3.xlsx,10a_1..25/2023_11_01_CGNs_isolated3010_CSF_3.xlsx,10a,SMA,1_25,ROI_178,FW,0.029921259842519685,False,3.314873352506911,7.244722884337364,102.0,42.23481005295161,1,False,True,8.771548848040436e-08,-0.022140433101367544,0.022140608532344504,3.0840611319810334,3.0622863846264576,3.105835879335609,7.937198410669795,7.8162066912533765,8.058190130086214,0.1692694125440156,0.12996915702701983,0.20856966806101135,100.000000000463,,,0.9992929672372323,0.9479704228551645,True,True,2.7784087930620784,20.580414718121517,255.0,101.31831712423036,1,False,True,0.11037149895685766,-0.0051596518632939375,0.22590264977700925,2.7954763223414743,2.4949929718455426,3.095959672837406,22.02317883220188,20.158919101649737,23.88743856275402,8.158956082571374e-07,-0.21431194402760465,0.21431357581882118,100.00000959353767,-57478197.04886589,57478397.048885085,0.9948122278663063,0.9999997081372631,True,True,False,,False,,True,True,False,,Sheet2,Sheet3,Sheet4,Sheet7,Sheet8
patient_10a_exp_1,2023_11_01_CGNs_isolated3010_CSF_3.xlsx,10a_1..25/2023_11_01_CGNs_isolated3010_CSF_3.xlsx,10a,SMA,1_25,ROI_179,FX,0.030708661417322834,False,2.688826532039005,11.442075340222118,102.0,60.276845301787276,1,False,True,0.10960090592746366,-1807.676790798711,1807.8959926105658,2.5548881172054894,2.2690954842358515,2.8406807501751272,13.603524777706816,11.870975731349418,15.336073824064215,0.022593098835723975,-1807.4692335336172,1807.5144197312884,4417.137487410308,-359927836.8757892,359936671.15076405,0.9921247446447294,0.9912344273567878,True,True,3.1292404066836275,39.2051145002749,258.0,210.77086287882892,2,True,True,0.2956878322137152,0.23406986490219983,0.35730579952523056,3.3170033885530494,3.1813918814893696,3.4526148956167293,30.97786779931723,28.256009730376935,33.69972586825753,1.6420565647883347e-10,,,100.000000447385,-29142314331.01969,29142314531.01969,0.917255430875618,0.9999999999504958,True,True,False,,False,,True,True,False,,Sheet2,Sheet3,Sheet4,Sheet7,Sheet8
patient_10a_exp_1,2023_11_01_CGNs_isolated3010_CSF_3.xlsx,10a_1..25/2023_11_01_CGNs_isolated3010_CSF_3.xlsx,10a,SMA,1_25,ROI_180,FY,0.1141732283464567,False,2.5393632640664983,10.102742299038823,102.0,45.55511152603652,1,False,True,0.07502257725990007,-0.40432318542703877,0.5543683399468389,2.3816286356143754,2.1372384735211414,2.6260187977076095,13.10886408671959,11.92755872432175,14.29016944911743,0.00018735080092704992,-0.24985064855864295,0.2502253501604971,100.00000048290936,-559743.4173121225,559943.4173130883,0.9975861964689504,0.9999213411942839,True,True,3.3451464691855484,58.3267184412492,258.0,293.3445507694736,2,True,True,0.4685590807840374,0.3604161988775389,0.576701962690536,3.3293464787852334,3.1684582992091053,3.4902346583613615,43.49236742901504,38.16729826561307,48.81743659241701,1.1334614778312097e-08,,,100.00000345711122,-612534620.0109038,612534820.0109107,0.8766073779405406,0.9999999965955437,True,True,False,,False,,True,True,False,,Sheet2,Sheet3,Sheet4,Sheet7,Sheet8
patient_10a_exp_1,2023_11_01_CGNs_isolated3010_CSF_3.xlsx,10a_1..25/2023_11_01_CGNs_isolated3010_CSF_3.xlsx,10a,SMA,1_25,ROI_181,FZ,0.050393700787401574,False,3.016185564101186,8.14077068217,102.0,50.308953000955974,1,False,True,1.6917426080419957e-10,,,2.598925230794215,2.5593076786428313,2.6385427829455983,9.020921775779078,8.753268342946761,9.288575208611395,0.32716155326008506,0.28714706373921395,0.36717604278095617,100.00000028051646,79.59288320103491,120.40711735999801,0.9983019781767218,0.8881914388038827,True,True,3.735079724267085,64.7869229946582,258.0,326.34487136155883,1,False,True,0.4445995274055067,-0.06964882983054332,0.9588478846415567,3.590607475308123,-1.5348895622511929,8.716104512867439,51.51073024387798,13.066515897431003,89.95494459032496,2.472740575377477e-07,-5.649962360080785,5.6499628546289,100.00005096822316,-358365927.35885924,358366127.35896116,0.8940076559074155,0.9999999311330904,True,True,False,,False,,True,True,False,,Sheet2,Sheet3,Sheet4,Sheet7,Sheet8
patient_10a_exp_1,2023_11_01_CGNs_isolated3010_CSF_3.xlsx,10a_1..25/2023_11_01_CGNs_isolated3010_CSF_3.xlsx,10a,SMA,1_25,ROI_182,GA,0.048031496062992125,False,2.153880478755006,8.784209291143085,102.0,33.277410654460674,1,False,True,8.75330773952472e-12,,,1.951883525542294,1.9327827421056434,1.9709843089789445,10.766740282281313,10.543229737966495,10.990250826596132,0.13991317883519425,0.12854817134041643,0.15127818632997206,100.00000000010694,,,0.9980575508414223,0.9331133955119065,True,True,2.2322102692926338,24.60811732291333,259.0,93.53758915650369,1,False,True,0.12795505309308672,0.01713732555039703,0.2387727806357764,2.322545902871573,2.0774714707821444,2.5676203349610014,19.74987583297636,17.877953118472828,21.621798547479894,0.0006119396470226517,-0.1635048428084954,0.16472872210254072,100.00535920198699,-70020.88675787675,70220.89747628072,0.9931693899238523,0.9997365914464257,True,True,False,,False,,True,True,False,,Sheet2,Sheet3,Sheet4,Sheet7,Sheet8
patient_10a_exp_1,2023_11_01_CGNs_isolated3010_CSF_3.xlsx,10a_1..25/2023_11_01_CGNs_isolated3010_CSF_3.xlsx,10a,SMA,1_25,ROI_183,GB,0.029921259842519685,False,2.579304471093816,5.3661185141719585,102.0,25.96395898538595,1,False,True,1.223061782478376e-12,,,2.3794851456342934,2.342558665120426,2.4164116261481605,5.769878891929652,5.601468212080645,5.938289571778659,0.1381098018579805,0.12505547646468046,0.15116412725128053,100.00000000001015,,,0.9951341993619459,0.9451421675295508,True,True,1.8540053414630528,26.63031793294283,259.0,84.09833832187007,1,False,True,0.10159692516015598,0.016802505170480195,0.18639134514983174,1.8917963989079645,1.6445824181657531,2.1390103796501756,23.337608387461767,21.09341328863117,25.581803486292365,1.3548211259577431e-06,-0.18031072178328528,0.18031343142553719,100.00015981308434,-26789507.42670136,26789707.427020982,0.9958175772764514,0.999999283844627,True,True,False,,False,,True,True,False,,Sheet2,Sheet3,Sheet4,Sheet7,Sheet8
patient_10a_exp_1,2023_11_01_CGNs_isolated3010_CSF_3.xlsx,10a_1..25/2023_11_01_CGNs_isolated3010_CSF_3.xlsx,10a,SMA,1_25,ROI_184,GC,0.027559055118110236,False,4.034244205048541,9.552562796154291,102.0,54.41425753908496,1,False,True,0.02746316484644162,-0.51365701136292,0.5685833410558032,4.170042959440074,3.973475130902526,4.3666107879776215,10.370388117750005,9.819071012888175,10.921705222611836,0.022275486982051257,-0.3317452442022194,0.37629621816632197,102.08150830014847,-4894.1868117898175,5098.349828390115,0.9982675397907538,0.9946865947168059,True,True,3.920259129128593,39.90623521657125,253.0,193.4773373332636,1,False,True,1.2348391553584909e-12,,,4.451642957999607,4.357481654845529,4.545804261153686,40.5264478967595,39.16942499667529,41.88347079684371,9.318211048210524e-14,,,100.00000000000291,,,0.9728004031165721,0.999999999999979,True,True,False,,False,,True,True,False,,Sheet2,Sheet3,Sheet4,Sheet7,Sheet8
patient_10a_exp_1,2023_11_01_CGNs_isolated3010_CSF_3.xlsx,10a_1..25/2023_11_01_CGNs_isolated3010_CSF_3.xlsx,10a,SMA,1_25,ROI_185,GD,0.27874015748031494,False,2.0314090848161683,9.827705810777346,102.0,36.82614378751259,1,False,True,7.244590232998625e-14,,,1.815192600138056,1.788585642494865,1.8417995577812472,11.285869340026936,11.006978976357637,11.564759703696236,0.19139879466280932,0.16281498117277313,0.2199826081528455,100.00000012088393,77.55688599825086,122.44311424351699,0.9991467349108883,0.9046149628874472,True,True,3.3288475958329777,23.712787603259272,260.0,91.78087372049572,1,False,True,8.382344632931082e-09,,,3.866231897641158,3.787294484121877,3.9451693111604387,19.96538521327479,19.338539999100085,20.592230427449493,7.057605612693188e-10,,,100.00000007909222,-3431451230.184306,3431451430.184306,0.9817433821139053,0.9999999998174551,True,True,False,,False,,True,True,False,,Sheet2,Sheet3,Sheet4,Sheet7,Sheet8
patient_10a_exp_1,2023_11_01_CGNs_isolated3010_CSF_3.xlsx,10a_1..25/2023_11_01_CGNs_isolated3010_CSF_3.xlsx,10a,SMA,1_25,ROI_186,GE,0.06850393700787402,False,2.6797803943044904,6.272481174571624,102.0,28.084035022562972,1,False,True,3.149324629457958e-13,,,2.48826175129246,2.4480709636598394,2.5284525389250803,7.215700396568996,6.972757349760396,7.458643443377596,0.09877900794245217,0.06287740948485207,0.13468060640005228,100.00003351428116,33.653956334017565,166.34611069454473,0.9968477069251844,0.9618177612432883,True,True,2.379759238554217,39.32858824208017,253.0,111.19037121051477,1,False,True,1.2846938765250986e-12,,,2.5958220164783654,2.5335933999783355,2.6580506329783953,39.17832452523981,37.696752268522644,40.659896781956974,2.9219767488513436e-13,,,100.00000000008987,,,0.9658652858708899,0.9999999999998874,True,True,False,,False,,True,True,False,,Sheet2,Sheet3,Sheet4,Sheet7,Sheet8
patient_10a_exp_1,2023_11_01_CGNs_isolated3010_CSF_3.xlsx,10a_1..25/2023_11_01_CGNs_isolated3010_CSF_3.xlsx,10a,SMA,1_25,ROI_187,GF,0.01811023622047244,False,3.3317469677697322,6.936230648798698,102.0,38.69321443666614,1,False,True,7.479976620733408e-10,,,3.1422241699717555,3.1085394247395337,3.1759089152039772,7.797096229797157,7.625631612686356,7.968560846907958,0.13661857487495527,0.10502380402266578,0.16821334572724475,100.00000016623102,59.017167983211145,140.98283234925088,0.9987643836597466,0.95833329454739,True,True,3.564828465839178,22.74851253034987,253.0,132.95764313052234,1,False,True,0.006021843017620877,-0.44892185321276973,0.4609655392480115,3.6284997429392885,1.078509705317511,6.1784897805610655,32.29177908340989,20.834678467364654,43.74887969945513,6.248177810683507e-06,-2.161007644299384,2.1610201406550056,100.00055279134537,-40866386.939947136,40866586.94105271,0.9871608769555976,0.9999982780301794,True,True,False,,False,,True,True,False,,Sheet2,Sheet3,Sheet4,Sheet7,Sheet8
patient_10a_exp_1,2023_11_01_CGNs_isolated3010_CSF_3.xlsx,10a_1..25/2023_11_01_CGNs_isolated3010_CSF_3.xlsx,10a,SMA,1_25,ROI_188,GG,0.005511811023622047,False,3.502698251028941,9.732682265816862,102.0,48.56578562619481,1,False,True,0.042955288173986625,-0.6635009555421346,0.7494115318901079,3.6887126906427876,3.484861848294983,3.892563532990592,10.186725944664895,9.525315848959373,10.848136040370417,0.0021551441856298916,-0.5072436269666885,0.5115539153379483,111.3286446146236,-69075.18146734031,69297.83875656956,0.9971581320643667,0.9994160874130217,True,True,3.4588436137461045,42.54537240874285,253.0,175.2608284145641,1,False,True,9.818938756505643e-09,,,3.9851151260322837,3.893719958028469,4.076510294036098,40.971580783998576,39.43070839434796,42.51245317364919,3.682416409837123e-09,,,100.00000002598857,-1119184985.8554487,1119185185.8554487,0.9686011413401998,0.9999999990759573,True,True,False,,False,,True,True,False,,Sheet2,Sheet3,Sheet4,Sheet7,Sheet8
patient_10a_exp_1,2023_11_01_CGNs_isolated3010_CSF_3.xlsx,10a_1..25/2023_11_01_CGNs_isolated3010_CSF_3.xlsx,10a,SMA,1_25,ROI_189,GH,0.01653543307086614,False,2.8711751954568903,9.004234754217904,102.0,42.58659696933394,1,False,True,0.0539014223243618,-0.1906859242432652,0.2984887688919888,2.8313788377644653,2.765130564041879,2.8976271114870515,9.754724145512885,9.47408271019916,10.03536558082661,0.052385088238415686,-0.1281744288021608,0.2329446052789922,112.16379916996534,-866.7471140352751,1091.0747123752058,0.9993848731624067,0.9818344741169485,True,True,3.7278764348993265,36.21408730107453,253.0,185.74338704801218,1,False,True,1.5161737806206619e-06,-0.04285195077630963,0.04285498312387087,4.216387838270156,4.143827946008451,4.28894773053186,39.071520166443165,37.447830561838174,40.695209771048155,5.24446968504872e-10,,,100.00000002797644,-513008198.7120806,513008398.7120806,0.982815136933202,0.9999999998756169,True,True,False,,False,,True,True,False,,Sheet2,Sheet3,Sheet4,Sheet7,Sheet8
patient_10a_exp_1,2023_11_01_CGNs_isolated3010_CSF_3.xlsx,10a_1..25/2023_11_01_CGNs_isolated3010_CSF_3.xlsx,10a,SMA,1_25,ROI_190,GI,0.9519685039370078,True,,,,-67.36339781651745,0,False,False,,,,,,,,,,,,,,,,,,False,False,,,,-88.68619008289673,0,False,False,,,,,,,,,,,,,,,,,,False,False,False,,False,,False,False,True,majority_negative_normalized_trace,Sheet2,Sheet3,Sheet4,Sheet7,Sheet8
patient_10a_exp_1,2023_11_01_CGNs_isolated3010_CSF_3.xlsx,10a_1..25/2023_11_01_CGNs_isolated3010_CSF_3.xlsx,10a,SMA,1_25,ROI_191,GJ,1.0,True,,,,-61.04067151019574,0,False,False,,,,,,,,,,,,,,,,,,False,False,,,,-83.55574958534724,0,False,False,,,,,,,,,,,,,,,,,,False,False,False,,False,,False,False,True,majority_negative_normalized_trace,Sheet2,Sheet3,Sheet4,Sheet7,Sheet8
patient_10a_exp_1,2023_11_01_CGNs_isolated3010_CSF_3.xlsx,10a_1..25/2023_11_01_CGNs_isolated3010_CSF_3.xlsx,10a,SMA,1_25,ROI_192,GK,0.03464566929133858,False,2.5705862290576014,9.201317165480376,102.0,44.00257431019192,1,False,True,8.766572455097354e-10,,,2.2715173100539747,2.2347840153890455,2.308250604718904,10.255819114759023,9.955770517781046,10.555867711737,0.2613517515145894,0.22261997024102217,0.3000835327881566,100.00000008425886,76.66825435664478,123.33174581187293,0.9986186722122358,0.8968159248813522,True,True,3.1786870990228393,33.98535510623685,258.0,184.98694644646218,1,False,True,0.12926254815415755,-0.14303645962763734,0.40156155593595244,2.7097365396783872,1.46064124168338,3.9588318376733946,29.498195774908826,21.89869237803106,37.097699171786594,0.552665647057703,-0.4659317920766267,1.5712630861920327,100.00001836770026,-153.96644121859333,353.96647795399383,0.9927234233541876,0.8305954890219639,True,True,False,,False,,True,True,False,,Sheet2,Sheet3,Sheet4,Sheet7,Sheet8
patient_10a_exp_1,2023_11_01_CGNs_isolated3010_CSF_3.xlsx,10a_1..25/2023_11_01_CGNs_isolated3010_CSF_3.xlsx,10a,SMA,1_25,ROI_193,GL,0.0031496062992125984,False,2.0158967128004455,9.925515738708,102.0,36.654290327110004,1,False,True,7.57291769017224e-11,,,1.817603179137393,1.796036858114783,1.839169500160003,10.748693477047773,10.525449149112285,10.971937804983261,0.21017742698655575,0.18719734232780727,0.23315751164530424,100.00000051368826,83.16886763290108,116.83113339447544,0.9993528439207213,0.8963510024941482,True,True,3.014249082168807,26.809801304505044,258.0,110.65393267344865,1,False,True,0.02968670101743269,-0.04512333181982156,0.10449673385468694,3.4066848147606996,3.179995250012898,3.6333743795085014,23.93537972439322,22.253089808662967,25.61766964012347,7.642592026421734e-08,-0.23539768701812225,0.23539783986996277,100.00005661679933,-309496273.7352469,309496473.73536015,0.9896960150424422,0.9999999775658969,True,True,False,,False,,True,True,False,,Sheet2,Sheet3,Sheet4,Sheet7,Sheet8
patient_10a_exp_1,2023_11_01_CGNs_isolated3010_CSF_3.xlsx,10a_1..25/2023_11_01_CGNs_isolated3010_CSF_3.xlsx,10a,SMA,1_25,ROI_194,GM,0.0007874015748031496,False,2.297126027558524,9.143588560537836,102.0,38.09822124575228,1,False,True,0.04110014809461915,-0.07120435133693152,0.15340464752616984,2.156712156970807,2.114976404072746,2.1984479098688685,10.267044254101789,10.041505407982473,10.492583100221104,0.1019549390537391,0.02925124043718906,0.17465863767028916,100.67774880724505,-124.31605951233706,325.67155712682717,0.9997121953071707,0.9548605727540862,True,True,4.208923756521732,26.881689861271525,255.0,201.03389020040066,1,False,True,0.26704812292360036,0.23288795078139693,0.3012082950658038,4.579519574780596,4.480725437470643,4.6783137120905485,23.261806554900325,22.290686155117843,24.232926954682807,3.0160979740701677e-10,,,100.00000026838022,-5518629167.5971155,5518629367.5971155,0.9779796607727779,0.9999999999341395,True,True,False,,False,,True,True,False,,Sheet2,Sheet3,Sheet4,Sheet7,Sheet8
patient_10a_exp_1,2023_11_01_CGNs_isolated3010_CSF_3.xlsx,10a_1..25/2023_11_01_CGNs_isolated3010_CSF_3.xlsx,10a,SMA,1_25,ROI_195,GN,0.014173228346456693,False,2.776643402290028,8.204359141546504,102.0,40.194732783394855,1,False,True,3.267403736235166e-11,,,2.5904339448996105,2.5757963673406232,2.605071522458598,8.753558921317001,8.653604106104753,8.85351373652925,0.20983115158992752,0.2026419416359384,0.21702036154391663,100.00000000223804,,,0.9993576041439032,0.9250673974214171,True,True,2.408484113480207,30.648458740116496,264.0,115.80552142686815,1,False,True,0.08301502852491223,-0.0683132519825005,0.23434330903232498,2.416621769709828,1.7074734723384495,3.1257700670812065,29.810969552725634,24.98360386244741,34.63833524300386,7.060964054304733e-06,-0.5809155247802146,0.5809296467083233,100.00011101575431,-11144965.734171737,11145165.734393768,0.9961252740029205,0.9999970781760258,True,True,False,,False,,True,True,False,,Sheet2,Sheet3,Sheet4,Sheet7,Sheet8
patient_10a_exp_1,2023_11_01_CGNs_isolated3010_CSF_3.xlsx,10a_1..25/2023_11_01_CGNs_isolated3010_CSF_3.xlsx,10a,SMA,1_25,ROI_196,GO,0.031496062992125984,False,3.735324248262181,21.026034380939706,102.0,103.80066973967708,1,False,True,5.5965692465458614e-08,-0.07536584279951752,0.07536595473090246,4.199385474654816,4.0971343440912475,4.301636605218385,23.54985713733926,22.133883655308146,24.965830619370372,1.0284602488936615e-08,,,100.00000068840731,-795199066.075395,795199266.0753964,0.9838287423960699,0.9999999975509268,True,True,3.1763922501537065,57.175303309440835,254.0,227.67310827022368,1,False,True,0.13070446921889486,0.05033110077955229,0.21107783765823745,3.238071233344334,3.144157683492257,3.3319847831964116,53.806295167032935,49.43009494403317,58.1824953900327,4.175551680406144e-10,,,100.0000000659943,-2564297018.134312,2564297218.134312,0.9500715447870649,0.9999999998710482,True,True,False,,False,,True,True,False,,Sheet2,Sheet3,Sheet4,Sheet7,Sheet8
patient_10a_exp_1,2023_11_01_CGNs_isolated3010_CSF_3.xlsx,10a_1..25/2023_11_01_CGNs_isolated3010_CSF_3.xlsx,10a,SMA,1_25,ROI_197,GP,0.05826771653543307,False,3.514670300194604,15.297923085991272,102.0,73.23830857774828,1,False,True,0.024134358210434297,-2.888099462072108,2.9363681784929767,3.8803991207137303,2.321459611526527,5.439338629900933,16.448154990807254,11.686186953509488,21.21012302810502,0.0030322653259634695,-1.4269941891778612,1.4330587198297884,110.89949247547759,-232531.71297474328,232753.5119596942,0.9886738714525886,0.9992191788589689,True,True,3.372907422029888,62.876101674978,255.0,289.5271249837418,1,False,True,0.11649705549123794,-0.3307390057435579,0.5637331167260338,3.71857894670122,-4.21355732396027,11.650715217362709,64.02174805651735,12.763042686148495,115.28045342688621,3.954491083810775e-08,-8.423183862432069,8.423183941521891,100.08678522902339,-312048939.34465915,312049139.51822966,0.9579788011615733,0.9999999893655853,True,True,False,,False,,True,True,False,,Sheet2,Sheet3,Sheet4,Sheet7,Sheet8
patient_10a_exp_1,2023_11_01_CGNs_isolated3010_CSF_3.xlsx,10a_1..25/2023_11_01_CGNs_isolated3010_CSF_3.xlsx,10a,SMA,1_25,ROI_198,GQ,1.0,True,,,,-80.02973278726951,0,False,False,,,,,,,,,,,,,,,,,,False,False,,,,-128.13701378814636,0,False,False,,,,,,,,,,,,,,,,,,False,False,False,,False,,False,False,True,majority_negative_normalized_trace,Sheet2,Sheet3,Sheet4,Sheet7,Sheet8
patient_10a_exp_1,2023_11_01_CGNs_isolated3010_CSF_3.xlsx,10a_1..25/2023_11_01_CGNs_isolated3010_CSF_3.xlsx,10a,SMA,1_25,ROI_199,GR,0.12677165354330708,False,1.9602622496351292,7.675902680439592,102.0,37.25572810547766,1,False,True,1.0721579211707616e-10,,,1.540429292088115,1.5112951955874907,1.5695633885887394,8.527833263616397,8.203753312124416,8.851913215108379,0.29210570114485873,0.27812147254404895,0.3060899297456685,100.00000000402294,,,0.9936931073743827,0.8406002056039741,True,True,1.4385096253374148,27.234733165736117,254.0,50.56471869031902,1,False,True,2.2867107213432668e-06,-0.09292320214433453,0.09292777556577722,1.5960869713675219,1.1763691415206705,2.015804801214373,29.231898589468795,24.869828435708246,33.59396874322935,5.551953148595249e-07,-0.3428044839286781,0.3428055943193078,100.00004205995363,-84958553.78142877,84958753.7815129,0.9948853198206938,0.9999996521523378,True,True,False,,False,,True,True,False,,Sheet2,Sheet3,Sheet4,Sheet7,Sheet8
patient_10a_exp_1,2023_11_01_CGNs_isolated3010_CSF_3.xlsx,10a_1..25/2023_11_01_CGNs_isolated3010_CSF_3.xlsx,10a,SMA,1_25,ROI_200,GS,0.010236220472440945,False,1.93095773399788,7.529170530075845,102.0,37.40018170949969,1,False,True,0.017286290799781456,-0.24315130859851758,0.27772389019808047,1.589731007872582,1.5127851631115432,1.6666768526336206,8.011713329425806,7.451649216387726,8.571777442463885,0.2594788370615568,0.07078965584366315,0.4481680182794504,100.00113714270391,-93.3261731655084,293.3284474509162,0.9954283215074671,0.8596812374904924,True,True,1.1700724936320934,18.24583207516011,253.0,43.658569962591756,1,False,True,0.039626188467543746,-0.03744687651983225,0.11669925345491974,1.0498934872446803,0.8617436570351904,1.2380433174541703,21.01397211949078,17.86978069778207,24.158163541199492,0.09594692808539604,-0.03423358266635518,0.22612743883714725,100.00000062022221,-222.51900569995544,422.5190069403999,0.9882219497017266,0.91626501666224,True,True,False,,False,,True,True,False,,Sheet2,Sheet3,Sheet4,Sheet7,Sheet8
patient_10a_exp_1,2023_11_01_CGNs_isolated3010_CSF_3.xlsx,10a_1..25/2023_11_01_CGNs_isolated3010_CSF_3.xlsx,10a,SMA,1_25,ROI_201,GT,0.01889763779527559,False,1.2093669003015879,12.916526971976808,102.0,28.190041074435424,1,False,True,1.1769412260746973e-11,,,0.9968181133493766,0.9825240799122993,1.0111121467864541,15.33716724762095,14.837403112359722,15.83693138288218,0.16361074255106575,0.15162461287244725,0.17559687222968426,100.00000000026652,,,0.9966284569008886,0.859008381496933,True,True,1.1841973700024582,30.263495311895554,266.0,56.04349419146287,1,False,True,0.03811294698262994,-0.021061316031017463,0.09728720999627734,1.148948621553391,0.946408146906758,1.351489096200024,25.585938204983282,22.598443045185704,28.57343336478086,0.04415164106249384,-0.11035816621862041,0.19866144834360808,100.22632628591494,-513.6135300201818,714.0661825920117,0.9962574647302865,0.9629941904750814,True,True,False,,False,,True,True,False,,Sheet2,Sheet3,Sheet4,Sheet7,Sheet8
patient_10a_exp_1,2023_11_01_CGNs_isolated3010_CSF_3.xlsx,10a_1..25/2023_11_01_CGNs_isolated3010_CSF_3.xlsx,10a,SMA,1_25,ROI_202,GU,0.03779527559055118,False,1.8453529069564676,8.837701750336592,102.0,29.05635098811037,1,False,True,6.9226121791705076e-09,,,1.5821725926378942,1.5551768548362006,1.6091683304395878,12.129512481564547,11.677841429240779,12.581183533888314,0.11816702280312837,0.10012305328795224,0.1362109923183045,100.00000000346172,,,0.9942266536747009,0.9305038700915763,True,True,2.17683128035585,25.542164735696247,256.0,89.048633137979,1,False,True,0.08843065503857861,-0.04648772213754021,0.22334903221469743,2.3276356766214006,1.9200227316283127,2.7352486216144882,23.83966226613067,20.846388675392966,26.832935856868374,5.866400281525524e-06,-0.3007147155194857,0.3007264483200488,100.00046398480649,-9999699.500116916,9999899.501044886,0.9936538351349306,0.999997479680538,True,True,False,,False,,True,True,False,,Sheet2,Sheet3,Sheet4,Sheet7,Sheet8
patient_10a_exp_1,2023_11_01_CGNs_isolated3010_CSF_3.xlsx,10a_1..25/2023_11_01_CGNs_isolated3010_CSF_3.xlsx,10a,SMA,1_25,ROI_203,GV,0.1078740157480315,False,1.3340713027892628,8.171087433825576,102.0,26.835230396133277,1,False,True,1.4151238833591366e-06,-0.2910130403435588,0.2910158705913255,1.0462692924281585,0.9443693153333925,1.1481692695229244,9.572330628384034,8.437723928088761,10.706937328679306,0.19658110902604478,0.001991342832581039,0.39117087521950855,100.00000007857321,-196.54809911819305,396.5480992753395,0.9915504313186235,0.8418304336579575,True,True,0.5622128925288935,20.352252283766802,253.0,16.984945783067463,1,False,True,3.520726286533146e-07,-0.024898200757002654,0.024898904902259957,0.565617863118959,0.4782011953421822,0.6530345308957358,26.605044910001588,23.45163317409664,29.758456645906538,4.588894281399842e-08,-0.07760912942454293,0.07760922120242855,100.00000846772666,-222179708.62676919,222179908.6267861,0.9841392854475272,0.9999999188693601,True,True,False,,False,,True,True,False,,Sheet2,Sheet3,Sheet4,Sheet7,Sheet8
patient_10a_exp_1,2023_11_01_CGNs_isolated3010_CSF_3.xlsx,10a_1..25/2023_11_01_CGNs_isolated3010_CSF_3.xlsx,10a,SMA,1_25,ROI_204,GW,0.051181102362204724,False,1.3817775014960756,8.5041678654692,102.0,24.036737706186596,1,False,True,2.442901901410612e-10,,,1.1879592046687149,1.1683180999993998,1.2076003093380299,9.303421820306532,9.008559933301107,9.598283707311957,0.1520486046323639,0.13196557166220355,0.17213163760252423,100.00000816955743,78.25785946870185,121.74215687041301,0.9981414830507992,0.8865315533409694,True,True,0.9093712350082971,23.835471606365388,256.0,38.97780614509465,1,False,True,0.04646740266964346,-0.030058189883495234,0.12299299522278215,0.8317606633091154,0.5319286100730631,1.1315927165451676,27.328556181233036,21.3004910056963,33.35662135676977,5.322232034850219e-05,-0.2364009973687817,0.23650744200947868,100.00289683290971,-694160.1828189227,694360.1886125884,0.9894096107443352,0.9999360165521783,True,True,False,,False,,True,True,False,,Sheet2,Sheet3,Sheet4,Sheet7,Sheet8
patient_10a_exp_1,2023_11_01_CGNs_isolated3010_CSF_3.xlsx,10a_1..25/2023_11_01_CGNs_isolated3010_CSF_3.xlsx,10a,SMA,1_25,ROI_205,GX,0.07795275590551182,False,1.473297163220344,8.511088233599708,102.0,28.12820680041476,1,False,True,1.630227022982305e-09,,,1.2050068076083318,1.17035896007767,1.2396546551389935,9.64154696215527,9.120376956590102,10.162716967720437,0.20140711472472286,0.1655276936367352,0.23728653581271053,100.00000543963114,71.14113577992039,128.85887509934187,0.9951080405473817,0.856793855971921,True,True,0.5478535625689301,23.13179930379573,258.0,17.45210182307462,1,False,True,0.008161107488461243,-0.030738728979486943,0.04706094395640943,0.6203276495825975,0.5460576242647998,0.6945976749003951,17.884117219461277,15.72700393207562,20.041230506846933,1.2185017621332676e-06,-0.04723974200213172,0.04724217900565599,100.00777715330929,-11724591.69602439,11724791.711578695,0.9851520958870258,0.9999980357164968,True,True,False,,False,,True,True,False,,Sheet2,Sheet3,Sheet4,Sheet7,Sheet8
patient_10a_exp_1,2023_11_01_CGNs_isolated3010_CSF_3.xlsx,10a_1..25/2023_11_01_CGNs_isolated3010_CSF_3.xlsx,10a,SMA,1_25,ROI_206,GY,0.1251968503937008,False,0.7606994768284191,10.324573434757767,102.0,19.6910727019517,1,False,True,0.08465188626094386,-0.14099931533771856,0.31030308785960625,0.6731518313880901,0.6114337693914125,0.7348698933847677,10.54894365810131,9.44204063353629,11.65584668266633,0.0014119699870616992,-0.16422417906693698,0.16704811904106037,115.63136636986721,-34378.50435171994,34609.76708445967,0.9931664617019158,0.9979068399694984,True,True,0.9805427171600499,25.232452849045643,262.0,30.888594531013002,1,False,True,0.00491638233941799,-0.05589393921457605,0.06572670389341202,1.1111600126123178,1.0057746983249203,1.2165453268997153,16.547607648948492,14.868937117739824,18.226278180157163,3.2451696157508205e-07,-0.06403596876840288,0.06403661780232604,100.00357667368216,-65886830.410368085,65887030.41752143,0.9855087169545744,0.9999997079476736,True,True,False,,False,,True,True,False,,Sheet2,Sheet3,Sheet4,Sheet7,Sheet8
patient_10a_exp_1,2023_11_01_CGNs_isolated3010_CSF_3.xlsx,10a_1..25/2023_11_01_CGNs_isolated3010_CSF_3.xlsx,10a,SMA,1_25,ROI_207,GZ,0.012598425196850394,False,2.4797001290547396,9.706413917413514,102.0,39.79854407023464,1,False,True,0.08201776525725142,-0.5835953906182682,0.7476309211327711,2.457237678308745,2.2605626711128024,2.6539126855046873,10.565786916068012,9.606993851287864,11.52457998084816,0.004109751183127108,-0.47109790004034535,0.4793174024065996,112.06636960701026,-34443.787737512524,34667.92047672655,0.9949717732137708,0.998330284000591,True,True,2.620247272395319,57.39735961661833,258.0,227.16955078978978,2,True,True,0.4400695694921329,0.3450879280962942,0.5350512108879716,2.587000500871446,2.427564487586823,2.7464365141560685,38.186760657551375,32.806832390449145,43.566688924653604,8.547201934625278e-09,,,100.00000120376575,-1027333775.5931318,1027333975.5931342,0.828267566873039,0.9999999966960957,True,True,False,,False,,True,True,False,,Sheet2,Sheet3,Sheet4,Sheet7,Sheet8
patient_10a_exp_1,2023_11_01_CGNs_isolated3010_CSF_3.xlsx,10a_1..25/2023_11_01_CGNs_isolated3010_CSF_3.xlsx,10a,SMA,1_25,ROI_208,HA,0.008661417322834646,False,1.6002276917205818,7.635641307340592,102.0,24.95162243128727,1,False,True,0.03672617036377293,-0.07602147374913745,0.14947381447668331,1.4955834991785801,1.4644506181176296,1.5267163802395307,7.8946751163898865,7.652853913344741,8.136496319435032,0.087170249067886,0.0035103011310270854,0.1708301970047449,102.39145924870051,-148.25428048307333,353.0371989804744,0.9989645952802869,0.9449249454222035,True,True,3.5853920207966357,24.671352529833456,257.0,113.33773476396038,1,False,True,0.010918336029113386,-0.061200302278421985,0.08303697433664875,3.975492053450985,3.8063310958988095,4.144653011003161,21.78578311847764,20.588171309879364,22.983394927075913,1.2670162305209385e-07,-0.19285464867983168,0.1928549020830778,100.0004056932949,-160118655.68589512,160118855.6867065,0.9917141705000305,0.999999968129324,True,True,False,,False,,True,True,False,,Sheet2,Sheet3,Sheet4,Sheet7,Sheet8
patient_10a_exp_1,2023_11_01_CGNs_isolated3010_CSF_3.xlsx,10a_1..25/2023_11_01_CGNs_isolated3010_CSF_3.xlsx,10a,SMA,1_25,ROI_209,HB,0.13307086614173227,False,1.0344946310846237,11.598624687390327,102.0,18.864895972927982,1,False,True,1.1292930162441204e-11,,,0.9598735665340902,0.8808986817564229,1.0388484513117573,16.480483863284523,14.906317006925514,18.05465071964353,0.031446015404184624,-0.053194336887054244,0.11608636769542349,100.00005648230042,-226.8533585051586,426.8534714697594,0.9939820378255063,0.9682786298413476,True,True,,,,25.073589928564754,0,False,False,,,,,,,,,,,,,,,,,,False,False,False,,False,,True,False,False,,Sheet2,Sheet3,Sheet4,Sheet7,Sheet8
patient_10a_exp_1,2023_11_01_CGNs_isolated3010_CSF_3.xlsx,10a_1..25/2023_11_01_CGNs_isolated3010_CSF_3.xlsx,10a,SMA,1_25,ROI_210,HC,0.10551181102362205,False,0.8494281241725798,10.730372557132014,102.0,16.28280706008406,1,False,True,3.743779400462092e-12,,,0.7468887134103587,0.7173075753334281,0.7764698514872892,12.414521246397523,11.650978472399997,13.17806402039505,0.090580864266127,0.058522428309502626,0.12263930022275138,100.00227511741345,49.36356762079676,150.64098261403012,0.9956993449449427,0.8918398152235706,True,True,,,,9.911570559776301,0,False,False,,,,,,,,,,,,,,,,,,False,False,False,,False,,True,False,False,,Sheet2,Sheet3,Sheet4,Sheet7,Sheet8
patient_10a_exp_1,2023_11_01_CGNs_isolated3010_CSF_3.xlsx,10a_1..25/2023_11_01_CGNs_isolated3010_CSF_3.xlsx,10a,SMA,1_25,ROI_211,HD,1.0,True,,,,-58.72085310206207,0,False,False,,,,,,,,,,,,,,,,,,False,False,,,,-85.0027014001322,0,False,False,,,,,,,,,,,,,,,,,,False,False,False,,False,,False,False,True,majority_negative_normalized_trace,Sheet2,Sheet3,Sheet4,Sheet7,Sheet8
patient_10a_exp_1,2023_11_01_CGNs_isolated3010_CSF_3.xlsx,10a_1..25/2023_11_01_CGNs_isolated3010_CSF_3.xlsx,10a,SMA,1_25,ROI_212,HE,0.0031496062992125984,False,1.639405283172342,13.521775313298022,102.0,48.019814992374066,1,False,True,0.15141307114718255,-1645.866398856141,1646.169224998435,1.5774373409641844,1.4396821225901555,1.7151925593382134,12.60417087642235,11.255855221266636,13.952486531578064,0.038408333850311845,-1645.837108411352,1645.9139250790527,5855.228934251811,-254301299.0581716,254313009.51604012,0.9930200069264558,0.9762301967019708,True,True,1.8320462771733588,62.71950317162944,262.0,204.25688046364996,1,False,True,0.4301045708565154,-0.3502483830439364,1.210457524756967,1.727102114399154,-6.7636109903302835,10.21781521912859,41.46824522680844,-34.29882177816756,117.23531223178443,4.3279568148505025e-06,-7.7938553407091975,7.793863996622828,100.00004540934349,-136845418.81462795,136845618.81471878,0.9198094809085458,0.9999974940995477,True,True,False,,False,,True,True,False,,Sheet2,Sheet3,Sheet4,Sheet7,Sheet8
patient_10a_exp_1,2023_11_01_CGNs_isolated3010_CSF_3.xlsx,10a_1..25/2023_11_01_CGNs_isolated3010_CSF_3.xlsx,10a,SMA,1_25,ROI_213,HF,0.03464566929133858,False,1.750265702286489,5.512719381963734,102.0,20.88649650511904,1,False,True,9.499009038768517e-13,,,1.5245897864726827,1.4751717875082229,1.5740077854371426,6.576339305080757,6.127415552098294,7.02526305806322,0.13747011475847498,0.09610435652176152,0.17883587299518844,100.00000882119309,43.207686873143054,156.79233076924314,0.9868690085607081,0.9172893139070107,True,True,1.771969770401597,27.46585152028294,256.0,64.15562155538154,1,False,True,3.05032706100948e-07,-0.009337118113686019,0.00933772817909822,1.9011257540758746,1.884129213770138,1.9181222943816112,28.29321227863469,27.797026302378733,28.78939825489065,1.2859495345477255e-08,,,100.00000152847105,-145011397.2901891,145011597.29019213,0.9963117156724254,0.9999999932358524,True,True,False,,False,,True,True,False,,Sheet2,Sheet3,Sheet4,Sheet7,Sheet8
patient_10a_exp_1,2023_11_01_CGNs_isolated3010_CSF_3.xlsx,10a_1..25/2023_11_01_CGNs_isolated3010_CSF_3.xlsx,10a,SMA,1_25,ROI_214,HG,0.02125984251968504,False,2.1038482215173584,5.245759615716224,102.0,22.08880527149586,1,False,True,1.49352381991441e-12,,,1.8877684619413333,1.8415803112548268,1.9339566126278398,5.9687335512899375,5.660349733550152,6.277117369029723,0.14099242013053784,0.10506036367372554,0.17692447658735014,100.0000064315312,50.31214167076864,149.68787119229376,0.991588600012048,0.9305031847880715,True,True,2.1250836258894115,22.85881984365912,256.0,73.34420747741092,1,False,True,0.05140561618635068,-0.058576890096693944,0.1613881224693953,2.187418375141787,1.9119742141918765,2.4628625360916976,21.556531916390306,19.35052772562499,23.762536107155622,0.03194974821605852,-0.15979373675492686,0.22369323318704387,100.54244978894816,-1300.6277928804473,1501.7126924583438,0.9941789900480252,0.985604124038819,True,True,False,,False,,True,True,False,,Sheet2,Sheet3,Sheet4,Sheet7,Sheet8
patient_10a_exp_1,2023_11_01_CGNs_isolated3010_CSF_3.xlsx,10a_1..25/2023_11_01_CGNs_isolated3010_CSF_3.xlsx,10a,SMA,1_25,ROI_215,HH,0.06062992125984252,False,2.8458813039812623,13.742799598496717,102.0,63.380423452615005,1,False,True,0.03322290233135845,-0.8704174265428012,0.9368632312055182,2.845950959492146,2.2723843716049004,3.4195175473793915,15.465917534696555,13.150513396541893,17.781321672851217,0.15134241341334528,-0.2230058168682347,0.5256906436949252,100.46216498472474,-1286.6829064379529,1487.6072364074023,0.9965997539886189,0.9495069735977701,True,True,2.8839859334894586,61.90501024215777,258.0,216.06793246744704,1,False,True,2.8573142130855803e-08,-0.29559837468045874,0.295598431826743,3.2283261501037748,-1.5227923299592216,7.979444630166771,62.121176605790446,25.865266665016335,98.37708654656456,9.600820830548215e-08,-5.074747048708009,5.074747240724426,100.00000043279749,-203646592.61229163,203646792.61229253,0.9736997864600578,0.9999999702606859,True,True,False,,False,,True,True,False,,Sheet2,Sheet3,Sheet4,Sheet7,Sheet8
patient_10a_exp_1,2023_11_01_CGNs_isolated3010_CSF_3.xlsx,10a_1..25/2023_11_01_CGNs_isolated3010_CSF_3.xlsx,10a,SMA,1_25,ROI_216,HI,0.0015748031496062992,False,3.081472735113099,8.020976389976838,102.0,39.39459409592393,1,False,True,0.017272818941023286,-0.17568027088321406,0.21022590876526062,3.0234856556973853,2.965536935667276,3.0814343757274947,8.815959562373257,8.591191833523231,9.040727291223282,0.09239449938843912,-0.04564744930865146,0.2304364480855297,102.9954873052336,-311.8321938201345,517.8231684306016,0.9994152784630633,0.9703472230029032,True,True,4.06692040862181,26.285139917622246,255.0,146.2051985531021,1,False,True,0.04852739882191692,-0.2562017814224413,0.35325657906627517,4.448593769240314,3.4138262489930717,5.483361289487556,26.155698014456497,21.96665076649525,30.344745262417746,7.351647260573648e-07,-0.8407373395843045,0.8407388099137567,100.00003017527355,-180400947.65759775,180401147.65765813,0.9802181423058742,0.9999998347422482,True,True,False,,False,,True,True,False,,Sheet2,Sheet3,Sheet4,Sheet7,Sheet8
patient_10a_exp_1,2023_11_01_CGNs_isolated3010_CSF_3.xlsx,10a_1..25/2023_11_01_CGNs_isolated3010_CSF_3.xlsx,10a,SMA,1_25,ROI_217,HJ,0.01653543307086614,False,1.050057696027595,7.309603376730891,102.0,16.05914738447537,1,False,True,4.568230610278853e-12,,,0.9427199957153243,0.9239596930601913,0.9614802983704572,7.450674634961345,7.143371642148522,7.757977627774168,0.10540413316827275,0.08829256962269724,0.12251569671384827,100.00173712315484,70.72141559036928,129.2820586559404,0.9957938820985497,0.8994354482798299,True,True,0.8392101428699341,34.41149936569579,256.0,63.912965390118806,1,False,True,0.15470089317465385,0.07368202254865976,0.23571976380064796,0.731914392124355,0.39440172333213663,1.0694270609165735,28.189815826814375,20.511278288927404,35.86835336470135,4.987816830046281e-06,-0.27003377602178713,0.27004375165544725,100.00028641449254,-8040987.29303717,8041187.293609998,0.9858740033866153,0.9999931852920325,True,True,False,,False,,True,True,False,,Sheet2,Sheet3,Sheet4,Sheet7,Sheet8
patient_10a_exp_1,2023_11_01_CGNs_isolated3010_CSF_3.xlsx,10a_1..25/2023_11_01_CGNs_isolated3010_CSF_3.xlsx,10a,SMA,1_25,ROI_218,HK,0.09212598425196851,False,1.366369292108016,7.0919161646293105,102.0,19.25225831419838,1,False,True,1.951661881379317e-10,,,1.2340108166243648,1.2133002761666323,1.2547213570820974,7.603523956578419,7.340165986827571,7.866881926329268,0.12416384007919676,0.10503126268723371,0.14329641747115981,100.00000011311234,72.42423656824288,127.5757636579818,0.9970664957345337,0.908580358596474,True,True,1.865395810412938,23.043906797577534,258.0,63.922780418153756,1,False,True,0.004480802478092105,-0.06038104722100316,0.06934265217718737,1.830057877849145,1.6914979262787355,1.9686178294195544,19.31222746053077,17.963812723980922,20.66064219708062,0.17500964488226892,0.08330547830745957,0.2667138114570783,100.00969503606999,-41.714425233298414,241.73381530543838,0.9966106267588294,0.9127163335407971,True,True,False,,False,,True,True,False,,Sheet2,Sheet3,Sheet4,Sheet7,Sheet8
patient_10a_exp_1,2023_11_01_CGNs_isolated3010_CSF_3.xlsx,10a_1..25/2023_11_01_CGNs_isolated3010_CSF_3.xlsx,10a,SMA,1_25,ROI_219,HL,0.10866141732283464,False,1.1180026352617214,6.435911454392283,102.0,11.609142169272989,1,False,True,9.896968645279561e-10,,,1.0653662723529735,1.0454133500739973,1.0853191946319498,7.127760109847314,6.848975217770664,7.406545001923964,0.048102379512244435,0.03042479018406594,0.06577996884042293,100.00000040413096,32.61018617758364,167.38981463067827,0.9957331488825693,0.9567995206405981,True,True,0.5806238565963515,30.38973036297483,256.0,27.692836869850975,1,False,True,0.032081503940936194,-0.022171544622490276,0.08633455250436267,0.5758737009267744,0.323190263419086,0.8285571384344628,29.69860463019991,22.47251682342511,36.92469243697471,6.2057071056406e-06,-0.20665991264832487,0.20667232406253613,100.00106041412556,-4536072.729548399,4536272.731669228,0.9913114080833443,0.9999892239561857,True,True,False,,False,,True,True,False,,Sheet2,Sheet3,Sheet4,Sheet7,Sheet8
patient_10a_exp_1,2023_11_01_CGNs_isolated3010_CSF_3.xlsx,10a_1..25/2023_11_01_CGNs_isolated3010_CSF_3.xlsx,10a,SMA,1_25,ROI_220,HM,0.9944881889763779,True,,,,-47.08998054189357,0,False,False,,,,,,,,,,,,,,,,,,False,False,,,,-95.37112680447038,0,False,False,,,,,,,,,,,,,,,,,,False,False,False,,False,,False,False,True,majority_negative_normalized_trace,Sheet2,Sheet3,Sheet4,Sheet7,Sheet8
patient_10a_exp_1,2023_11_01_CGNs_isolated3010_CSF_3.xlsx,10a_1..25/2023_11_01_CGNs_isolated3010_CSF_3.xlsx,10a,SMA,1_25,ROI_221,HN,0.004724409448818898,False,1.1699650460227256,8.335822104751912,102.0,22.270212639204413,1,False,True,0.07677475472268308,-0.3993583257915594,0.5529078352369255,1.0721208104376494,0.9571708386852518,1.187070782190047,9.187535640286347,7.894912655246565,10.48015862532613,9.68234075866332e-05,-0.3649197908854044,0.3651134377005777,114.81720308572959,-1027951.0138125096,1028180.6482186811,0.9827673632916613,0.9999096979899132,True,True,1.9407397892045428,23.189590230642665,258.0,69.52128231193154,1,False,True,0.06589862063825933,-0.038358237802261635,0.1701554790787803,2.0499010167964107,1.9014223891181705,2.198379644474651,18.165575873799238,16.785413458260965,19.54573828933751,0.031476714884916525,-0.04661998567380484,0.10957341544363788,111.88625274882337,-1090.7870847498468,1314.5595902474936,0.9937965582154406,0.9848769810468329,True,True,False,,False,,True,True,False,,Sheet2,Sheet3,Sheet4,Sheet7,Sheet8
patient_10a_exp_1,2023_11_01_CGNs_isolated3010_CSF_3.xlsx,10a_1..25/2023_11_01_CGNs_isolated3010_CSF_3.xlsx,10a,SMA,1_25,ROI_222,HO,0.9952755905511811,True,,,,-64.8063170901705,0,False,False,,,,,,,,,,,,,,,,,,False,False,,,,-125.14977626420561,0,False,False,,,,,,,,,,,,,,,,,,False,False,False,,False,,False,False,True,majority_negative_normalized_trace,Sheet2,Sheet3,Sheet4,Sheet7,Sheet8
patient_10a_exp_1,2023_11_01_CGNs_isolated3010_CSF_3.xlsx,10a_1..25/2023_11_01_CGNs_isolated3010_CSF_3.xlsx,10a,SMA,1_25,ROI_223,HP,0.0007874015748031496,False,3.008479891571327,9.734491986474083,102.0,54.83585812871034,1,False,True,0.15538198938380143,-0.36849552072074243,0.6792594994883453,2.9466708764038425,2.7987753935604793,3.0945663592472057,10.451899854961164,9.848414349845509,11.05538536007682,0.021836177879107268,-0.3585844707040975,0.402256826462312,113.64481191493468,-5019.439213421454,5246.728837251323,0.9978948041669025,0.9926440539032567,True,True,4.420950010900383,56.61352610073669,253.0,329.43214057296865,1,False,True,7.892318054612705e-12,,,5.146707010219494,5.025808467907867,5.267605552531121,58.02666805693096,55.75295829172582,60.3003778221361,3.391991130058273e-12,,,100.00000001468445,,,0.9552367283166932,0.999999999999341,True,True,False,,False,,True,True,False,,Sheet2,Sheet3,Sheet4,Sheet7,Sheet8
patient_10a_exp_1,2023_11_01_CGNs_isolated3010_CSF_3.xlsx,10a_1..25/2023_11_01_CGNs_isolated3010_CSF_3.xlsx,10a,SMA,1_25,ROI_224,HQ,0.006299212598425197,False,3.0294916709000512,8.849228028798692,102.0,46.01885143279939,1,False,True,2.055614631929438e-10,,,2.806826848625786,2.7663636050110583,2.847290092240514,9.728104436895203,9.465824602219346,9.99038427157106,0.22245178852740247,0.18042793967746373,0.2644756373773412,100.00000013930038,69.52076663698116,130.4792336416196,0.9986705866111284,0.9265660854702837,True,True,4.022901082716726,31.142225398389712,256.0,191.7979245959134,1,False,True,0.1428460278176037,0.01509830822233671,0.2705937474128707,4.2485686164670655,3.708905185632381,4.78823204730175,29.346929466475448,26.396813055640592,32.2970458773103,3.13868161055139e-07,-0.5326356751093467,0.5326363028456688,100.00000819074323,-162821942.07939354,162822142.07940993,0.989544330454364,0.9999999261237923,True,True,False,,False,,True,True,False,,Sheet2,Sheet3,Sheet4,Sheet7,Sheet8
patient_10a_exp_1,2023_11_01_CGNs_isolated3010_CSF_3.xlsx,10a_1..25/2023_11_01_CGNs_isolated3010_CSF_3.xlsx,10a,SMA,1_25,ROI_225,HR,0.006299212598425197,False,1.7225699613711356,8.321943767621391,102.0,26.07036719673543,1,False,True,7.983185429964997e-11,,,1.598841808965542,1.575883157213686,1.6218004607173981,9.384790878073266,9.12763781191665,9.641943944229883,0.12700536999378678,0.10345383939309574,0.15055690059447782,100.00000002666292,69.5930458340919,130.40695421923394,0.998552922937932,0.926409840023976,True,True,4.128604446303213,29.803692178337997,256.0,167.0836264725345,1,False,True,9.052424416848299e-08,-0.023322282281193606,0.023322463329681947,4.506630264845106,4.459338014675447,4.553922515014765,31.77659639385702,31.073317420882628,32.479875366831415,5.204208590978684e-09,,,100.00000016452307,-515930177.3112638,515930377.31126416,0.9944546638288854,0.9999999988452106,True,True,False,,False,,True,True,False,,Sheet2,Sheet3,Sheet4,Sheet7,Sheet8
patient_10a_exp_1,2023_11_01_CGNs_isolated3010_CSF_3.xlsx,10a_1..25/2023_11_01_CGNs_isolated3010_CSF_3.xlsx,10a,SMA,1_25,ROI_226,HS,0.15039370078740158,False,0.7946659617015789,6.014612185023751,102.0,8.84311275880357,1,False,True,1.2536796629239127e-08,,,0.7181609815864032,0.7043937898236936,0.7319281733491128,7.377597196485894,7.101500943882244,7.653693449089544,0.04523273557909557,0.0393818798680783,0.05108359129011285,100.00000000349257,,,0.9926149635402104,0.940747828332874,True,True,,,,5.114656977187925,0,False,False,,,,,,,,,,,,,,,,,,False,False,False,,False,,True,False,False,,Sheet2,Sheet3,Sheet4,Sheet7,Sheet8
patient_10a_exp_1,2023_11_01_CGNs_isolated3010_CSF_3.xlsx,10a_1..25/2023_11_01_CGNs_isolated3010_CSF_3.xlsx,10a,SMA,1_25,ROI_227,HT,0.03464566929133858,False,0.5916134763607201,6.4661892999551895,102.0,6.5215768507726315,1,False,True,1.895842857702057e-12,,,0.5414644005012132,0.5270703168783649,0.5558584841240616,8.18198873534196,7.74197164049657,8.622005830187351,0.01801466798092587,0.004140855179348497,0.03188848078250324,100.00008118767785,-33.87642282220882,233.8765851975645,0.9929809991881815,0.9678009973995998,True,True,0.8206779515587652,55.00630409814107,264.0,71.84335638090721,1,False,True,0.12187461861388793,0.034536557763135536,0.20921267946464034,0.7242235416194686,-0.7665547765558546,2.215001859794792,47.54653924237532,17.241546099861637,77.851532384889,0.005963419286795718,-1.4038797882927676,1.415806626866359,100.21559855310025,-13815.02212617391,14015.453323280111,0.996826631165673,0.991833024134813,True,True,False,,False,,True,True,False,,Sheet2,Sheet3,Sheet4,Sheet7,Sheet8
patient_10a_exp_1,2023_11_01_CGNs_isolated3010_CSF_3.xlsx,10a_1..25/2023_11_01_CGNs_isolated3010_CSF_3.xlsx,10a,SMA,1_25,ROI_228,HU,0.047244094488188976,False,0.9029394456501844,6.97395680195136,102.0,12.54332262484251,1,False,True,0.03340542705185321,-0.06239260138822498,0.1292034554919314,0.8586003613794712,0.8308824355172744,0.886318287241668,8.137511989697684,7.762118554962117,8.512905424433251,0.0004982916143811041,-0.0693282205319616,0.0703248037607238,101.4657046874101,-37248.480144390225,37451.41155376505,0.9976559064028887,0.999419983243316,True,True,1.0450267086032718,44.71142672659485,261.0,73.08578412392262,1,False,True,0.10227534117303033,0.001647504985799575,0.2029031773602611,0.9538714845233308,0.0007276233515308705,1.9070153456951306,39.94229038223718,24.373338184497854,55.51124257997651,0.014176418509865797,-0.8480008365557342,0.8763536735754659,100.69882104919009,-4982.292012498013,5183.689654596393,0.9958429185059141,0.9853556642543756,True,True,False,,False,,True,True,False,,Sheet2,Sheet3,Sheet4,Sheet7,Sheet8
patient_10a_exp_1,2023_11_01_CGNs_isolated3010_CSF_3.xlsx,10a_1..25/2023_11_01_CGNs_isolated3010_CSF_3.xlsx,10a,SMA,1_25,ROI_229,HV,0.115748031496063,False,2.096105652921581,6.849743938683986,102.0,28.89222643345859,1,False,True,1.6162838917241e-10,,,1.8639395561135323,1.8286117536361945,1.8992673585908701,7.5363486817397565,7.256400683431853,7.81629668004766,0.16893460471542496,0.1536591980254698,0.18421001140538013,100.00000000948955,,,0.9929590803527737,0.9168986413568573,True,True,1.7769518901293342,34.11269333962812,254.0,99.63632639271921,1,False,True,0.09761926339393334,-0.17744766904541082,0.3726861958332775,1.7786907539116676,-0.35245692786385585,3.909838435687191,36.8836378746056,17.797370521938323,55.969905227272875,2.0248261571464304e-06,-1.8951035516484327,1.895107601300747,100.0000320058618,-87896563.15359883,87896763.15366285,0.984607081759779,0.9999988616211966,True,True,False,,False,,True,True,False,,Sheet2,Sheet3,Sheet4,Sheet7,Sheet8
patient_10a_exp_1,2023_11_01_CGNs_isolated3010_CSF_3.xlsx,10a_1..25/2023_11_01_CGNs_isolated3010_CSF_3.xlsx,10a,SMA,1_25,ROI_230,HW,0.04566929133858268,False,2.9999738179070916,10.034073699373494,102.0,54.66136538144101,1,False,True,1.8201446535085425e-13,,,2.7166562811513213,2.6328684674388976,2.800444094863745,10.286968041683314,9.714135508591937,10.859800574774692,0.35524284096910175,0.26682923705991185,0.44365644487829164,100.0000001190133,60.87293806105617,139.1270621769704,0.9951497055370156,0.8843572569128213,True,True,2.834430861027768,37.66662104024681,258.0,174.36747984720122,1,False,True,0.16722541352377646,0.02178558488979951,0.3126652421577534,2.981752431908678,2.1691752231987786,3.794329640618577,35.74788559124849,29.41948804488684,42.07628313761014,2.6137997787440423e-07,-0.8308756036757413,0.8308761264356971,100.000002678956,-221855923.70853925,221856123.7085446,0.9780825015488526,0.9999999123401554,True,True,False,,False,,True,True,False,,Sheet2,Sheet3,Sheet4,Sheet7,Sheet8
patient_10a_exp_1,2023_11_01_CGNs_isolated3010_CSF_3.xlsx,10a_1..25/2023_11_01_CGNs_isolated3010_CSF_3.xlsx,10a,SMA,1_25,ROI_231,HX,0.06220472440944882,False,2.1883305304275513,8.851999247012657,102.0,47.66638309090411,1,False,True,2.2228154012111954e-14,,,1.5927512593164206,1.5208063014983666,1.6646962171344746,8.421247591650967,7.658966574653384,9.183528608648551,0.5144220228899764,0.48026481539469146,0.5485792303852614,100.00000000000054,,,0.9712830367491794,0.7558710395419731,True,True,1.7473828272872456,38.52914247350509,256.0,127.2997026097328,1,False,True,0.21591401020570972,-0.43087711098591824,0.8627051313973377,1.5769652425095504,-4.77031454699157,7.924245032010671,40.04038012315921,-22.26237946976201,102.34313971608043,2.124791447343595e-05,-5.763233371308609,5.763275867137556,100.00016017190393,-22042281.904711116,22042481.90503146,0.937420976544623,0.9999865262545986,True,True,False,,False,,True,True,False,,Sheet2,Sheet3,Sheet4,Sheet7,Sheet8
patient_10a_exp_1,2023_11_01_CGNs_isolated3010_CSF_3.xlsx,10a_1..25/2023_11_01_CGNs_isolated3010_CSF_3.xlsx,10a,SMA,1_25,ROI_232,HY,0.9984251968503937,True,,,,-48.606235211985855,0,False,False,,,,,,,,,,,,,,,,,,False,False,,,,-78.77611815670605,0,False,False,,,,,,,,,,,,,,,,,,False,False,False,,False,,False,False,True,majority_negative_normalized_trace,Sheet2,Sheet3,Sheet4,Sheet7,Sheet8
patient_10a_exp_1,2023_11_01_CGNs_isolated3010_CSF_3.xlsx,10a_1..25/2023_11_01_CGNs_isolated3010_CSF_3.xlsx,10a,SMA,1_25,ROI_233,HZ,0.15905511811023623,False,1.6443202979827338,7.890374182680247,102.0,23.247632800616326,1,False,True,2.455895526166883e-11,,,1.4500572126071063,1.4286345440531298,1.4714798811610827,9.703777374404197,9.407163658707232,10.000391090101163,0.11456915591828708,0.10301673130587599,0.12612158053069816,100.0000000002906,,,0.9956399310782706,0.9267753898163786,True,True,0.7766653809761851,33.11783316131138,255.0,31.768490557838952,1,False,True,2.261946684492419e-07,-0.06269373926104249,0.0626941916503794,0.8119317978347579,0.3249734237550609,1.2988901719144548,36.99112598564446,26.82942933185405,47.152822639434866,2.9153324132679407e-07,-0.4410746406108456,0.44107522367732827,100.00000966134466,-134781589.4301761,134781789.43019542,0.9888996641871872,0.9999996409388849,True,True,False,,False,,True,True,False,,Sheet2,Sheet3,Sheet4,Sheet7,Sheet8
patient_10a_exp_1,2023_11_01_CGNs_isolated3010_CSF_3.xlsx,10a_1..25/2023_11_01_CGNs_isolated3010_CSF_3.xlsx,10a,SMA,1_25,ROI_234,IA,0.025196850393700787,False,1.3535159794245628,5.195441255078379,102.0,14.414790267923525,1,False,True,1.5206885530875906e-13,,,1.1491543660446988,1.1099447947001577,1.1883639373892398,6.7460420896204205,6.262245458824978,7.229838720415863,0.08938924430763183,0.05595749490301841,0.12282099371224525,100.00000036940831,30.04007226575156,169.95992847306508,0.9856720256712878,0.9278271321570961,True,True,2.6823201436913213,33.6981794856633,258.0,117.63421014071493,1,False,True,0.016278784584664682,-0.12250753668756749,0.15506510585689687,3.0748324623634367,2.5273203710653127,3.6223445536615606,28.721840214998068,24.62340761890777,32.820272811088365,2.5180229540138036e-07,-0.534781687875835,0.5347821914804257,100.00017228882253,-216739927.6412071,216740127.64155167,0.9774770466320831,0.9999999181086197,True,True,False,,False,,True,True,False,,Sheet2,Sheet3,Sheet4,Sheet7,Sheet8
patient_10a_exp_1,2023_11_01_CGNs_isolated3010_CSF_3.xlsx,10a_1..25/2023_11_01_CGNs_isolated3010_CSF_3.xlsx,10a,SMA,1_25,ROI_235,IB,0.047244094488188976,False,1.3041062385694522,5.6159423222540426,102.0,13.125675185143127,1,False,True,7.200265837603055e-09,,,1.1607496059018865,1.134509305768809,1.186989906034964,7.199459919559424,6.883124033848432,7.515795805270416,0.06084462675763324,0.049908997138375384,0.07178025637689109,100.00000000931007,,,0.9896655677246496,0.9501924410488014,True,True,2.3820039654967697,24.97801572757487,256.0,85.83659491438195,1,False,True,0.059574091335152755,-0.06805673030737464,0.18720491297768016,2.7066310484896854,2.410392284654429,3.002869812324942,21.146981588702268,19.032224990326377,23.26173818707816,1.963699358061325e-07,-0.23534991727447246,0.2353503100143441,100.0001146778347,-238334624.75274232,238334824.75297168,0.9821035965709372,0.9999999274485816,True,True,False,,False,,True,True,False,,Sheet2,Sheet3,Sheet4,Sheet7,Sheet8
patient_10a_exp_1,2023_11_01_CGNs_isolated3010_CSF_3.xlsx,10a_1..25/2023_11_01_CGNs_isolated3010_CSF_3.xlsx,10a,SMA,1_25,ROI_236,IC,0.014173228346456693,False,1.0353702978657964,7.2369410077177605,102.0,14.584312854943992,1,False,True,6.2627228537392565e-12,,,0.8669849038627714,0.8200662218036836,0.9139035859218592,10.564694835322253,9.551313875902908,11.578075794741599,0.07013383988111203,0.020316981237149256,0.11995069852507481,100.0003682944192,-10.260751285883103,210.26148787472152,0.9855887799974145,0.9251601354157956,True,True,0.9125954316121156,40.26603143362078,259.0,71.82664567047644,1,False,True,0.12769796180781873,0.05297022935827839,0.20242569425735907,0.6753690574623472,0.4127874607834936,0.9379506541412008,31.523961344359623,24.67203116081636,38.37589152790289,0.13423986665518345,-0.06304202047794949,0.3315217537883164,112.75773213119692,-169.7458593476165,395.2613236100103,0.9952252192049024,0.834191715708292,True,True,False,,False,,True,True,False,,Sheet2,Sheet3,Sheet4,Sheet7,Sheet8
patient_10a_exp_1,2023_11_01_CGNs_isolated3010_CSF_3.xlsx,10a_1..25/2023_11_01_CGNs_isolated3010_CSF_3.xlsx,10a,SMA,1_25,ROI_237,ID,0.012598425196850394,False,1.9459480816099828,4.653944837106664,102.0,26.245334223105043,1,False,True,2.2212330630895748e-14,,,1.5947916803046174,1.5467731624617094,1.6428101981475254,4.899222884418642,4.626253125847182,5.172192642990103,0.24184378712249902,0.22659525641778464,0.25709231782721337,100.00000000005977,,,0.9839576190441511,0.8683223800195419,True,True,1.1485677934250076,38.627835651436044,256.0,65.36283755195808,1,False,True,0.036112047663192516,-0.15623362933582685,0.22845772466221187,1.164764750955866,-1.073561015637561,3.403090517549293,42.35965920057618,13.068927768945699,71.65039063220667,4.825862608797771e-05,-2.0628274708859187,2.062923988138095,100.00194164965696,-3130412.5422693295,3130612.546152629,0.9911290099817657,0.9999585696367649,True,True,False,,False,,True,True,False,,Sheet2,Sheet3,Sheet4,Sheet7,Sheet8
patient_10a_exp_1,2023_11_01_CGNs_isolated3010_CSF_3.xlsx,10a_1..25/2023_11_01_CGNs_isolated3010_CSF_3.xlsx,10a,SMA,1_25,ROI_238,IE,1.0,True,,,,-51.63354930695673,0,False,False,,,,,,,,,,,,,,,,,,False,False,,,,-81.52028606507625,0,False,False,,,,,,,,,,,,,,,,,,False,False,False,,False,,False,False,True,majority_negative_normalized_trace,Sheet2,Sheet3,Sheet4,Sheet7,Sheet8
patient_10a_exp_1,2023_11_01_CGNs_isolated3010_CSF_3.xlsx,10a_1..25/2023_11_01_CGNs_isolated3010_CSF_3.xlsx,10a,SMA,1_25,ROI_239,IF,0.9937007874015747,True,,,,-45.35147299219064,0,False,False,,,,,,,,,,,,,,,,,,False,False,,,,-59.573809938206296,0,False,False,,,,,,,,,,,,,,,,,,False,False,False,,False,,False,False,True,majority_negative_normalized_trace,Sheet2,Sheet3,Sheet4,Sheet7,Sheet8
patient_10a_exp_1,2023_11_01_CGNs_isolated3010_CSF_3.xlsx,10a_1..25/2023_11_01_CGNs_isolated3010_CSF_3.xlsx,10a,SMA,1_25,ROI_240,IG,1.0,True,,,,-51.622332948112124,0,False,False,,,,,,,,,,,,,,,,,,False,False,,,,-76.0305038600325,0,False,False,,,,,,,,,,,,,,,,,,False,False,False,,False,,False,False,True,majority_negative_normalized_trace,Sheet2,Sheet3,Sheet4,Sheet7,Sheet8
patient_10a_exp_1,2023_11_01_CGNs_isolated3010_CSF_3.xlsx,10a_1..25/2023_11_01_CGNs_isolated3010_CSF_3.xlsx,10a,SMA,1_25,ROI_241,IH,0.024409448818897637,False,1.368855944559649,7.700302559287977,102.0,16.483384296384934,1,False,True,1.2072442304973902e-06,-0.11387742790717124,0.11387984239563224,1.2881302696826287,1.2503807498573323,1.325879789507925,9.07389974713948,8.732545099527226,9.415254394751734,0.04663222478043891,-0.03161132312337038,0.1248757726842482,100.00000273341678,-383.11510866980336,583.115114136637,0.9988388811004234,0.9650632790673388,True,True,1.9735616378387135,30.936377171636053,254.0,83.99191315347527,1,False,True,0.009095371997767486,-0.24829243690998432,0.2664831809055193,2.1724086899616366,0.794501798647957,3.550315581275316,31.752644513595914,21.501510181579174,42.00377884561266,2.5337341509393388e-06,-1.1547770340963144,1.1547821015646162,100.00070316573299,-55698250.0300512,55698450.03145753,0.9871573633445412,0.9999988336765511,True,True,False,,True,"Sheet10:row_242, Sheet8:row_242",True,False,False,,Sheet2,Sheet3,Sheet4,Sheet7,Sheet8
patient_10a_exp_1,2023_11_01_CGNs_isolated3010_CSF_3.xlsx,10a_1..25/2023_11_01_CGNs_isolated3010_CSF_3.xlsx,10a,SMA,1_25,ROI_242,II,0.029921259842519685,False,1.2255988154451907,4.960444457485039,102.0,12.594571620872527,1,False,True,1.211951950341379e-13,,,1.0644602112163548,1.030159603109183,1.0987608193235265,5.9562995187009795,5.551005181082632,6.361593856319327,0.08602991301410359,0.05938885998818706,0.11267096604002012,100.00000429856,39.583158188938874,160.41685040818112,0.9856399928838402,0.9252232494636602,True,True,,,,17.88190750940071,0,False,False,,,,,,,,,,,,,,,,,,False,False,False,,False,,True,False,False,,Sheet2,Sheet3,Sheet4,Sheet7,Sheet8
patient_10a_exp_1,2023_11_01_CGNs_isolated3010_CSF_3.xlsx,10a_1..25/2023_11_01_CGNs_isolated3010_CSF_3.xlsx,10a,SMA,1_25,ROI_243,IJ,0.05275590551181102,False,1.3951464933510596,5.563338382565618,102.0,18.20394736593869,1,False,True,2.369971357399853e-14,,,1.1603705041362282,1.1202501652430967,1.2004908430293597,7.220054855339996,6.699745088513298,7.740364622166695,0.12161605790722184,0.08576300540997536,0.15746911040446832,100.00000127498654,46.19735767898117,153.8026448709919,0.9868014863718125,0.9051346858789461,True,True,,,,15.168440339736158,0,False,False,,,,,,,,,,,,,,,,,,False,False,False,,False,,True,False,False,,Sheet2,Sheet3,Sheet4,Sheet7,Sheet8
patient_10a_exp_1,2023_11_01_CGNs_isolated3010_CSF_3.xlsx,10a_1..25/2023_11_01_CGNs_isolated3010_CSF_3.xlsx,10a,SMA,1_25,ROI_244,IK,0.05669291338582677,False,1.224492455949091,5.162365681636857,102.0,12.922295541391428,1,False,True,1.0088165378159997e-13,,,1.0637385635483498,1.0303972231602536,1.097079903936446,6.249175778721356,5.83572960312533,6.662621954317382,0.08327520071037535,0.05640802090361646,0.11014238051713424,100.000003292454,38.03903325708267,161.96097332782531,0.986904471255653,0.9273982550992375,True,True,1.2646032797096372,20.92793268358338,263.0,35.03737111293237,1,False,True,0.0009408441992456905,-3.1561226467282095,3.1580043351267006,1.428106198605172,1.2551049743374316,1.6011074228729123,5.123053947787905,4.480575957053726,5.765531938522083,0.37469818813990186,-2.609700548848323,3.3590969251281266,102.01582292022098,-1064.4602487717164,1268.4918946121581,0.9975405180250048,0.7921581559847368,True,True,False,,True,"Sheet10:row_245, Sheet6:row_245, Sheet8:row_245",True,False,False,,Sheet2,Sheet3,Sheet4,Sheet7,Sheet8
patient_10a_exp_1,2023_11_01_CGNs_isolated3010_CSF_3.xlsx,10a_1..25/2023_11_01_CGNs_isolated3010_CSF_3.xlsx,10a,SMA,1_25,ROI_245,IL,0.3480314960629921,False,1.13775716122937,7.014714431008073,102.0,11.439687198113974,1,False,True,5.651860203331634e-13,,,1.103887270992196,1.0901826508583727,1.1175918911260194,8.779831233195477,8.559418003786547,9.000244462604407,0.018525776893090554,0.011776898628400145,0.025274655157780962,100.00000000000274,,,0.996680627259005,0.9834946885836773,True,True,,,,0.0,0,False,False,5.651860203331634e-13,,,1.103887270992196,1.0901826508583727,1.1175918911260194,8.779831233195477,8.559418003786547,9.000244462604407,0.018525776893090554,0.011776898628400145,0.025274655157780962,100.00000000000274,,,0.996680627259005,0.9834946885836773,True,True,True,"Sheet10:row_246, Sheet4:row_246, Sheet6:row_246, Sheet8:row_246",True,"Sheet10:row_246, Sheet4:row_246, Sheet6:row_246, Sheet8:row_246",False,False,False,,Sheet2,Sheet3,Sheet4,Sheet7,Sheet8
patient_10a_exp_1,2023_11_01_CGNs_isolated3010_CSF_3.xlsx,10a_1..25/2023_11_01_CGNs_isolated3010_CSF_3.xlsx,10a,SMA,1_25,ROI_246,IM,0.9976377952755906,True,,,,-37.019019635188485,0,False,False,,,,,,,,,,,,,,,,,,False,False,,,,0.0,0,False,False,,,,,,,,,,,,,,,,,,False,False,False,,False,,False,False,True,majority_negative_normalized_trace,Sheet2,Sheet3,Sheet4,Sheet7,Sheet8
patient_10a_exp_1,2023_11_01_CGNs_isolated3010_CSF_3.xlsx,10a_1..25/2023_11_01_CGNs_isolated3010_CSF_3.xlsx,10a,SMA,1_25,ROI_247,IN,0.17716535433070865,False,0.6871202145358059,5.925524568890154,102.0,6.596057618958728,1,False,True,,,,,,,,,,,,,,,,,,False,False,,,,0.0,0,False,False,,,,,,,,,,,,,,,,,,False,False,False,,False,,False,False,False,,Sheet2,Sheet3,Sheet4,Sheet7,Sheet8
patient_10a_exp_1,2023_11_01_CGNs_isolated3010_CSF_3.xlsx,10a_1..25/2023_11_01_CGNs_isolated3010_CSF_3.xlsx,10a,SMA,1_25,ROI_248,IO,0.9984251968503937,True,,,,-52.1634653005771,0,False,False,,,,,,,,,,,,,,,,,,False,False,,,,0.0,0,False,False,,,,,,,,,,,,,,,,,,False,False,False,,False,,False,False,True,majority_negative_normalized_trace,Sheet2,Sheet3,Sheet4,Sheet7,Sheet8
patient_10a_exp_1,2023_11_01_CGNs_isolated3010_CSF_3.xlsx,10a_1..25/2023_11_01_CGNs_isolated3010_CSF_3.xlsx,10a,SMA,1_25,ROI_249,IP,0.9929133858267717,True,,,,-53.02999706800154,0,False,False,,,,,,,,,,,,,,,,,,False,False,,,,0.0,0,False,False,,,,,,,,,,,,,,,,,,False,False,False,,False,,False,False,True,majority_negative_normalized_trace,Sheet2,Sheet3,Sheet4,Sheet7,Sheet8
patient_10b_exp_1,2023_07_10_CGNs_isolated0807_CSF_2_480nm-fitc_svi_ROI_min0.1.xlsx,10b_1..25/2023_07_10_CGNs_isolated0807_CSF_2_480nm-fitc_svi_ROI_min0.1.xlsx,10b,SMA,1_25,ROI_001,B,0.0906515580736544,False,0.6954723415444679,15.951155438735157,345.0,20.878172451613928,1,False,True,2.7021797058378945e-05,-0.02378052699885447,0.02383457059297123,0.603066215327405,0.570924952796577,0.6352074778582331,13.257708659042379,12.258565719639657,14.2568515984451,0.11489449496567886,0.09595079813233423,0.13383819179902348,100.0036073464044,32.35635735698217,167.65085733582663,0.9908275439111518,0.8399710550751769,True,True,,,,0.4600509863556249,0,False,False,,,,,,,,,,,,,,,,,,False,False,False,,False,,True,False,False,,Sheet2,Sheet3,Sheet4,Sheet5,Sheet6
patient_10b_exp_1,2023_07_10_CGNs_isolated0807_CSF_2_480nm-fitc_svi_ROI_min0.1.xlsx,10b_1..25/2023_07_10_CGNs_isolated0807_CSF_2_480nm-fitc_svi_ROI_min0.1.xlsx,10b,SMA,1_25,ROI_002,C,0.0226628895184136,False,0.5913399816843393,15.778074464241627,344.0,21.050274413974982,1,False,True,0.007496737841480087,-0.028803198861570633,0.0437966745445308,0.485866056948418,0.42743900230185855,0.5442931115949775,15.442217243819647,13.202942674192034,17.68149181344726,0.10128086854719494,0.06551989077592918,0.1370418463184607,100.00091412023045,-24.527412936389354,224.52924117685023,0.9767069002286274,0.827503365598477,True,True,,,,2.1381728285731207,0,False,False,,,,,,,,,,,,,,,,,,False,False,False,,False,,True,False,False,,Sheet2,Sheet3,Sheet4,Sheet5,Sheet6
patient_10b_exp_1,2023_07_10_CGNs_isolated0807_CSF_2_480nm-fitc_svi_ROI_min0.1.xlsx,10b_1..25/2023_07_10_CGNs_isolated0807_CSF_2_480nm-fitc_svi_ROI_min0.1.xlsx,10b,SMA,1_25,ROI_003,D,0.10623229461756374,False,5.147482981847003,8.65606046278964,343.0,97.3457290601969,1,False,True,1.6151807717621943e-11,,,4.585438226087701,4.427729718961316,4.743146733214087,8.93167425029886,8.356165170051366,9.507183330546354,0.6429964627726767,0.5802058491424457,0.7057870764029078,100.00000000000104,,,0.9662238794887695,0.87701931820194,True,True,,,,0.191305966889962,0,False,False,,,,,,,,,,,,,,,,,,False,False,False,,False,,True,False,False,,Sheet2,Sheet3,Sheet4,Sheet5,Sheet6
patient_10b_exp_1,2023_07_10_CGNs_isolated0807_CSF_2_480nm-fitc_svi_ROI_min0.1.xlsx,10b_1..25/2023_07_10_CGNs_isolated0807_CSF_2_480nm-fitc_svi_ROI_min0.1.xlsx,10b,SMA,1_25,ROI_004,E,0.015580736543909348,False,1.0427728446636875,8.213392992267131,343.0,18.813219398439976,1,False,True,0.016467058977975967,-0.0018723108942423107,0.03480642885019425,1.0424256922237782,1.0237792964824417,1.0610720879651148,8.791459942764135,8.491666260774114,9.091253624754156,0.03343497016147273,0.021770928691982366,0.045099011630963096,100.00547814928356,-57.544481556303936,257.55543785487106,0.9950578973301666,0.9689225832578122,True,True,,,,1.7235596446158685,0,False,False,,,,,,,,,,,,,,,,,,False,False,False,,False,,True,False,False,,Sheet2,Sheet3,Sheet4,Sheet5,Sheet6
patient_10b_exp_1,2023_07_10_CGNs_isolated0807_CSF_2_480nm-fitc_svi_ROI_min0.1.xlsx,10b_1..25/2023_07_10_CGNs_isolated0807_CSF_2_480nm-fitc_svi_ROI_min0.1.xlsx,10b,SMA,1_25,ROI_005,F,0.09490084985835694,False,2.4153151379877293,9.07463028002104,343.0,37.37708664947981,1,False,True,0.02312505646719001,-0.016283182935341523,0.06253329586972155,2.510571845626197,2.4790190848108096,2.5421246064415848,8.948294826321742,8.730698158796379,9.165891493847106,0.055718220395651136,0.03255747415446075,0.07887896663684152,111.94106591848043,-94.90810550557384,318.79023734253474,0.9973471653951987,0.9782884167564023,True,True,,,,1.2561557736056843,0,False,False,,,,,,,,,,,,,,,,,,False,False,False,,False,,True,False,False,,Sheet2,Sheet3,Sheet4,Sheet5,Sheet6
patient_10b_exp_1,2023_07_10_CGNs_isolated0807_CSF_2_480nm-fitc_svi_ROI_min0.1.xlsx,10b_1..25/2023_07_10_CGNs_isolated0807_CSF_2_480nm-fitc_svi_ROI_min0.1.xlsx,10b,SMA,1_25,ROI_006,G,0.15864022662889518,False,1.7480481939829131,7.284834779872881,343.0,24.35005002323956,1,False,True,7.142570303617638e-09,,,1.7060816940359305,1.685855718561049,1.726307669510812,7.559052512093143,7.3949967532967875,7.723108270889499,0.1070251625883761,0.09993353485670835,0.11411679032004386,100.00000000064466,,,0.995044933569734,0.9409713982397935,True,True,,,,0.9580216267278407,0,False,False,,,,,,,,,,,,,,,,,,False,False,False,,False,,True,False,False,,Sheet2,Sheet3,Sheet4,Sheet5,Sheet6
patient_10b_exp_1,2023_07_10_CGNs_isolated0807_CSF_2_480nm-fitc_svi_ROI_min0.1.xlsx,10b_1..25/2023_07_10_CGNs_isolated0807_CSF_2_480nm-fitc_svi_ROI_min0.1.xlsx,10b,SMA,1_25,ROI_007,H,0.0028328611898017,False,2.4560013982965634,9.34241063157475,344.0,42.890968229397544,1,False,True,9.671109939897622e-09,,,2.263657446014924,2.2469443876222566,2.2803705044075913,8.680819160632064,8.561263363839723,8.800374957424404,0.2035939526296482,0.19708799108643515,0.21009991417286122,100.00000000085092,,,0.9981733266586783,0.9174814724022464,True,True,,,,1.9446482224305326,0,False,False,,,,,,,,,,,,,,,,,,False,False,False,,False,,True,False,False,,Sheet2,Sheet3,Sheet4,Sheet5,Sheet6
patient_10b_exp_1,2023_07_10_CGNs_isolated0807_CSF_2_480nm-fitc_svi_ROI_min0.1.xlsx,10b_1..25/2023_07_10_CGNs_isolated0807_CSF_2_480nm-fitc_svi_ROI_min0.1.xlsx,10b,SMA,1_25,ROI_008,I,0.0113314447592068,False,2.7337456203509345,8.19046208426937,343.0,46.527289402223914,1,False,True,0.004526187278514813,-0.055651514042416514,0.06470388859944615,2.781803152838476,2.7503831569204267,2.8132231487565256,7.922950296389415,7.73992679175973,8.1059738010191,0.1635966626833568,0.12223213782222314,0.20496118754449044,136.77814538130343,26.71240932636364,246.84388143624324,0.9971724378121227,0.9444568911082204,True,True,,,,1.391826876559828,0,False,False,,,,,,,,,,,,,,,,,,False,False,False,,False,,True,False,False,,Sheet2,Sheet3,Sheet4,Sheet5,Sheet6
patient_10b_exp_1,2023_07_10_CGNs_isolated0807_CSF_2_480nm-fitc_svi_ROI_min0.1.xlsx,10b_1..25/2023_07_10_CGNs_isolated0807_CSF_2_480nm-fitc_svi_ROI_min0.1.xlsx,10b,SMA,1_25,ROI_009,J,0.0339943342776204,False,2.324051600828924,8.53536834247501,344.0,44.72658433876299,1,False,True,0.0004273579452402751,-0.013516480752340852,0.014371196642821401,2.062236619850207,2.0484717073242424,2.076001532376172,7.4313944774989835,7.3316431045562505,7.531145850441717,0.2546540034910286,0.2456951320684651,0.26361287491359214,100.00587177135839,84.88453492790543,115.12720861481134,0.999208603258947,0.8900880339686528,True,True,,,,1.9510057271801937,0,False,False,,,,,,,,,,,,,,,,,,False,False,False,,False,,True,False,False,,Sheet2,Sheet3,Sheet4,Sheet5,Sheet6
patient_10b_exp_1,2023_07_10_CGNs_isolated0807_CSF_2_480nm-fitc_svi_ROI_min0.1.xlsx,10b_1..25/2023_07_10_CGNs_isolated0807_CSF_2_480nm-fitc_svi_ROI_min0.1.xlsx,10b,SMA,1_25,ROI_010,K,0.0084985835694051,False,1.1145681685797704,9.523780212535428,344.0,26.207852135576044,1,False,True,0.002260155527301349,-0.01137535065623305,0.01589566171083575,0.9185235774292986,0.9048400951103537,0.9322070597482435,8.39218378831663,8.149362646059876,8.635004930573386,0.16576540759165076,0.157097795457751,0.17443301972555053,100.01878785255168,76.66197081665575,123.37560488844761,0.9971151263188403,0.8471206386105194,True,True,,,,4.485955428929438,0,False,False,,,,,,,,,,,,,,,,,,False,False,False,,False,,True,False,False,,Sheet2,Sheet3,Sheet4,Sheet5,Sheet6
patient_10b_exp_1,2023_07_10_CGNs_isolated0807_CSF_2_480nm-fitc_svi_ROI_min0.1.xlsx,10b_1..25/2023_07_10_CGNs_isolated0807_CSF_2_480nm-fitc_svi_ROI_min0.1.xlsx,10b,SMA,1_25,ROI_011,L,0.6416430594900849,True,0.2645698873489841,5.713659184664209,343.0,2.338557281777496,1,False,True,1.3718422391738712e-05,-0.014824842573877844,0.014852279418661322,0.2700406747647468,0.25488363760874017,0.28519771192075344,5.695993949539798,5.043654091654213,6.348333807425384,3.1863442186805126e-07,-0.01002181945569735,0.010022456724541086,100.00287964412203,-12225352.804693645,12225552.810452932,0.9169086908350166,0.9999988200516602,True,True,,,,-0.08974721408248869,0,False,False,,,,,,,,,,,,,,,,,,False,False,False,,False,,True,False,True,majority_negative_normalized_trace,Sheet2,Sheet3,Sheet4,Sheet5,Sheet6
patient_10b_exp_1,2023_07_10_CGNs_isolated0807_CSF_2_480nm-fitc_svi_ROI_min0.1.xlsx,10b_1..25/2023_07_10_CGNs_isolated0807_CSF_2_480nm-fitc_svi_ROI_min0.1.xlsx,10b,SMA,1_25,ROI_012,M,0.04815864022662889,False,2.4556644089298545,9.459093139457138,344.0,40.249257435333064,1,False,True,0.009193623520006446,-0.01561738328114443,0.03400463032115732,2.411395008425144,2.3862633990449478,2.43652661780534,8.689393327726096,8.515885589251791,8.8629010662004,0.10471717026280021,0.08894510252498641,0.12048923800061401,100.01429600938609,32.15861188238392,167.86998013638825,0.9983092047602491,0.9583813586891001,True,True,0.27080311328926177,1.4010729103889616,200.0,1.816722666530606,1,False,True,0.01679480220065931,-48.88923537111724,48.92282497551855,0.23850375900842474,0.22025269546839965,0.25675482254844983,1.0017937443522338,0.8238766409646683,1.1797108477397993,0.01050866917128191,-48.88420104778317,48.90521838612573,744.8300434570012,-3551414.850580616,3552904.51066753,0.9708861252899942,0.9577986157233163,True,True,False,,False,,True,True,False,,Sheet2,Sheet3,Sheet4,Sheet5,Sheet6
patient_10b_exp_1,2023_07_10_CGNs_isolated0807_CSF_2_480nm-fitc_svi_ROI_min0.1.xlsx,10b_1..25/2023_07_10_CGNs_isolated0807_CSF_2_480nm-fitc_svi_ROI_min0.1.xlsx,10b,SMA,1_25,ROI_013,N,0.00424929178470255,False,2.3137094433745973,10.704727433506264,344.0,46.97686792058562,1,False,True,3.2590098562328856e-08,-0.006921887587091528,0.006921952767288653,2.0273019640894496,2.0112210202989016,2.0433829078799977,10.716567924283869,10.538955255795143,10.894180592772594,0.23337710651890803,0.21602873153181804,0.25072548150599805,100.00000000255405,,,0.9983091066462751,0.8967668124356523,True,True,,,,1.2486429915860202,0,False,False,,,,,,,,,,,,,,,,,,False,False,False,,False,,True,False,False,,Sheet2,Sheet3,Sheet4,Sheet5,Sheet6
patient_10b_exp_1,2023_07_10_CGNs_isolated0807_CSF_2_480nm-fitc_svi_ROI_min0.1.xlsx,10b_1..25/2023_07_10_CGNs_isolated0807_CSF_2_480nm-fitc_svi_ROI_min0.1.xlsx,10b,SMA,1_25,ROI_014,O,0.043909348441926344,False,4.398000989876726,9.1257470620493,343.0,66.62985737276676,1,False,True,0.00020304313169193966,-0.061329718490756496,0.06173580475414038,4.499196139464711,4.433629377710185,4.564762901219238,9.831848939459627,9.574058640003372,10.089639238915883,0.16180127288580767,0.12202497571087961,0.20157757006073573,100.00089461846733,-12.554700836388278,212.55649007332295,0.997513460317957,0.9652861268583687,True,True,,,,1.5209058570142773,0,False,False,,,,,,,,,,,,,,,,,,False,False,False,,False,,True,False,False,,Sheet2,Sheet3,Sheet4,Sheet5,Sheet6
patient_10b_exp_1,2023_07_10_CGNs_isolated0807_CSF_2_480nm-fitc_svi_ROI_min0.1.xlsx,10b_1..25/2023_07_10_CGNs_isolated0807_CSF_2_480nm-fitc_svi_ROI_min0.1.xlsx,10b,SMA,1_25,ROI_015,P,0.0,False,3.2698330426179854,10.605743628429025,343.0,51.50489438510799,1,False,True,0.030974244455653922,-0.03574679141326916,0.097695280324577,3.4409781565971684,3.3814959142416097,3.500460398952727,10.941912099930741,10.61463129553099,11.269192904330493,0.0009505268453979842,-0.036230850497320936,0.0381319041881169,110.92584616936088,-21453.897095509885,21675.748787848606,0.9968998903523154,0.9997238388901053,True,True,,,,3.532394950229354,0,False,False,,,,,,,,,,,,,,,,,,False,False,False,,False,,True,False,False,,Sheet2,Sheet3,Sheet4,Sheet5,Sheet6
patient_10b_exp_1,2023_07_10_CGNs_isolated0807_CSF_2_480nm-fitc_svi_ROI_min0.1.xlsx,10b_1..25/2023_07_10_CGNs_isolated0807_CSF_2_480nm-fitc_svi_ROI_min0.1.xlsx,10b,SMA,1_25,ROI_016,Q,0.09490084985835694,False,1.7563640348219105,7.718906572216383,343.0,23.90690445918772,1,False,True,3.158859259513424e-05,-0.022468433741086553,0.022531610926276823,1.7466932632197585,1.724334780334613,1.769051746104904,7.954798355474749,7.753505716388237,8.156090994561259,0.08765187645810721,0.07330465426557278,0.10199909865064163,100.00037599838552,28.02911115690796,171.97164083986308,0.9970278005048838,0.9522162571469511,True,True,,,,0.2728705710582986,0,False,False,,,,,,,,,,,,,,,,,,False,False,False,,False,,True,False,False,,Sheet2,Sheet3,Sheet4,Sheet5,Sheet6
patient_10b_exp_1,2023_07_10_CGNs_isolated0807_CSF_2_480nm-fitc_svi_ROI_min0.1.xlsx,10b_1..25/2023_07_10_CGNs_isolated0807_CSF_2_480nm-fitc_svi_ROI_min0.1.xlsx,10b,SMA,1_25,ROI_017,R,0.028328611898016998,False,1.873669519134933,7.7917463725589755,343.0,32.214984067181945,1,False,True,2.615471686378103e-05,-0.03679268477905237,0.03684499421277994,1.7534413519578378,1.7170990582971684,1.7897836456185072,7.391525450408851,7.0830999061437065,7.699950994673996,0.19041954494400865,0.1667448967981073,0.21409419308990998,100.00034161313745,46.665413274515316,153.33526995175959,0.992241244059758,0.9020405496877364,True,True,,,,1.2760542925137024,0,False,False,,,,,,,,,,,,,,,,,,False,False,False,,False,,True,False,False,,Sheet2,Sheet3,Sheet4,Sheet5,Sheet6
patient_10b_exp_1,2023_07_10_CGNs_isolated0807_CSF_2_480nm-fitc_svi_ROI_min0.1.xlsx,10b_1..25/2023_07_10_CGNs_isolated0807_CSF_2_480nm-fitc_svi_ROI_min0.1.xlsx,10b,SMA,1_25,ROI_018,S,0.029745042492917848,False,3.0262285756725253,7.823880703027385,343.0,48.60607487519711,1,False,True,0.07966434724267979,0.033939856012689305,0.12538883847267027,3.1914808877248233,3.146653369962351,3.2363084054872955,7.531313225926926,7.319102947617242,7.74352350423661,0.00276419930798774,-0.026477830895856418,0.0320062295118319,100.3819437461787,-4483.2808755759015,4684.044763068259,0.9956877715488909,0.9991346314284996,True,True,,,,1.5246326108467696,0,False,False,,,,,,,,,,,,,,,,,,False,False,False,,False,,True,False,False,,Sheet2,Sheet3,Sheet4,Sheet5,Sheet6
patient_10b_exp_1,2023_07_10_CGNs_isolated0807_CSF_2_480nm-fitc_svi_ROI_min0.1.xlsx,10b_1..25/2023_07_10_CGNs_isolated0807_CSF_2_480nm-fitc_svi_ROI_min0.1.xlsx,10b,SMA,1_25,ROI_019,T,0.046742209631728045,False,5.015181626794251,10.335880067629375,343.0,100.14367037510037,1,False,True,5.660598138680692e-10,,,4.57149443546211,4.452376807312713,4.690612063611508,16.130807687469876,15.253725660616066,17.007889714323685,0.19813894702357662,0.11717904240506448,0.27909885164208875,100.00000000006716,,,0.9772477134775744,0.958458243824116,True,True,,,,1.7146821649114417,0,False,False,,,,,,,,,,,,,,,,,,False,False,False,,False,,True,False,False,,Sheet2,Sheet3,Sheet4,Sheet5,Sheet6
patient_10b_exp_1,2023_07_10_CGNs_isolated0807_CSF_2_480nm-fitc_svi_ROI_min0.1.xlsx,10b_1..25/2023_07_10_CGNs_isolated0807_CSF_2_480nm-fitc_svi_ROI_min0.1.xlsx,10b,SMA,1_25,ROI_020,U,0.0028328611898017,False,3.4004480378761355,10.649233904347284,344.0,76.46102534071643,1,False,True,5.714177091567518e-11,,,3.0239725591120505,2.988424967666842,3.059520150557259,10.27749262243675,10.045780248308867,10.509204996564632,0.4031293523562913,0.3872363573861974,0.41902234732638527,100.00000000002186,,,0.9957256479531058,0.8823701883485657,True,True,,,,3.1920640993746616,0,False,False,,,,,,,,,,,,,,,,,,False,False,False,,False,,True,False,False,,Sheet2,Sheet3,Sheet4,Sheet5,Sheet6
patient_10b_exp_1,2023_07_10_CGNs_isolated0807_CSF_2_480nm-fitc_svi_ROI_min0.1.xlsx,10b_1..25/2023_07_10_CGNs_isolated0807_CSF_2_480nm-fitc_svi_ROI_min0.1.xlsx,10b,SMA,1_25,ROI_021,V,0.0084985835694051,False,2.635148523892877,12.446594453775731,344.0,66.85898815226071,1,False,True,2.6252505049440683e-07,-1.2016716842133863,1.2016722092634875,2.5854010659773015,2.5545489135430612,2.6162532184115417,12.251370921708865,11.958070554048597,12.544671289369134,0.15244616170543385,-1.021926692518166,1.3268190159290336,580.8739504705225,-5107.909956533847,6269.657857474893,0.997467535869152,0.9443189670467985,True,True,,,,1.5481418089086723,0,False,False,,,,,,,,,,,,,,,,,,False,False,False,,False,,True,False,False,,Sheet2,Sheet3,Sheet4,Sheet5,Sheet6
patient_10b_exp_1,2023_07_10_CGNs_isolated0807_CSF_2_480nm-fitc_svi_ROI_min0.1.xlsx,10b_1..25/2023_07_10_CGNs_isolated0807_CSF_2_480nm-fitc_svi_ROI_min0.1.xlsx,10b,SMA,1_25,ROI_022,W,0.0084985835694051,False,4.808858740882581,6.735141205890784,343.0,83.21621327143679,1,False,True,0.15207895428795074,-908.2360727186812,908.5402306272571,4.9350999806948606,4.8391055277161215,5.0310944336736,6.031942458392587,5.797540728296416,6.266344188488758,0.027337429782807645,-908.3178077287349,908.3724825883006,10252.176637558505,-344461632.80949754,344482137.1627726,0.9861974985226515,0.994491128548022,True,True,0.5227460052163875,10.219704657962353,229.0,11.44953365910592,1,False,True,0.23204371250890118,-51907.52731939969,51907.99140682471,0.2628820122926288,-0.06106963582003966,0.5868336604052973,2.784942531713589,-2.5043390825102585,8.074224145937437,0.05073908425705767,-51907.39536216717,51907.496840335676,6056.8990998206355,-6219086243.429661,6219098357.2278595,0.36280859437665536,0.8382153343149886,True,True,False,,False,,True,True,False,,Sheet2,Sheet3,Sheet4,Sheet5,Sheet6
patient_10b_exp_1,2023_07_10_CGNs_isolated0807_CSF_2_480nm-fitc_svi_ROI_min0.1.xlsx,10b_1..25/2023_07_10_CGNs_isolated0807_CSF_2_480nm-fitc_svi_ROI_min0.1.xlsx,10b,SMA,1_25,ROI_023,X,0.015580736543909348,False,4.43059414523076,7.955352129993514,343.0,74.04324429285045,1,False,True,6.312260154805701e-09,,,4.67688806688876,4.595639476737976,4.758136657039545,6.36416897144692,6.150126102165383,6.578211840728456,0.27469990734137856,0.23768960823590168,0.31171020644685543,179.72542043227304,128.76587904735814,230.68496181718794,0.9893071941623808,0.9445228664478916,True,True,0.16713354891219614,4.978287602226743,202.0,3.8984673036476023,2,True,True,0.013994223978439593,-14.577611743060395,14.605600191017274,0.15133546742657042,0.06327493172723304,0.2393960031259078,4.263417291085271,1.6362419244755348,6.890592657695008,0.007873840918925458,-14.495348635503555,14.511096317341407,234.52266243111765,-483972.54472776526,484441.5900526275,0.9480313728458007,0.9505440919205638,True,True,False,,False,,True,True,False,,Sheet2,Sheet3,Sheet4,Sheet5,Sheet6
patient_10b_exp_1,2023_07_10_CGNs_isolated0807_CSF_2_480nm-fitc_svi_ROI_min0.1.xlsx,10b_1..25/2023_07_10_CGNs_isolated0807_CSF_2_480nm-fitc_svi_ROI_min0.1.xlsx,10b,SMA,1_25,ROI_024,Y,0.07223796033994334,False,4.4433385335455595,8.522440714027084,343.0,65.47313355031896,1,False,True,1.3689797948131196e-07,-0.18176294332844262,0.18176321712440158,4.53277072988988,4.480759335842991,4.58478212393677,8.211895092770071,8.016984819883682,8.40680536565646,0.15200162276116105,0.004549479361949799,0.29945376616037234,183.4179623679418,-217.6442355024074,584.4801602382911,0.9967326774238899,0.9675541069407255,True,True,,,,-0.24761636651536392,0,False,False,,,,,,,,,,,,,,,,,,False,False,False,,False,,True,False,False,,Sheet2,Sheet3,Sheet4,Sheet5,Sheet6
patient_10b_exp_1,2023_07_10_CGNs_isolated0807_CSF_2_480nm-fitc_svi_ROI_min0.1.xlsx,10b_1..25/2023_07_10_CGNs_isolated0807_CSF_2_480nm-fitc_svi_ROI_min0.1.xlsx,10b,SMA,1_25,ROI_025,Z,0.05099150141643059,False,3.099687326105027,10.136168302484123,343.0,52.600091331495406,1,False,True,0.04186787571484631,-0.004890322553699193,0.08862607398339181,3.1186579213395875,3.075693955319202,3.161621887359973,11.41287656438208,11.149109514087295,11.676643614676864,0.004626878633233122,-0.02135102023259678,0.030604777499063027,110.81516603408006,-3030.8342435074505,3252.4645755756105,0.9982749911379932,0.9985185857423974,True,True,,,,1.7916896549867065,0,False,False,,,,,,,,,,,,,,,,,,False,False,False,,False,,True,False,False,,Sheet2,Sheet3,Sheet4,Sheet5,Sheet6
patient_10b_exp_1,2023_07_10_CGNs_isolated0807_CSF_2_480nm-fitc_svi_ROI_min0.1.xlsx,10b_1..25/2023_07_10_CGNs_isolated0807_CSF_2_480nm-fitc_svi_ROI_min0.1.xlsx,10b,SMA,1_25,ROI_026,AA,0.03541076487252125,False,2.9941817089533966,8.82426099942353,343.0,45.695458909735656,1,False,True,0.021762465219872705,-0.015668947494956127,0.05919387793470154,3.0683771855231963,3.030269416610192,3.1064849544362008,8.840381822604554,8.63157133144501,9.049192313764099,0.0893949938421899,0.06558945337324375,0.11320053431113604,100.02744458202693,-20.414810238693732,220.4696994027476,0.9976272913701553,0.9716904865948387,True,True,,,,0.8105807182575127,0,False,False,,,,,,,,,,,,,,,,,,False,False,False,,False,,True,False,False,,Sheet2,Sheet3,Sheet4,Sheet5,Sheet6
patient_10b_exp_1,2023_07_10_CGNs_isolated0807_CSF_2_480nm-fitc_svi_ROI_min0.1.xlsx,10b_1..25/2023_07_10_CGNs_isolated0807_CSF_2_480nm-fitc_svi_ROI_min0.1.xlsx,10b,SMA,1_25,ROI_027,AB,0.042492917847025496,False,4.627862506737513,13.686949808952306,344.0,101.68832261931169,1,False,True,1.0091016940496148e-06,-0.07307147930594861,0.07307349750933671,4.345614726792155,4.2939982664837615,4.397231187100548,14.688467089936482,14.437276284671512,14.939657895201453,0.22770573961169724,0.1925477357134235,0.262863743509971,134.60306511488042,25.07432865928402,244.13180157047682,0.9993890877444501,0.9502099751625869,True,True,,,,1.6626507002197222,0,False,False,,,,,,,,,,,,,,,,,,False,False,False,,False,,True,False,False,,Sheet2,Sheet3,Sheet4,Sheet5,Sheet6
patient_10b_exp_1,2023_07_10_CGNs_isolated0807_CSF_2_480nm-fitc_svi_ROI_min0.1.xlsx,10b_1..25/2023_07_10_CGNs_isolated0807_CSF_2_480nm-fitc_svi_ROI_min0.1.xlsx,10b,SMA,1_25,ROI_028,AC,0.0764872521246459,False,4.637383341220841,11.720327558124438,343.0,83.10361024389715,1,False,True,0.06066732437168192,-0.5519030522616332,0.6732377010049969,4.810403323249563,4.7599891924346,4.860817454064526,11.878296366521521,11.633123612059672,12.123469120983371,0.013720906171072845,-0.5546573454161263,0.5820991577582719,331.6699093956378,-21154.987916117574,21818.32773490885,0.9981243751069985,0.9971557726296943,True,True,,,,1.7047629046723956,0,False,False,,,,,,,,,,,,,,,,,,False,False,False,,False,,True,False,False,,Sheet2,Sheet3,Sheet4,Sheet5,Sheet6
patient_10b_exp_1,2023_07_10_CGNs_isolated0807_CSF_2_480nm-fitc_svi_ROI_min0.1.xlsx,10b_1..25/2023_07_10_CGNs_isolated0807_CSF_2_480nm-fitc_svi_ROI_min0.1.xlsx,10b,SMA,1_25,ROI_029,AD,0.00424929178470255,False,2.5551418347385324,12.279111074232787,344.0,56.7728701739221,1,False,True,0.0062135066241936114,-0.017482700960086014,0.029909714208473236,2.3259671456467936,2.295804692000349,2.3561295992932383,12.498793945334516,12.256362496846933,12.741225393822099,0.21648515376219668,0.1987923635676585,0.23417794395673486,100.00663007378951,65.03835001901604,134.97491012856298,0.9991806464479763,0.9148518326921924,True,True,,,,3.164321036007949,0,False,False,,,,,,,,,,,,,,,,,,False,False,False,,False,,True,False,False,,Sheet2,Sheet3,Sheet4,Sheet5,Sheet6
patient_10b_exp_1,2023_07_10_CGNs_isolated0807_CSF_2_480nm-fitc_svi_ROI_min0.1.xlsx,10b_1..25/2023_07_10_CGNs_isolated0807_CSF_2_480nm-fitc_svi_ROI_min0.1.xlsx,10b,SMA,1_25,ROI_030,AE,0.09206798866855524,False,2.1943776219943385,9.40833853765588,344.0,40.35404895715136,1,False,True,0.0011014362485151138,-0.06888344326325713,0.07108631576028734,2.1523999854927065,2.1322240119134515,2.1725759590719615,8.440345842276315,8.277177439969574,8.603514244583057,0.1301023999915834,0.07374549021180532,0.1864593097713615,182.34666284290122,1.8029155925889313,362.8904100932135,0.9979624586873963,0.9430001033869768,True,True,,,,0.20395718410897457,0,False,False,,,,,,,,,,,,,,,,,,False,False,False,,False,,True,False,False,,Sheet2,Sheet3,Sheet4,Sheet5,Sheet6
patient_10b_exp_1,2023_07_10_CGNs_isolated0807_CSF_2_480nm-fitc_svi_ROI_min0.1.xlsx,10b_1..25/2023_07_10_CGNs_isolated0807_CSF_2_480nm-fitc_svi_ROI_min0.1.xlsx,10b,SMA,1_25,ROI_031,AF,0.0084985835694051,False,4.288764321315526,10.642905716205064,343.0,80.60136994632688,1,False,True,0.017253361110190154,-0.12504242565792836,0.15954914787830868,4.249832657428828,4.051102571600162,4.448562743257495,13.684705031505992,12.80798200930333,14.561428053708653,0.08516097386229421,-0.03255533335743961,0.20287728108202802,100.0002630267801,-452.1766361807837,652.1771622343439,0.99160194218456,0.980354994469293,True,True,,,,1.261934713737236,0,False,False,,,,,,,,,,,,,,,,,,False,False,False,,False,,True,False,False,,Sheet2,Sheet3,Sheet4,Sheet5,Sheet6
patient_10b_exp_1,2023_07_10_CGNs_isolated0807_CSF_2_480nm-fitc_svi_ROI_min0.1.xlsx,10b_1..25/2023_07_10_CGNs_isolated0807_CSF_2_480nm-fitc_svi_ROI_min0.1.xlsx,10b,SMA,1_25,ROI_032,AG,0.09206798866855524,False,3.521547237892384,9.201550849247894,343.0,56.79067662373359,1,False,True,2.908643362108034e-06,-0.05112708993889021,0.05113290722561443,3.5760428633450667,3.524065296599786,3.6280204300903476,8.783653515924824,8.540174095578033,9.027132936271615,0.20872911012046072,0.17620860309505898,0.24124961714586246,100.00002055677909,29.65591811212734,170.34412300143083,0.9968863482239105,0.9448502811836936,True,True,,,,0.5778663916867576,0,False,False,,,,,,,,,,,,,,,,,,False,False,False,,False,,True,False,False,,Sheet2,Sheet3,Sheet4,Sheet5,Sheet6
patient_10b_exp_1,2023_07_10_CGNs_isolated0807_CSF_2_480nm-fitc_svi_ROI_min0.1.xlsx,10b_1..25/2023_07_10_CGNs_isolated0807_CSF_2_480nm-fitc_svi_ROI_min0.1.xlsx,10b,SMA,1_25,ROI_033,AH,0.1359773371104816,False,4.543086072004339,10.061193693909047,343.0,70.03542643408764,1,False,True,0.03411088075272079,-0.09294447611691839,0.16116623762235996,4.799553002187292,4.721364646643297,4.877741357731287,11.08671586618832,10.762961904543896,11.410469827832742,0.004367309861967369,-0.06789838088727301,0.07663300061120776,130.64757795481188,-9050.611339296378,9311.906495206003,0.996853932903655,0.9990908862807293,True,True,0.3312436276566113,15.436801048301817,226.0,7.233540952807816,1,False,True,0.039962303132599235,-161.67613342936056,161.75605803562576,0.3182739487898852,-0.13123849632275036,0.7677863939025207,6.6419415294166715,-0.40455692396059284,13.688439982793936,0.007525114672096011,-161.25843671131588,161.27348694066006,425.52532851299793,-9821507.823123721,9822358.873780748,0.9633965262288714,0.9769025896141837,True,True,False,,False,,True,True,False,,Sheet2,Sheet3,Sheet4,Sheet5,Sheet6
patient_10b_exp_1,2023_07_10_CGNs_isolated0807_CSF_2_480nm-fitc_svi_ROI_min0.1.xlsx,10b_1..25/2023_07_10_CGNs_isolated0807_CSF_2_480nm-fitc_svi_ROI_min0.1.xlsx,10b,SMA,1_25,ROI_034,AI,0.0084985835694051,False,2.974379550960115,12.198632220667264,343.0,100.09338401949752,1,False,True,0.2715736479635508,-66.06737460892255,66.61052190484965,2.9406639511259107,2.7457054835824968,3.1356224186693247,10.848395907403493,9.333963353149427,12.362828461657559,0.0009681390988404759,-66.18304141863489,66.18497769683258,1697.9793654660652,-125187800.7304216,125191196.68915254,0.9009951661406659,0.9996708836900245,True,True,,,,1.0711633672898402,0,False,False,,,,,,,,,,,,,,,,,,False,False,False,,False,,True,False,False,,Sheet2,Sheet3,Sheet4,Sheet5,Sheet6
patient_10b_exp_1,2023_07_10_CGNs_isolated0807_CSF_2_480nm-fitc_svi_ROI_min0.1.xlsx,10b_1..25/2023_07_10_CGNs_isolated0807_CSF_2_480nm-fitc_svi_ROI_min0.1.xlsx,10b,SMA,1_25,ROI_035,AJ,0.12464589235127478,False,4.215609638098426,12.059472730725645,343.0,67.61277268125826,1,False,True,0.015207078025228672,-0.2374295557605007,0.26784371181095806,4.746838903256484,4.588224711900063,4.905453094612906,11.398606583919374,10.728364705193048,12.0688484626457,0.0002509381543628769,-0.1408044749563847,0.14130635126511049,130.34588278696046,-319527.1109930397,319787.8027586136,0.9878997749580769,0.9999471385284994,True,True,,,,1.4340269647549724,0,False,False,,,,,,,,,,,,,,,,,,False,False,False,,False,,True,False,False,,Sheet2,Sheet3,Sheet4,Sheet5,Sheet6
patient_10b_exp_1,2023_07_10_CGNs_isolated0807_CSF_2_480nm-fitc_svi_ROI_min0.1.xlsx,10b_1..25/2023_07_10_CGNs_isolated0807_CSF_2_480nm-fitc_svi_ROI_min0.1.xlsx,10b,SMA,1_25,ROI_036,AK,0.0084985835694051,False,4.374559348815122,11.448702577969982,343.0,67.85928129915948,1,False,True,0.030730493499655686,-0.16723057797396773,0.22869156497327908,4.8743957416173505,4.756861522763323,4.991929960471378,10.396095854066765,9.929379002920438,10.862812705213091,0.00014716671971091134,-0.11692980249737608,0.1172241359367979,131.05544869268581,-418568.6296294057,418830.7405267911,0.9918289935663082,0.9999698091241623,True,True,,,,2.394130447659843,0,False,False,,,,,,,,,,,,,,,,,,False,False,False,,False,,True,False,False,,Sheet2,Sheet3,Sheet4,Sheet5,Sheet6
patient_10b_exp_1,2023_07_10_CGNs_isolated0807_CSF_2_480nm-fitc_svi_ROI_min0.1.xlsx,10b_1..25/2023_07_10_CGNs_isolated0807_CSF_2_480nm-fitc_svi_ROI_min0.1.xlsx,10b,SMA,1_25,ROI_037,AL,0.10623229461756374,False,0.9799190031241484,13.064185339691278,344.0,25.095858195101272,1,False,True,5.811917647424454e-07,-0.005414475570025491,0.005415637953554976,0.8548398972224428,0.8431268719972758,0.8665529224476098,13.398702812345979,13.011651201817314,13.785754422874644,0.1238330936994276,0.10903870581966196,0.13862748157919325,100.00000000420876,,,0.9959788492462156,0.8734683649716523,True,True,,,,0.7516941843332947,0,False,False,,,,,,,,,,,,,,,,,,False,False,False,,False,,True,False,False,,Sheet2,Sheet3,Sheet4,Sheet5,Sheet6
patient_10b_exp_1,2023_07_10_CGNs_isolated0807_CSF_2_480nm-fitc_svi_ROI_min0.1.xlsx,10b_1..25/2023_07_10_CGNs_isolated0807_CSF_2_480nm-fitc_svi_ROI_min0.1.xlsx,10b,SMA,1_25,ROI_038,AM,0.0084985835694051,False,2.025061322457818,9.34712928270585,343.0,40.80749457738922,1,False,True,0.009615020343354964,-0.012154927301074547,0.03138496798778448,1.9370120623498424,1.914646621149715,1.9593775035499696,9.117792425679783,8.920386436387357,9.315198414972208,0.19002787437168972,0.17616848079463632,0.20388726794874312,100.11166817156314,66.89194362004224,133.33139272308404,0.998310350749272,0.9106608808367814,True,True,,,,3.30213490543798,0,False,False,,,,,,,,,,,,,,,,,,False,False,False,,False,,True,False,False,,Sheet2,Sheet3,Sheet4,Sheet5,Sheet6
patient_10b_exp_1,2023_07_10_CGNs_isolated0807_CSF_2_480nm-fitc_svi_ROI_min0.1.xlsx,10b_1..25/2023_07_10_CGNs_isolated0807_CSF_2_480nm-fitc_svi_ROI_min0.1.xlsx,10b,SMA,1_25,ROI_039,AN,0.33994334277620397,False,1.045695259193125,10.67649858089004,344.0,21.306966336623688,1,False,True,0.0023311541022242705,-0.012251435884473133,0.016913744088921673,0.9825018491939472,0.9664884442221614,0.9985152541657331,10.379490540806083,10.085476415107658,10.673504666504508,0.08523074697450862,0.0756436997732372,0.09481779417578004,100.04139189105364,48.599319725576464,151.4834640565308,0.9975639173187386,0.9201759436020236,True,True,,,,-1.0693676808253305,0,False,False,,,,,,,,,,,,,,,,,,False,False,False,,False,,True,False,False,,Sheet2,Sheet3,Sheet4,Sheet5,Sheet6
patient_10b_exp_1,2023_07_10_CGNs_isolated0807_CSF_2_480nm-fitc_svi_ROI_min0.1.xlsx,10b_1..25/2023_07_10_CGNs_isolated0807_CSF_2_480nm-fitc_svi_ROI_min0.1.xlsx,10b,SMA,1_25,ROI_040,AO,0.018413597733711047,False,1.4293643505543583,11.88193525506739,344.0,30.480134853713864,1,False,True,0.004205841420324015,-0.013340551551314169,0.0217522343919622,1.364967931312127,1.3434061241324253,1.3865297384918287,12.034033643589192,11.739808135633984,12.3282591515444,0.09927424972276343,0.08662732876686471,0.11192117067866214,100.02191833018594,44.302708485774474,155.7411281745974,0.9985513318439156,0.9322009357409723,True,True,0.2257628272061393,13.911713999241158,218.0,4.45742649473771,1,False,True,0.04378063512187924,-12.018238909045886,12.105800179289643,0.16779167365427666,-0.37693543844054783,0.7125187857491011,9.31696991023545,-7.803431750432566,26.437371570903466,0.008695538630371038,-11.51118839073671,11.528579467997453,139.4156665014278,-250776.17350589574,251055.00483889857,0.9793257652814396,0.9507299224810327,True,True,False,,False,,True,True,False,,Sheet2,Sheet3,Sheet4,Sheet5,Sheet6
patient_10b_exp_1,2023_07_10_CGNs_isolated0807_CSF_2_480nm-fitc_svi_ROI_min0.1.xlsx,10b_1..25/2023_07_10_CGNs_isolated0807_CSF_2_480nm-fitc_svi_ROI_min0.1.xlsx,10b,SMA,1_25,ROI_041,AP,0.0028328611898017,False,1.5890264089306883,11.979740537959458,344.0,42.99595334299105,1,False,True,9.602551924611341e-11,,,1.3379984865857613,1.3108841432586698,1.3651128299128528,11.166414850653203,10.69789619213787,11.634933509168535,0.23250952452832244,0.20937441362096396,0.2556446354356809,125.27841685340677,108.117881036233,142.43895267058053,0.9918035935897778,0.8519526657088585,True,True,,,,0.7262262779296178,0,False,False,,,,,,,,,,,,,,,,,,False,False,False,,False,,True,False,False,,Sheet2,Sheet3,Sheet4,Sheet5,Sheet6
patient_10b_exp_1,2023_07_10_CGNs_isolated0807_CSF_2_480nm-fitc_svi_ROI_min0.1.xlsx,10b_1..25/2023_07_10_CGNs_isolated0807_CSF_2_480nm-fitc_svi_ROI_min0.1.xlsx,10b,SMA,1_25,ROI_042,AQ,0.009915014164305949,False,2.206591101413194,10.204842305282455,344.0,45.27304461727073,1,False,True,0.043972103441202816,0.013560282100597218,0.07438392478180841,2.1267516007802767,2.102108866498565,2.151394335061988,9.22273094587804,9.018605021998006,9.426856869758073,0.08898256550187611,0.071297238941188,0.10666789206256422,111.74974226276876,11.127149340288355,212.37233518524917,0.9979575446770115,0.9598405951147188,True,True,,,,2.7159362129170432,0,False,False,,,,,,,,,,,,,,,,,,False,False,False,,False,,True,False,False,,Sheet2,Sheet3,Sheet4,Sheet5,Sheet6
patient_10b_exp_1,2023_07_10_CGNs_isolated0807_CSF_2_480nm-fitc_svi_ROI_min0.1.xlsx,10b_1..25/2023_07_10_CGNs_isolated0807_CSF_2_480nm-fitc_svi_ROI_min0.1.xlsx,10b,SMA,1_25,ROI_043,AR,0.09915014164305949,False,2.2741572632257467,8.971200436162007,343.0,41.030663704448045,1,False,True,0.01953624596203519,-0.02067784704583714,0.059750338969907515,2.322459532052264,2.282695102530797,2.3622239615737306,7.742167605672587,7.47811755067401,8.006217660671163,0.13065073542640177,0.10495833495028424,0.1563431359025193,100.07407166272313,14.296944516249695,185.85119880919655,0.9944746620116891,0.9467407816279347,True,True,,,,1.7540099996863776,0,False,False,,,,,,,,,,,,,,,,,,False,False,False,,False,,True,False,False,,Sheet2,Sheet3,Sheet4,Sheet5,Sheet6
patient_10b_exp_1,2023_07_10_CGNs_isolated0807_CSF_2_480nm-fitc_svi_ROI_min0.1.xlsx,10b_1..25/2023_07_10_CGNs_isolated0807_CSF_2_480nm-fitc_svi_ROI_min0.1.xlsx,10b,SMA,1_25,ROI_044,AS,0.0056657223796034,False,2.709396487829024,9.165057935780851,343.0,52.2590539152801,1,False,True,0.0013741913059966673,-0.22325354602930475,0.2260019286412981,2.7307711720775676,2.7064826684420638,2.7550596757130714,8.9980003150447,8.831191951895484,9.164808678193918,0.13636519280035003,-0.07094527398462508,0.34367565958532514,293.08086934632706,-423.63548666916006,1009.7972253618142,0.9980140349789429,0.9524385395578643,True,True,,,,3.6970985336842346,0,False,False,,,,,,,,,,,,,,,,,,False,False,False,,False,,True,False,False,,Sheet2,Sheet3,Sheet4,Sheet5,Sheet6
patient_10b_exp_1,2023_07_10_CGNs_isolated0807_CSF_2_480nm-fitc_svi_ROI_min0.1.xlsx,10b_1..25/2023_07_10_CGNs_isolated0807_CSF_2_480nm-fitc_svi_ROI_min0.1.xlsx,10b,SMA,1_25,ROI_045,AT,1.0,True,,,,-31.1186562866071,0,False,False,,,,,,,,,,,,,,,,,,False,False,,,,-8.423779387671454,0,False,False,,,,,,,,,,,,,,,,,,False,False,False,,False,,False,False,True,majority_negative_normalized_trace,Sheet2,Sheet3,Sheet4,Sheet5,Sheet6
patient_10b_exp_1,2023_07_10_CGNs_isolated0807_CSF_2_480nm-fitc_svi_ROI_min0.1.xlsx,10b_1..25/2023_07_10_CGNs_isolated0807_CSF_2_480nm-fitc_svi_ROI_min0.1.xlsx,10b,SMA,1_25,ROI_046,AU,0.7818696883852692,True,0.7467021642242981,7.354760391567709,343.0,3.3476378108904705,1,False,True,9.569123112401258e-07,-0.01942508382201841,0.01942699764664089,0.8000147203329916,0.7794465439879513,0.8205828966780319,7.296899412460607,6.892547832018199,7.701250992903015,2.1212235206925408e-08,-0.014726161695380812,0.014726204119851224,100.00007659735587,-248065214.98304543,248065414.9831986,0.9825946559840495,0.9999999734851946,True,True,,,,-2.337508235991286,0,False,False,,,,,,,,,,,,,,,,,,False,False,False,,False,,True,False,True,majority_negative_normalized_trace,Sheet2,Sheet3,Sheet4,Sheet5,Sheet6
patient_10b_exp_1,2023_07_10_CGNs_isolated0807_CSF_2_480nm-fitc_svi_ROI_min0.1.xlsx,10b_1..25/2023_07_10_CGNs_isolated0807_CSF_2_480nm-fitc_svi_ROI_min0.1.xlsx,10b,SMA,1_25,ROI_047,AV,0.5424929178470255,True,1.8888344592430946,7.517349907492303,343.0,22.634013149300415,1,False,True,1.140333629163771e-06,-0.03322295635354467,0.033225237020802996,1.9531151358247183,1.9203345522201385,1.985895719429298,7.091668217797466,6.850237300105132,7.3330991354898,0.09235467005270592,0.07085605070020895,0.1138532894052029,100.00014484429919,1.6285430367767901,198.37174665182158,0.9938988558764391,0.9548491648288646,True,True,,,,-0.8264404365146386,0,False,False,,,,,,,,,,,,,,,,,,False,False,False,,False,,True,False,True,majority_negative_normalized_trace,Sheet2,Sheet3,Sheet4,Sheet5,Sheet6
patient_10b_exp_1,2023_07_10_CGNs_isolated0807_CSF_2_480nm-fitc_svi_ROI_min0.1.xlsx,10b_1..25/2023_07_10_CGNs_isolated0807_CSF_2_480nm-fitc_svi_ROI_min0.1.xlsx,10b,SMA,1_25,ROI_048,AW,0.6501416430594901,True,0.8397125966088149,6.581808424526741,343.0,3.502261852674818,1,False,True,3.0818393856772875e-10,,,0.8652902132400924,0.8498238255674057,0.8807566009127791,6.780348793825638,6.592967650854195,6.967729936797081,9.732168207672042e-10,,,100.00000002230672,-703272129.7127618,703272329.7127618,0.9874302965043931,0.9999999988752711,True,True,,,,0.00203309673259032,0,False,False,,,,,,,,,,,,,,,,,,False,False,False,,False,,True,False,True,majority_negative_normalized_trace,Sheet2,Sheet3,Sheet4,Sheet5,Sheet6
patient_10b_exp_1,2023_07_10_CGNs_isolated0807_CSF_2_480nm-fitc_svi_ROI_min0.1.xlsx,10b_1..25/2023_07_10_CGNs_isolated0807_CSF_2_480nm-fitc_svi_ROI_min0.1.xlsx,10b,SMA,1_25,ROI_049,AX,0.14447592067988668,False,1.8737745152071847,9.303478686428718,343.0,23.84395304632039,1,False,True,0.007538771956066483,-0.02571011721714362,0.040787661129276585,1.9824060135464572,1.9587698543439114,2.006042172749003,9.235763089049133,9.023158341707394,9.448367836390872,0.0011523558412544356,-0.018387506134897116,0.020692217817405986,118.70634600748218,-8463.830081033953,8701.242773048918,0.9975689485577328,0.9994190461651954,True,True,,,,0.6174569862598667,0,False,False,,,,,,,,,,,,,,,,,,False,False,False,,False,,True,False,False,,Sheet2,Sheet3,Sheet4,Sheet5,Sheet6
patient_10b_exp_1,2023_07_10_CGNs_isolated0807_CSF_2_480nm-fitc_svi_ROI_min0.1.xlsx,10b_1..25/2023_07_10_CGNs_isolated0807_CSF_2_480nm-fitc_svi_ROI_min0.1.xlsx,10b,SMA,1_25,ROI_050,AY,0.25920679886685555,False,1.717529391717556,8.056394373295916,343.0,26.242631281079202,1,False,True,0.029957487018623837,0.0044149701975062065,0.05550000383974146,1.7563423860693128,1.7360738031960787,1.7766109689425469,7.918716517736087,7.735210539177719,8.102222496294456,0.022084253329292584,0.006404617735544238,0.03776388892304093,111.46589438098947,-217.8471925235516,440.77898128553056,0.9971689921730483,0.987582139830766,True,True,,,,-0.21353018976077134,0,False,False,,,,,,,,,,,,,,,,,,False,False,False,,False,,True,False,False,,Sheet2,Sheet3,Sheet4,Sheet5,Sheet6
patient_10b_exp_1,2023_07_10_CGNs_isolated0807_CSF_2_480nm-fitc_svi_ROI_min0.1.xlsx,10b_1..25/2023_07_10_CGNs_isolated0807_CSF_2_480nm-fitc_svi_ROI_min0.1.xlsx,10b,SMA,1_25,ROI_051,AZ,0.00141643059490085,False,3.0131706248880237,10.675580374271362,343.0,51.12726122359675,1,False,True,0.033281923943437916,-0.02721210483593549,0.09377595272281132,3.184389689131217,3.118008682119049,3.250770696143385,10.589372188604333,10.204779677822327,10.97396469938634,1.1667837774664402e-06,-0.040290806207718126,0.04029313977527305,100.20486242119699,-15658900.73919031,15659101.148915153,0.9954335327663988,0.9999996335927873,True,True,,,,6.795210869016477,0,False,False,,,,,,,,,,,,,,,,,,False,False,False,,False,,True,False,False,,Sheet2,Sheet3,Sheet4,Sheet5,Sheet6
patient_10b_exp_1,2023_07_10_CGNs_isolated0807_CSF_2_480nm-fitc_svi_ROI_min0.1.xlsx,10b_1..25/2023_07_10_CGNs_isolated0807_CSF_2_480nm-fitc_svi_ROI_min0.1.xlsx,10b,SMA,1_25,ROI_052,BA,0.19688385269121814,False,3.4024003807307985,10.764308129520373,343.0,68.34359241435622,1,False,True,0.10515473738803117,0.04006823363313923,0.1702412411429231,3.4955394954711814,3.4414649321887696,3.549614058753593,10.55694799225439,10.265782574624852,10.848113409883927,0.00499629263112837,-0.031064731686838,0.041057316949094744,113.33223030375012,-3859.2077865837514,4085.872247191252,0.997181924526058,0.9985727063130992,True,True,,,,0.5160124521360944,0,False,False,,,,,,,,,,,,,,,,,,False,False,False,,False,,True,False,False,,Sheet2,Sheet3,Sheet4,Sheet5,Sheet6
patient_10b_exp_1,2023_07_10_CGNs_isolated0807_CSF_2_480nm-fitc_svi_ROI_min0.1.xlsx,10b_1..25/2023_07_10_CGNs_isolated0807_CSF_2_480nm-fitc_svi_ROI_min0.1.xlsx,10b,SMA,1_25,ROI_053,BB,0.014164305949008499,False,3.0756174478221503,11.45936600748422,343.0,82.65817488884977,1,False,True,0.1701716563324858,-11.611886472674197,11.952229785339167,3.112875879348353,3.0450348097428686,3.1807169489538376,10.919186519393262,10.421000056394137,11.417372982392388,0.0019017178805901655,-11.725752800948731,11.729556236709913,1216.0885000608575,-8342966.063207903,8345398.240208025,0.9886083206500531,0.9993894530761098,True,True,0.17408446101187647,14.168875237434605,214.0,3.9584401194953345,1,False,True,0.026042802879696694,-4.944016317528627,4.99610192328802,0.12143553013369035,-0.30510283927252235,0.547973899539903,9.059367383278659,-8.718922660460656,26.837657427017973,0.027941340942404268,-4.518288184483745,4.574170866368553,103.16286943296632,-25886.338464839213,26092.664203705146,0.9777176740769029,0.8129473409027923,True,True,False,,False,,True,True,False,,Sheet2,Sheet3,Sheet4,Sheet5,Sheet6
patient_10b_exp_1,2023_07_10_CGNs_isolated0807_CSF_2_480nm-fitc_svi_ROI_min0.1.xlsx,10b_1..25/2023_07_10_CGNs_isolated0807_CSF_2_480nm-fitc_svi_ROI_min0.1.xlsx,10b,SMA,1_25,ROI_054,BC,0.018413597733711047,False,2.0457202229008695,8.99142836743954,343.0,43.069564800963555,1,False,True,0.008322957582873233,-0.021085800804344773,0.03773171597009124,1.9309157919252562,1.9013983339223923,1.96043324992812,8.397898347376042,8.148621398915697,8.647175295836387,0.22230534674493518,0.20361135937390495,0.2409993341159654,100.01800842552713,62.448596354971805,137.58742049608244,0.9965827249703899,0.8967568436179163,True,True,,,,0.697787661754107,0,False,False,,,,,,,,,,,,,,,,,,False,False,False,,False,,True,False,False,,Sheet2,Sheet3,Sheet4,Sheet5,Sheet6
patient_10b_exp_1,2023_07_10_CGNs_isolated0807_CSF_2_480nm-fitc_svi_ROI_min0.1.xlsx,10b_1..25/2023_07_10_CGNs_isolated0807_CSF_2_480nm-fitc_svi_ROI_min0.1.xlsx,10b,SMA,1_25,ROI_055,BD,0.0169971671388102,False,2.9638755139313555,9.878563610850108,344.0,50.31019530426167,1,False,True,0.0184533497258946,-0.007372308819501235,0.04427900827129043,2.9024603126825754,2.8760280982212136,2.928892527143937,9.089578194117433,8.93408582498672,9.245070563248145,0.12670558957630088,0.11029887549675049,0.14311230365585126,100.22987116016685,41.1689900864036,159.2907522339301,0.9988293719710761,0.9581714591855747,True,True,,,,1.1814635663942745,0,False,False,,,,,,,,,,,,,,,,,,False,False,False,,False,,True,False,False,,Sheet2,Sheet3,Sheet4,Sheet5,Sheet6
patient_10b_exp_1,2023_07_10_CGNs_isolated0807_CSF_2_480nm-fitc_svi_ROI_min0.1.xlsx,10b_1..25/2023_07_10_CGNs_isolated0807_CSF_2_480nm-fitc_svi_ROI_min0.1.xlsx,10b,SMA,1_25,ROI_056,BE,0.025495750708215296,False,2.488046608641198,9.087427052155022,343.0,39.827022221099,1,False,True,0.0006960938061399453,-0.09786445601654312,0.099256643628823,2.5977695560034655,2.5662540830925233,2.6292850289144076,8.832291995858363,8.613436666215046,9.05114732550168,0.10086681220031865,0.024304290562024378,0.17742933383861292,172.9852237883552,-149.6693771724871,495.6398247491975,0.9967765181661411,0.9626230442201238,True,True,,,,1.451263271014373,0,False,False,,,,,,,,,,,,,,,,,,False,False,False,,False,,True,False,False,,Sheet2,Sheet3,Sheet4,Sheet5,Sheet6
patient_10b_exp_1,2023_07_10_CGNs_isolated0807_CSF_2_480nm-fitc_svi_ROI_min0.1.xlsx,10b_1..25/2023_07_10_CGNs_isolated0807_CSF_2_480nm-fitc_svi_ROI_min0.1.xlsx,10b,SMA,1_25,ROI_057,BF,0.06373937677053824,False,2.4642551132360304,9.676729672877343,343.0,39.62793306823665,1,False,True,6.771266453349014e-11,,,2.507775150829949,2.4783120372688368,2.5372382643910614,9.04130610324545,8.821304434570902,9.261307771919999,0.12735404324484598,0.1053458566904714,0.14936222979922054,115.7274252417915,87.6532980201679,143.80155246341508,0.9961095191107823,0.9516706643715204,True,True,,,,2.553619843824949,0,False,False,,,,,,,,,,,,,,,,,,False,False,False,,False,,True,False,False,,Sheet2,Sheet3,Sheet4,Sheet5,Sheet6
patient_10b_exp_1,2023_07_10_CGNs_isolated0807_CSF_2_480nm-fitc_svi_ROI_min0.1.xlsx,10b_1..25/2023_07_10_CGNs_isolated0807_CSF_2_480nm-fitc_svi_ROI_min0.1.xlsx,10b,SMA,1_25,ROI_058,BG,0.1359773371104816,False,3.322258926845908,8.265749657154458,343.0,51.711007983938465,1,False,True,1.0190264656806042e-08,,,3.294301351523967,3.2577786084249936,3.330824094622941,6.994088050601465,6.835884855307637,7.1522912458952925,0.25032838762322546,0.22656043994283964,0.27409633530361127,100.00000016015235,86.83928755787834,113.16071276242637,0.996408740917109,0.9293781280288382,True,True,,,,3.120066461622192,0,False,False,,,,,,,,,,,,,,,,,,False,False,False,,False,,True,False,False,,Sheet2,Sheet3,Sheet4,Sheet5,Sheet6
patient_10b_exp_1,2023_07_10_CGNs_isolated0807_CSF_2_480nm-fitc_svi_ROI_min0.1.xlsx,10b_1..25/2023_07_10_CGNs_isolated0807_CSF_2_480nm-fitc_svi_ROI_min0.1.xlsx,10b,SMA,1_25,ROI_059,BH,0.025495750708215296,False,3.9593846935468497,8.66654178429934,343.0,60.14294156952742,1,False,True,0.004248024971357079,-0.1708256278536509,0.17932167779636504,4.014931226418676,3.9840778018877954,4.045784650949556,8.732186960110457,8.592945377669453,8.871428542551461,0.1033941986084568,-0.050101390685231756,0.25688978790214534,231.37226659099576,-409.21494632759357,871.9594795095851,0.9985190597025487,0.974894116433799,True,True,,,,3.3621957775989464,0,False,False,,,,,,,,,,,,,,,,,,False,False,False,,False,,True,False,False,,Sheet2,Sheet3,Sheet4,Sheet5,Sheet6
patient_10b_exp_1,2023_07_10_CGNs_isolated0807_CSF_2_480nm-fitc_svi_ROI_min0.1.xlsx,10b_1..25/2023_07_10_CGNs_isolated0807_CSF_2_480nm-fitc_svi_ROI_min0.1.xlsx,10b,SMA,1_25,ROI_060,BI,0.03824362606232295,False,1.777522492597754,9.602066298643251,343.0,29.095918484070243,1,False,True,0.003899824304742964,-0.023946641026678588,0.031746289636164514,1.8146617672550451,1.7860543480947337,1.8432691864153565,9.10285947776521,8.833579110506584,9.372139845023835,0.08365806325552823,0.0659255401231869,0.10139058638786956,100.08460670674012,3.6079253012264303,196.5612881122538,0.996533516643074,0.9559304697180414,True,True,,,,2.502765573462849,0,False,False,,,,,,,,,,,,,,,,,,False,False,False,,False,,True,False,False,,Sheet2,Sheet3,Sheet4,Sheet5,Sheet6
patient_10b_exp_1,2023_07_10_CGNs_isolated0807_CSF_2_480nm-fitc_svi_ROI_min0.1.xlsx,10b_1..25/2023_07_10_CGNs_isolated0807_CSF_2_480nm-fitc_svi_ROI_min0.1.xlsx,10b,SMA,1_25,ROI_061,BJ,0.04815864022662889,False,4.6715925946630215,11.19790535963756,343.0,70.60537229276028,1,False,True,0.025451133220065664,-0.07355178521080935,0.12445405165094067,4.939085812409924,4.850800317391685,5.0273713074281625,11.277651682898313,10.93544338738869,11.619859978407936,0.0037358716271475904,-0.050772006253306884,0.05824374950760207,111.83790598636747,-8104.641248869631,8328.317060842366,0.9969504330792898,0.9992441823990511,True,True,,,,1.7772573115169616,0,False,False,,,,,,,,,,,,,,,,,,False,False,False,,False,,True,False,False,,Sheet2,Sheet3,Sheet4,Sheet5,Sheet6
patient_10b_exp_1,2023_07_10_CGNs_isolated0807_CSF_2_480nm-fitc_svi_ROI_min0.1.xlsx,10b_1..25/2023_07_10_CGNs_isolated0807_CSF_2_480nm-fitc_svi_ROI_min0.1.xlsx,10b,SMA,1_25,ROI_062,BK,0.12606232294617564,False,2.0749169672541488,12.64562684503045,344.0,46.029326554761084,1,False,True,5.259091109582049e-09,,,1.8036598944711095,1.7680267309790554,1.8392930579631637,15.146180917736139,14.52826101381602,15.764100821656257,0.14834311977884626,0.1255605951565691,0.17112564440112343,100.00000000006663,,,0.9873917912385349,0.9240046666445102,True,True,0.3496384760637405,18.224380185619196,200.0,9.018737154904073,1,False,True,0.12951159588465652,-10328.142415856255,10328.401439048026,0.13638089633631098,-0.9097188036551981,1.18248059632782,9.271192726383005,-34.464455093325085,53.0068405460911,0.025596612225697504,-10327.202322783178,10327.25351600763,2644.0362546702527,-1081402225.8826852,1081407513.9551945,0.8326333962596137,0.8419742811644829,True,True,False,,False,,True,True,False,,Sheet2,Sheet3,Sheet4,Sheet5,Sheet6
patient_10b_exp_1,2023_07_10_CGNs_isolated0807_CSF_2_480nm-fitc_svi_ROI_min0.1.xlsx,10b_1..25/2023_07_10_CGNs_isolated0807_CSF_2_480nm-fitc_svi_ROI_min0.1.xlsx,10b,SMA,1_25,ROI_063,BL,0.2535410764872521,False,1.8494902500024368,9.530089250876756,344.0,34.17795806086926,1,False,True,0.0021993792466212646,-0.014392590885478769,0.018791349378721296,1.6946289392205327,1.6776643225772505,1.711593555863815,8.94760461203174,8.778178151833242,9.117031072230237,0.14895194505073792,0.13839047961331086,0.15951341048816498,100.01639716201241,67.87640343544845,132.15639088857637,0.9986510406745811,0.9192050935646279,True,True,,,,0.4420741942627024,0,False,False,,,,,,,,,,,,,,,,,,False,False,False,,False,,True,False,False,,Sheet2,Sheet3,Sheet4,Sheet5,Sheet6
patient_10b_exp_1,2023_07_10_CGNs_isolated0807_CSF_2_480nm-fitc_svi_ROI_min0.1.xlsx,10b_1..25/2023_07_10_CGNs_isolated0807_CSF_2_480nm-fitc_svi_ROI_min0.1.xlsx,10b,SMA,1_25,ROI_064,BM,0.14872521246458922,False,4.0653863942068345,12.009198043718243,343.0,65.3354599238547,1,False,True,0.0133112662202309,-0.11035338121370916,0.13697591365417097,4.445496107402553,4.326478081761862,4.564514133043244,11.953106601689663,11.436333072001979,12.469880131377348,0.00342999869922399,-0.06587756693766175,0.07273756433610973,110.26369715984802,-11249.039154880778,11469.566549200474,0.9944637138068907,0.9992290277209774,True,True,,,,0.6659353326183507,0,False,False,,,,,,,,,,,,,,,,,,False,False,False,,False,,True,False,False,,Sheet2,Sheet3,Sheet4,Sheet5,Sheet6
patient_10b_exp_1,2023_07_10_CGNs_isolated0807_CSF_2_480nm-fitc_svi_ROI_min0.1.xlsx,10b_1..25/2023_07_10_CGNs_isolated0807_CSF_2_480nm-fitc_svi_ROI_min0.1.xlsx,10b,SMA,1_25,ROI_065,BN,0.0,False,3.9603554802177827,16.13032041839648,344.0,119.85424549255873,1,False,True,0.09142320400875942,0.01225788679944026,0.17058852121807858,3.650998525196076,3.5199798138288236,3.782017236563328,17.064395028002117,16.391150373109525,17.73763968289471,0.24136273187817023,0.1627364935156056,0.31998897024073486,103.81084313781334,-14.744958901793922,222.3666451774206,0.9981983563166322,0.9379906653218529,True,True,,,,5.871908685930619,0,False,False,,,,,,,,,,,,,,,,,,False,False,False,,False,,True,False,False,,Sheet2,Sheet3,Sheet4,Sheet5,Sheet6
patient_10b_exp_1,2023_07_10_CGNs_isolated0807_CSF_2_480nm-fitc_svi_ROI_min0.1.xlsx,10b_1..25/2023_07_10_CGNs_isolated0807_CSF_2_480nm-fitc_svi_ROI_min0.1.xlsx,10b,SMA,1_25,ROI_066,BO,0.056657223796033995,False,3.500448095151626,8.052722545305755,343.0,69.15056302907065,1,False,True,0.04368060037628148,-0.00361492154480212,0.09097612229736507,3.410106910311164,3.3634561741997113,3.456757646422617,7.242664164427382,7.042405119059316,7.442923209795449,0.3013711408735424,0.27087115153958796,0.3318711302074968,100.01083749734865,56.90826385647808,143.11341113821922,0.9963124649359025,0.9188002362623849,True,True,,,,6.094267355652537,0,False,False,,,,,,,,,,,,,,,,,,False,False,False,,False,,True,False,False,,Sheet2,Sheet3,Sheet4,Sheet5,Sheet6
patient_10b_exp_1,2023_07_10_CGNs_isolated0807_CSF_2_480nm-fitc_svi_ROI_min0.1.xlsx,10b_1..25/2023_07_10_CGNs_isolated0807_CSF_2_480nm-fitc_svi_ROI_min0.1.xlsx,10b,SMA,1_25,ROI_067,BP,0.0028328611898017,False,5.051523953373096,12.366572295105414,343.0,90.05989880134422,1,False,True,0.031801764868790126,-25.087864667282492,25.15146819702007,5.177980550336272,5.0971035923097245,5.25885750836282,13.476339864342357,13.058360288554834,13.89431944012988,0.011832876482818541,-25.033094601521025,25.05676035448666,1610.5289042141935,-3705526.325053452,3708747.38286188,0.9959177791114462,0.9977199803712267,True,True,,,,3.811107443509269,0,False,False,,,,,,,,,,,,,,,,,,False,False,False,,False,,True,False,False,,Sheet2,Sheet3,Sheet4,Sheet5,Sheet6
patient_10b_exp_1,2023_07_10_CGNs_isolated0807_CSF_2_480nm-fitc_svi_ROI_min0.1.xlsx,10b_1..25/2023_07_10_CGNs_isolated0807_CSF_2_480nm-fitc_svi_ROI_min0.1.xlsx,10b,SMA,1_25,ROI_068,BQ,0.00424929178470255,False,1.660964796646729,9.86386394262803,343.0,38.856452410968515,1,False,True,0.0184536265417065,-0.010679986201707094,0.0475872392851201,1.538825283736897,1.508908166143339,1.568742401330455,9.5870536386015,9.24576277979612,9.92834449740688,0.1815215995217205,0.16315484842286923,0.19988835062057178,101.08934733239715,53.88759021152951,148.29110445326478,0.9958744981134782,0.8944854661067604,True,True,,,,5.448607686952431,0,False,False,,,,,,,,,,,,,,,,,,False,False,False,,False,,True,False,False,,Sheet2,Sheet3,Sheet4,Sheet5,Sheet6
patient_10b_exp_1,2023_07_10_CGNs_isolated0807_CSF_2_480nm-fitc_svi_ROI_min0.1.xlsx,10b_1..25/2023_07_10_CGNs_isolated0807_CSF_2_480nm-fitc_svi_ROI_min0.1.xlsx,10b,SMA,1_25,ROI_069,BR,0.014164305949008499,False,1.8848673424778575,10.038512497503575,344.0,37.37668576544706,1,False,True,9.473174164918296e-08,-0.006766727745715295,0.006766917209198593,1.6725288407765717,1.6558861913734468,1.6891714901796966,9.420655128054158,9.228228143552085,9.61308211255623,0.19579876465211518,0.17953520202896092,0.21206232727526944,100.00000000423476,,,0.9971953671186184,0.8952010535608453,True,True,,,,1.7974677322887087,0,False,False,,,,,,,,,,,,,,,,,,False,False,False,,False,,True,False,False,,Sheet2,Sheet3,Sheet4,Sheet5,Sheet6
patient_10b_exp_1,2023_07_10_CGNs_isolated0807_CSF_2_480nm-fitc_svi_ROI_min0.1.xlsx,10b_1..25/2023_07_10_CGNs_isolated0807_CSF_2_480nm-fitc_svi_ROI_min0.1.xlsx,10b,SMA,1_25,ROI_070,BS,0.0226628895184136,False,1.7527618768288524,10.784261637538123,344.0,32.81678648655997,1,False,True,8.842383169801234e-08,-0.008753340311206953,0.008753517158870348,1.60879715338748,1.5891727022980309,1.6284216044769293,11.770378333881755,11.467854278881681,12.072902388881829,0.10885612078685407,0.08615956654689486,0.13155267502681328,100.00000000647923,,,0.995900750704465,0.936625090509503,True,True,,,,3.924052991615594,0,False,False,,,,,,,,,,,,,,,,,,False,False,False,,False,,True,False,False,,Sheet2,Sheet3,Sheet4,Sheet5,Sheet6
patient_10b_exp_1,2023_07_10_CGNs_isolated0807_CSF_2_480nm-fitc_svi_ROI_min0.1.xlsx,10b_1..25/2023_07_10_CGNs_isolated0807_CSF_2_480nm-fitc_svi_ROI_min0.1.xlsx,10b,SMA,1_25,ROI_071,BT,0.0,False,1.8510709241437293,9.274458083542413,344.0,38.75544459292145,1,False,True,1.403601614125298e-07,-0.007982275058326231,0.007982555778649056,1.5749340643925118,1.5548890430154843,1.5949790857695394,9.014521831145546,8.780633401157287,9.248410261133804,0.22123243049135072,0.20229829694643175,0.24016656403626968,100.00000000706339,,,0.9955508518245659,0.8768307775913305,True,True,,,,1.1571462880241368,0,False,False,,,,,,,,,,,,,,,,,,False,False,False,,False,,True,False,False,,Sheet2,Sheet3,Sheet4,Sheet5,Sheet6
patient_10b_exp_1,2023_07_10_CGNs_isolated0807_CSF_2_480nm-fitc_svi_ROI_min0.1.xlsx,10b_1..25/2023_07_10_CGNs_isolated0807_CSF_2_480nm-fitc_svi_ROI_min0.1.xlsx,10b,SMA,1_25,ROI_072,BU,0.0028328611898017,False,3.4506835347394182,11.950850020223584,343.0,65.51180203676398,1,False,True,5.993776990927063e-06,-0.7304272004780145,0.7304391880319964,3.6818302688950646,3.625690522131918,3.7379700156582114,11.603771646505711,11.251406563527821,11.956136729483601,0.0886650209908505,-0.593279945632198,0.770609987613899,342.1844704703508,-3695.345003538316,4379.713944479017,0.9958654180777977,0.9764845161778379,True,True,,,,0.9154637839562265,0,False,False,,,,,,,,,,,,,,,,,,False,False,False,,False,,True,False,False,,Sheet2,Sheet3,Sheet4,Sheet5,Sheet6
patient_10b_exp_1,2023_07_10_CGNs_isolated0807_CSF_2_480nm-fitc_svi_ROI_min0.1.xlsx,10b_1..25/2023_07_10_CGNs_isolated0807_CSF_2_480nm-fitc_svi_ROI_min0.1.xlsx,10b,SMA,1_25,ROI_073,BV,0.0,False,2.102674106489023,9.127115659397248,343.0,37.21531431306255,1,False,True,0.05346166594416938,0.014893521996290578,0.09202980989204818,2.0960463550493467,2.0646920099339763,2.127400700164717,9.570477769833586,9.301439472811612,9.839516066855559,0.009648624988078456,-0.012482246096307494,0.03177949607246441,112.20951956388504,-1075.6761112725399,1300.09515040031,0.9966582130167677,0.9954178430021678,True,True,,,,5.0400507464437245,0,False,False,,,,,,,,,,,,,,,,,,False,False,False,,False,,True,False,False,,Sheet2,Sheet3,Sheet4,Sheet5,Sheet6
patient_10b_exp_1,2023_07_10_CGNs_isolated0807_CSF_2_480nm-fitc_svi_ROI_min0.1.xlsx,10b_1..25/2023_07_10_CGNs_isolated0807_CSF_2_480nm-fitc_svi_ROI_min0.1.xlsx,10b,SMA,1_25,ROI_074,BW,0.007082152974504249,False,1.3668313129788203,16.033961543136627,344.0,51.98776312955533,1,False,True,0.0009661258124074874,-0.020384709547624776,0.02231696117243975,0.9915611460393919,0.9630248544285699,1.020097437650214,13.128982837712323,12.589586358847951,13.668379316576695,0.38639054145346313,0.36959120885134766,0.4031898740555786,100.00160293220752,82.02829311734341,117.97491274707163,0.9979563097014729,0.719590646783495,True,True,,,,3.8960783807060317,0,False,False,,,,,,,,,,,,,,,,,,False,False,False,,False,,True,False,False,,Sheet2,Sheet3,Sheet4,Sheet5,Sheet6
patient_10b_exp_1,2023_07_10_CGNs_isolated0807_CSF_2_480nm-fitc_svi_ROI_min0.1.xlsx,10b_1..25/2023_07_10_CGNs_isolated0807_CSF_2_480nm-fitc_svi_ROI_min0.1.xlsx,10b,SMA,1_25,ROI_075,BX,0.10764872521246459,False,4.379149853304993,9.660855137701674,343.0,61.58830375109924,1,False,True,4.227310702378846e-10,,,4.761255455365734,4.705216853182329,4.817294057549138,8.92558087757904,8.71755497136775,9.13360678379033,0.06753399041418012,0.03946384486075365,0.0956041359676066,330.8251666743617,-110.79769774018911,772.4480310889126,0.9947762816851105,0.9860143020994214,True,True,,,,2.500039835514735,0,False,False,,,,,,,,,,,,,,,,,,False,False,False,,False,,True,False,False,,Sheet2,Sheet3,Sheet4,Sheet5,Sheet6
patient_10b_exp_1,2023_07_10_CGNs_isolated0807_CSF_2_480nm-fitc_svi_ROI_min0.1.xlsx,10b_1..25/2023_07_10_CGNs_isolated0807_CSF_2_480nm-fitc_svi_ROI_min0.1.xlsx,10b,SMA,1_25,ROI_076,BY,0.0,False,4.489372349357793,11.631989709964046,344.0,96.05891545688041,1,False,True,0.12682223993239905,0.07682647180598785,0.17681800805881026,4.4049867155625675,4.35982158092691,4.450151850198225,11.423216101357147,11.226391902198259,11.620040300516035,0.03194637207032863,0.004410821305178621,0.059481922835478644,111.6400225890439,-375.28523030678207,598.5652754848699,0.9990471692201832,0.992799897713271,True,True,,,,4.252021915596282,0,False,False,,,,,,,,,,,,,,,,,,False,False,False,,False,,True,False,False,,Sheet2,Sheet3,Sheet4,Sheet5,Sheet6
patient_10b_exp_1,2023_07_10_CGNs_isolated0807_CSF_2_480nm-fitc_svi_ROI_min0.1.xlsx,10b_1..25/2023_07_10_CGNs_isolated0807_CSF_2_480nm-fitc_svi_ROI_min0.1.xlsx,10b,SMA,1_25,ROI_077,BZ,0.014164305949008499,False,3.5043882814954244,11.560750733429927,344.0,75.46765033106614,1,False,True,0.06136315068290896,-0.006298476451181062,0.12902477781699898,3.4038251099946417,3.374634901277934,3.4330153187113495,10.643823692809592,10.471178505010935,10.81646888060825,0.12015118325873095,0.07487949471610113,0.16542287180136078,151.91688491654583,-31.052255612413973,334.88602544550565,0.9989505513333953,0.9659046562007925,True,True,,,,5.611807507203174,0,False,False,,,,,,,,,,,,,,,,,,False,False,False,,False,,True,False,False,,Sheet2,Sheet3,Sheet4,Sheet5,Sheet6
patient_10b_exp_1,2023_07_10_CGNs_isolated0807_CSF_2_480nm-fitc_svi_ROI_min0.1.xlsx,10b_1..25/2023_07_10_CGNs_isolated0807_CSF_2_480nm-fitc_svi_ROI_min0.1.xlsx,10b,SMA,1_25,ROI_078,CA,0.05524079320113314,False,4.106684252631576,10.721964142339914,343.0,57.935610552449894,1,False,True,0.022371545717667665,-0.06975909621000846,0.1145021876453438,4.497660332394851,4.401267049327309,4.594053615462393,10.01410007100444,9.631675884638103,10.396524257370778,1.7926841830991337e-05,-0.05833549703592142,0.058371350719583395,101.29487865543976,-1529788.9078643203,1529991.497621631,0.9944857084706119,0.9999960142009283,True,True,,,,2.815736980762218,0,False,False,,,,,,,,,,,,,,,,,,False,False,False,,False,,True,False,False,,Sheet2,Sheet3,Sheet4,Sheet5,Sheet6
patient_10b_exp_1,2023_07_10_CGNs_isolated0807_CSF_2_480nm-fitc_svi_ROI_min0.1.xlsx,10b_1..25/2023_07_10_CGNs_isolated0807_CSF_2_480nm-fitc_svi_ROI_min0.1.xlsx,10b,SMA,1_25,ROI_079,CB,0.10198300283286119,False,5.106516305199416,12.192524013095237,344.0,82.98898310202209,1,False,True,0.016174583117662223,-0.09312545924594755,0.125474625481272,5.217075230014045,5.111574735909434,5.322575724118655,12.289748726040434,11.896538725771828,12.68295872630904,7.04073102567333e-05,-0.06056043575161838,0.060701250372131844,111.15721115254934,-493395.0030597889,493617.317482094,0.997088803644587,0.9999865046300888,True,True,,,,0.651141839119787,0,False,False,,,,,,,,,,,,,,,,,,False,False,False,,False,,True,False,False,,Sheet2,Sheet3,Sheet4,Sheet5,Sheet6
patient_10b_exp_1,2023_07_10_CGNs_isolated0807_CSF_2_480nm-fitc_svi_ROI_min0.1.xlsx,10b_1..25/2023_07_10_CGNs_isolated0807_CSF_2_480nm-fitc_svi_ROI_min0.1.xlsx,10b,SMA,1_25,ROI_080,CC,0.2762039660056657,False,3.516173227327242,11.853683515900059,343.0,55.12494122093224,1,False,True,0.008387335871273239,-0.07494248057419399,0.09171715231674048,3.6778171761404277,3.5951693482932905,3.760465003987565,12.39640149677652,11.96030145833613,12.83250153521691,0.00014398753206322384,-0.04686174466919796,0.04714971973332441,110.2606743595336,-184293.49996798733,184514.0213167064,0.9965550813505288,0.9999608512636062,True,True,,,,0.21706437928894592,0,False,False,,,,,,,,,,,,,,,,,,False,False,False,,False,,True,False,False,,Sheet2,Sheet3,Sheet4,Sheet5,Sheet6
patient_10b_exp_1,2023_07_10_CGNs_isolated0807_CSF_2_480nm-fitc_svi_ROI_min0.1.xlsx,10b_1..25/2023_07_10_CGNs_isolated0807_CSF_2_480nm-fitc_svi_ROI_min0.1.xlsx,10b,SMA,1_25,ROI_081,CD,0.42492917847025496,False,2.7229305669555846,8.768080125503616,343.0,36.11638250622886,1,False,True,0.013004101503777133,-0.016742151729083193,0.04275035473663746,2.8323093864168003,2.8024469163722006,2.8621718564614,8.791017255103984,8.614094146974212,8.967940363233756,0.031818122314574655,0.013048354418849353,0.050587890210299954,100.59183429892506,-168.07734159566843,369.26101019351853,0.9982014802269148,0.9888908150151917,True,True,,,,-2.0314763969988285,0,False,False,,,,,,,,,,,,,,,,,,False,False,False,,False,,True,False,False,,Sheet2,Sheet3,Sheet4,Sheet5,Sheet6
patient_10b_exp_1,2023_07_10_CGNs_isolated0807_CSF_2_480nm-fitc_svi_ROI_min0.1.xlsx,10b_1..25/2023_07_10_CGNs_isolated0807_CSF_2_480nm-fitc_svi_ROI_min0.1.xlsx,10b,SMA,1_25,ROI_082,CE,0.43201133144475923,False,4.026121458496757,10.004155847418929,343.0,53.67026128755141,1,False,True,1.7649802522472243e-06,-0.006648982945822092,0.006652512906326586,4.200188791460356,4.169296409733863,4.2310811731868485,10.956858824684822,10.823001708641993,11.090715940727652,3.7041726832713095e-09,,,100.00008868706122,-260755500.07096624,260755700.07114363,0.9977655419044378,0.9999999991180937,True,True,,,,0.795463706890968,0,False,False,,,,,,,,,,,,,,,,,,False,False,False,,False,,True,False,False,,Sheet2,Sheet3,Sheet4,Sheet5,Sheet6
patient_10b_exp_1,2023_07_10_CGNs_isolated0807_CSF_2_480nm-fitc_svi_ROI_min0.1.xlsx,10b_1..25/2023_07_10_CGNs_isolated0807_CSF_2_480nm-fitc_svi_ROI_min0.1.xlsx,10b,SMA,1_25,ROI_083,CF,0.14447592067988668,False,3.9155192036663053,13.26339492567547,344.0,75.10051138251225,1,False,True,9.383766123347572e-08,-0.9595920159714355,0.9595922036467579,4.030162550075422,3.981216379089774,4.07910872106107,13.02508573344575,12.721207064792411,13.328964402099087,0.07251419500192997,-0.8420347771088682,0.9870631671127282,419.6189707077091,-7097.2723375739615,7936.51027898938,0.9978435675870341,0.9823251502597817,True,True,,,,0.0928743261340814,0,False,False,,,,,,,,,,,,,,,,,,False,False,False,,False,,True,False,False,,Sheet2,Sheet3,Sheet4,Sheet5,Sheet6
patient_10b_exp_1,2023_07_10_CGNs_isolated0807_CSF_2_480nm-fitc_svi_ROI_min0.1.xlsx,10b_1..25/2023_07_10_CGNs_isolated0807_CSF_2_480nm-fitc_svi_ROI_min0.1.xlsx,10b,SMA,1_25,ROI_084,CG,0.0,False,4.008231874340533,9.828298749117494,343.0,62.667827443901885,1,False,True,0.00022681861593654306,-0.22942879093035598,0.22988242816222906,4.143629656266994,4.103016176465862,4.184243136068127,9.499173544196681,9.30821432140695,9.690132766986412,0.10780568152112725,-0.09135475908908329,0.3069661221313378,229.63422824275403,-579.9107352371401,1039.1791917226483,0.9978585743267802,0.9746425211826896,True,True,,,,3.5395022307347657,0,False,False,,,,,,,,,,,,,,,,,,False,False,False,,False,,True,False,False,,Sheet2,Sheet3,Sheet4,Sheet5,Sheet6
patient_10b_exp_1,2023_07_10_CGNs_isolated0807_CSF_2_480nm-fitc_svi_ROI_min0.1.xlsx,10b_1..25/2023_07_10_CGNs_isolated0807_CSF_2_480nm-fitc_svi_ROI_min0.1.xlsx,10b,SMA,1_25,ROI_085,CH,0.10339943342776203,False,4.219046156653096,10.236493026438268,343.0,60.85205592176338,1,False,True,0.0002142398304244259,-0.3023396698173748,0.3027681494782236,4.46758333951009,4.412916790598182,4.522249888421998,9.743614352738236,9.500488847450569,9.986739858025903,0.062311251322120176,-0.19836583830274923,0.3229883409469896,227.0922223739382,-1612.4602903741004,2066.6447351219767,0.9967678717879616,0.986244436802519,True,True,,,,2.258805014546978,0,False,False,,,,,,,,,,,,,,,,,,False,False,False,,False,,True,False,False,,Sheet2,Sheet3,Sheet4,Sheet5,Sheet6
patient_10b_exp_1,2023_07_10_CGNs_isolated0807_CSF_2_480nm-fitc_svi_ROI_min0.1.xlsx,10b_1..25/2023_07_10_CGNs_isolated0807_CSF_2_480nm-fitc_svi_ROI_min0.1.xlsx,10b,SMA,1_25,ROI_086,CI,0.007082152974504249,False,3.8080212196059726,10.823340871782591,343.0,63.9501335695015,1,False,True,0.00037687065752980194,-0.17070400707760336,0.17145774839266298,3.9157945595961725,3.8757116488706833,3.9558774703216617,10.806459512910218,10.590247322858286,11.02267170296215,0.09825902949442557,-0.039964351237111714,0.23648241022596284,201.47463072632604,-429.1047527168877,832.0540141695398,0.9982517758530554,0.975521246213186,True,True,,,,1.3393714760196571,0,False,False,,,,,,,,,,,,,,,,,,False,False,False,,False,,True,False,False,,Sheet2,Sheet3,Sheet4,Sheet5,Sheet6
patient_10b_exp_1,2023_07_10_CGNs_isolated0807_CSF_2_480nm-fitc_svi_ROI_min0.1.xlsx,10b_1..25/2023_07_10_CGNs_isolated0807_CSF_2_480nm-fitc_svi_ROI_min0.1.xlsx,10b,SMA,1_25,ROI_087,CJ,0.17422096317280453,False,2.5640441684790245,11.417058377848946,344.0,56.49745321473097,1,False,True,2.090664728195829e-06,-0.028059986064443276,0.028064167393899667,2.231464618257462,2.1984501343428953,2.2644791021720287,11.420629372147406,11.14728466788308,11.693974076411733,0.26649734151889826,0.2470555417968588,0.2859391412409377,100.00000282865554,67.3817076865223,132.61829797078877,0.9986008857709859,0.8933140913231691,True,True,,,,-0.01195973429648786,0,False,False,,,,,,,,,,,,,,,,,,False,False,False,,False,,True,False,False,,Sheet2,Sheet3,Sheet4,Sheet5,Sheet6
patient_10b_exp_1,2023_07_10_CGNs_isolated0807_CSF_2_480nm-fitc_svi_ROI_min0.1.xlsx,10b_1..25/2023_07_10_CGNs_isolated0807_CSF_2_480nm-fitc_svi_ROI_min0.1.xlsx,10b,SMA,1_25,ROI_088,CK,0.009915014164305949,False,1.9227403283038529,12.742746087865726,344.0,42.55868049812821,1,False,True,0.04699930804460678,0.014379244423234024,0.07961937166597954,1.8974451449291119,1.8656659497027657,1.929224340155458,12.547218762690212,12.220222075936658,12.874215449443767,0.025566380687069734,0.0075171959035710625,0.043615565470568406,111.52577593060033,-296.76934446789767,519.8208963290983,0.9981767982806852,0.9867050299249364,True,True,,,,1.0360185631765264,0,False,False,,,,,,,,,,,,,,,,,,False,False,False,,False,,True,False,False,,Sheet2,Sheet3,Sheet4,Sheet5,Sheet6
patient_10b_exp_1,2023_07_10_CGNs_isolated0807_CSF_2_480nm-fitc_svi_ROI_min0.1.xlsx,10b_1..25/2023_07_10_CGNs_isolated0807_CSF_2_480nm-fitc_svi_ROI_min0.1.xlsx,10b,SMA,1_25,ROI_089,CL,0.0,False,2.747887068608335,10.849763800302469,344.0,58.66649267928857,1,False,True,0.07304155654601832,0.04560578156324599,0.10047733152879065,2.6367034788237533,2.6079759922287025,2.665430965418804,10.282614961321942,10.085581417905882,10.479648504738002,0.07328597689039659,0.05599135697069267,0.09058059681010051,101.86121501347212,-10.4739614944573,214.19639152140155,0.9987247325964912,0.9729570988787911,True,True,,,,3.2478313738937703,0,False,False,,,,,,,,,,,,,,,,,,False,False,False,,False,,True,False,False,,Sheet2,Sheet3,Sheet4,Sheet5,Sheet6
patient_10b_exp_1,2023_07_10_CGNs_isolated0807_CSF_2_480nm-fitc_svi_ROI_min0.1.xlsx,10b_1..25/2023_07_10_CGNs_isolated0807_CSF_2_480nm-fitc_svi_ROI_min0.1.xlsx,10b,SMA,1_25,ROI_090,CM,0.0169971671388102,False,2.6258833104508836,10.753257775435884,344.0,46.192726223506554,1,False,True,0.04244771420738539,0.004988498716390712,0.07990692969838006,2.562214672814377,2.528879780611789,2.5955495650169653,11.178576233010876,10.930221016781285,11.426931449240467,0.008426330321292252,-0.012254899724573023,0.029107560367157528,111.6594031967456,-1263.0511480652697,1486.369954458761,0.9983472957071305,0.9967220898168925,True,True,,,,2.9264277665633243,0,False,False,,,,,,,,,,,,,,,,,,False,False,False,,False,,True,False,False,,Sheet2,Sheet3,Sheet4,Sheet5,Sheet6
patient_10b_exp_1,2023_07_10_CGNs_isolated0807_CSF_2_480nm-fitc_svi_ROI_min0.1.xlsx,10b_1..25/2023_07_10_CGNs_isolated0807_CSF_2_480nm-fitc_svi_ROI_min0.1.xlsx,10b,SMA,1_25,ROI_091,CN,0.0056657223796034,False,2.919088217291953,11.56635556355019,344.0,65.37034586025023,1,False,True,3.5756364723774526e-06,-0.022203552574036244,0.022210703846980998,2.579486962984983,2.5540683007559086,2.6049056252140574,11.018128771317055,10.83743595103069,11.198821591603421,0.3204478314068278,0.30540534638452455,0.3354903164291311,100.0000257126662,78.77917261531765,121.22087881001475,0.9993056850358348,0.8894982631931785,True,True,,,,1.3257504868487204,0,False,False,,,,,,,,,,,,,,,,,,False,False,False,,False,,True,False,False,,Sheet2,Sheet3,Sheet4,Sheet5,Sheet6
patient_10b_exp_1,2023_07_10_CGNs_isolated0807_CSF_2_480nm-fitc_svi_ROI_min0.1.xlsx,10b_1..25/2023_07_10_CGNs_isolated0807_CSF_2_480nm-fitc_svi_ROI_min0.1.xlsx,10b,SMA,1_25,ROI_092,CO,0.03824362606232295,False,2.160260907900318,14.103780640620812,344.0,52.19573004329867,1,False,True,0.00682845700380845,-0.2747315234177262,0.28838843742534315,2.093105584293066,2.0675131690630923,2.1186979995230395,14.866242967265254,14.552106916183394,15.180379018347114,0.08617476288149292,-0.17061908078098306,0.3429686065439689,328.34786645443404,-1269.0043716998998,1925.700104608768,0.9986655583302012,0.9604572385589497,True,True,,,,0.23158386505296372,0,False,False,,,,,,,,,,,,,,,,,,False,False,False,,False,,True,False,False,,Sheet2,Sheet3,Sheet4,Sheet5,Sheet6
patient_10b_exp_1,2023_07_10_CGNs_isolated0807_CSF_2_480nm-fitc_svi_ROI_min0.1.xlsx,10b_1..25/2023_07_10_CGNs_isolated0807_CSF_2_480nm-fitc_svi_ROI_min0.1.xlsx,10b,SMA,1_25,ROI_093,CP,0.11898016997167139,False,1.3821667442165682,9.997559923387598,343.0,28.032085876518117,1,False,True,0.007951655853763354,-0.011847814145829156,0.027751125853355863,1.3051468803547386,1.2834253453085374,1.3268684154009398,10.356059838057714,10.05606940500502,10.656050271110407,0.11140229536442053,0.09839124410568782,0.12441334662315325,100.02191124440726,46.62149994478627,153.42232254402825,0.997433599573692,0.9213565633484885,True,True,,,,0.9699953507752676,0,False,False,,,,,,,,,,,,,,,,,,False,False,False,,False,,True,False,False,,Sheet2,Sheet3,Sheet4,Sheet5,Sheet6
patient_10b_exp_1,2023_07_10_CGNs_isolated0807_CSF_2_480nm-fitc_svi_ROI_min0.1.xlsx,10b_1..25/2023_07_10_CGNs_isolated0807_CSF_2_480nm-fitc_svi_ROI_min0.1.xlsx,10b,SMA,1_25,ROI_094,CQ,0.007082152974504249,False,4.007480897666063,10.886636753790413,343.0,62.26790507427202,1,False,True,0.03733775081769936,-0.12147891191993707,0.19615441355533578,4.344453717651258,4.214200413141351,4.474707022161165,9.568848022629538,9.02971065948667,10.107985385772407,3.5742495156446794e-05,-0.09114459093521624,0.09121607592552913,111.7359665463349,-1319618.0866627088,1319841.5585958012,0.9866498620175653,0.9999917729124482,True,True,0.3524499387573223,19.405436223736416,230.0,7.515593052642473,1,False,True,7.209595941064154e-08,-1.6227477614669572,1.622747905658876,0.4172817667850282,-0.08383661169515283,0.9184001452652093,10.018198730469496,-2.1984348888590883,22.234832349798083,7.787340681265952e-08,-2.0327298581619924,2.032730013908806,100.00162699884142,-1706485243.5594745,1706485443.5627284,0.8987235555157993,0.9999998133793554,True,True,False,,False,,True,True,False,,Sheet2,Sheet3,Sheet4,Sheet5,Sheet6
patient_10b_exp_1,2023_07_10_CGNs_isolated0807_CSF_2_480nm-fitc_svi_ROI_min0.1.xlsx,10b_1..25/2023_07_10_CGNs_isolated0807_CSF_2_480nm-fitc_svi_ROI_min0.1.xlsx,10b,SMA,1_25,ROI_095,CR,0.05807365439093484,False,2.012226436028007,9.954976533162437,344.0,47.59039921859907,1,False,True,0.02919953569998907,0.012583869873090556,0.04581520152688758,1.7381847312826004,1.721334004361587,1.7550354582036138,9.007344292637534,8.842506825274873,9.172181760000194,0.21485147000994115,0.20434434481234823,0.22535859520753407,100.49711792926522,78.13595345209173,122.8582824064387,0.9988248116400673,0.8899910458046042,True,True,,,,0.42303255584850474,0,False,False,,,,,,,,,,,,,,,,,,False,False,False,,False,,True,False,False,,Sheet2,Sheet3,Sheet4,Sheet5,Sheet6
patient_10b_exp_1,2023_07_10_CGNs_isolated0807_CSF_2_480nm-fitc_svi_ROI_min0.1.xlsx,10b_1..25/2023_07_10_CGNs_isolated0807_CSF_2_480nm-fitc_svi_ROI_min0.1.xlsx,10b,SMA,1_25,ROI_096,CS,0.12181303116147309,False,2.8111892136032144,7.435298601065142,343.0,32.328664116515355,1,False,True,9.739519386670523e-09,,,2.950906293881557,2.9018037923015667,3.0000087954615475,6.322853168890118,6.110409933740133,6.535296404040103,0.0996528425849258,0.07027115824663883,0.12903452692321277,100.0000001644931,57.90606572749663,142.09393460148956,0.9909347944315077,0.9673329254976006,True,True,,,,1.0394653617900658,0,False,False,,,,,,,,,,,,,,,,,,False,False,False,,False,,True,False,False,,Sheet2,Sheet3,Sheet4,Sheet5,Sheet6
patient_10b_exp_1,2023_07_10_CGNs_isolated0807_CSF_2_480nm-fitc_svi_ROI_min0.1.xlsx,10b_1..25/2023_07_10_CGNs_isolated0807_CSF_2_480nm-fitc_svi_ROI_min0.1.xlsx,10b,SMA,1_25,ROI_097,CT,0.05807365439093484,False,3.1805541903827335,10.819917231232864,344.0,55.1871010129848,1,False,True,0.03406480206929201,0.004933030271049334,0.06319657386753469,3.1562980595815677,3.1246491350847485,3.187946984078387,10.346266560884972,10.1653554021541,10.527177719615844,0.06110395158524355,0.042138316479112974,0.08006958669137412,100.4172034540466,-42.80950631692353,243.64391322501672,0.9989413762611838,0.9810082944645503,True,True,,,,0.706868136584009,0,False,False,,,,,,,,,,,,,,,,,,False,False,False,,False,,True,False,False,,Sheet2,Sheet3,Sheet4,Sheet5,Sheet6
patient_10b_exp_1,2023_07_10_CGNs_isolated0807_CSF_2_480nm-fitc_svi_ROI_min0.1.xlsx,10b_1..25/2023_07_10_CGNs_isolated0807_CSF_2_480nm-fitc_svi_ROI_min0.1.xlsx,10b,SMA,1_25,ROI_098,CU,0.0084985835694051,False,2.1135661989365726,16.710295381833987,344.0,60.80953190558927,1,False,True,0.07509480402899801,0.027123238159504418,0.12306636989849161,1.9986177164192234,1.8999771231660627,2.0972583096723842,18.65557251341188,17.76417486878161,19.54697015804215,7.418243409565916e-07,-0.065975681309582,0.0659771649582639,100.06582127769595,-24333983.496772412,24334183.62841497,0.9973607916022829,0.999999628831437,True,True,,,,2.7175711914607974,0,False,False,,,,,,,,,,,,,,,,,,False,False,False,,False,,True,False,False,,Sheet2,Sheet3,Sheet4,Sheet5,Sheet6
patient_10b_exp_1,2023_07_10_CGNs_isolated0807_CSF_2_480nm-fitc_svi_ROI_min0.1.xlsx,10b_1..25/2023_07_10_CGNs_isolated0807_CSF_2_480nm-fitc_svi_ROI_min0.1.xlsx,10b,SMA,1_25,ROI_099,CV,0.07365439093484419,False,1.4420568268347964,13.55019807608494,344.0,37.289223245129904,1,False,True,0.030319313580161766,0.014776695031159307,0.04586193212916423,1.2933302243341684,1.270831585019914,1.315828863648423,14.326199561232276,13.999566372974211,14.65283274949034,0.08441633808656152,0.07106512492425979,0.09776755124886324,100.5949431342074,38.66332104136291,162.5265652270519,0.9991007455296566,0.9387286890135729,True,True,,,,1.7300309650564665,0,False,False,,,,,,,,,,,,,,,,,,False,False,False,,False,,True,False,False,,Sheet2,Sheet3,Sheet4,Sheet5,Sheet6
patient_10b_exp_1,2023_07_10_CGNs_isolated0807_CSF_2_480nm-fitc_svi_ROI_min0.1.xlsx,10b_1..25/2023_07_10_CGNs_isolated0807_CSF_2_480nm-fitc_svi_ROI_min0.1.xlsx,10b,SMA,1_25,ROI_100,CW,0.09915014164305949,False,3.84480480291038,11.824698591930769,344.0,59.16724304951906,1,False,True,0.014247519463529779,-0.10594741970421002,0.13444245863126958,4.206621065068953,4.075375362213377,4.337866767924529,10.012646966163073,9.470605722817952,10.554688209508194,7.658465202090691e-07,-0.07739455156603722,0.07739608325907765,100.7613693275578,-46787005.57204079,46787207.09477944,0.9890157199130004,0.9999998179426268,True,True,,,,1.819468393254613,0,False,False,,,,,,,,,,,,,,,,,,False,False,False,,False,,True,False,False,,Sheet2,Sheet3,Sheet4,Sheet5,Sheet6
patient_10b_exp_1,2023_07_10_CGNs_isolated0807_CSF_2_480nm-fitc_svi_ROI_min0.1.xlsx,10b_1..25/2023_07_10_CGNs_isolated0807_CSF_2_480nm-fitc_svi_ROI_min0.1.xlsx,10b,SMA,1_25,ROI_101,CX,0.23796033994334279,False,2.6161354927248563,9.27588625225144,343.0,43.13341133031106,1,False,True,9.266230880687685e-08,-0.03649705261154071,0.03649723793615832,2.621679084485794,2.584118128098071,2.6592400408735166,9.100623767638039,8.855978103063526,9.345269432212552,0.16891684772504034,0.14564543562272675,0.19218825982735394,100.00000067724454,37.38344059208376,162.61656076240533,0.9972401033142957,0.9394692560913981,True,True,,,,0.6072251683264871,0,False,False,,,,,,,,,,,,,,,,,,False,False,False,,False,,True,False,False,,Sheet2,Sheet3,Sheet4,Sheet5,Sheet6
patient_10b_exp_1,2023_07_10_CGNs_isolated0807_CSF_2_480nm-fitc_svi_ROI_min0.1.xlsx,10b_1..25/2023_07_10_CGNs_isolated0807_CSF_2_480nm-fitc_svi_ROI_min0.1.xlsx,10b,SMA,1_25,ROI_102,CY,0.031161473087818695,False,2.057592506843266,11.759504191516271,344.0,58.423613136423754,1,False,True,2.0974619138117016e-10,,,1.726219705327079,1.7116315415055923,1.7408078691485656,10.166295653973771,9.987744621447538,10.344846686500004,0.3402194938506251,0.3285793298008456,0.35185965790040463,123.43776878342875,117.48227371753052,129.39326384932698,0.9984964104291012,0.8353595431280977,True,True,,,,2.8492021907284615,0,False,False,,,,,,,,,,,,,,,,,,False,False,False,,False,,True,False,False,,Sheet2,Sheet3,Sheet4,Sheet5,Sheet6
patient_10b_exp_1,2023_07_10_CGNs_isolated0807_CSF_2_480nm-fitc_svi_ROI_min0.1.xlsx,10b_1..25/2023_07_10_CGNs_isolated0807_CSF_2_480nm-fitc_svi_ROI_min0.1.xlsx,10b,SMA,1_25,ROI_103,CZ,0.3838526912181303,False,3.8027853146524913,9.687398832047279,344.0,59.87574644135684,1,False,True,1.603490790130221e-07,-0.042026896899541775,0.042027217597699805,3.635410503707857,3.5922744957144745,3.6785465117012395,9.035172665114624,8.83331923844636,9.237026091782887,0.1902718705738581,0.16349270637390395,0.21705103477381227,100.00000245123248,36.1091630520995,163.89084185036546,0.9980329485819237,0.9502645928336949,True,True,,,,-0.7295496493608161,0,False,False,,,,,,,,,,,,,,,,,,False,False,False,,False,,True,False,False,,Sheet2,Sheet3,Sheet4,Sheet5,Sheet6
patient_10b_exp_1,2023_07_10_CGNs_isolated0807_CSF_2_480nm-fitc_svi_ROI_min0.1.xlsx,10b_1..25/2023_07_10_CGNs_isolated0807_CSF_2_480nm-fitc_svi_ROI_min0.1.xlsx,10b,SMA,1_25,ROI_104,DA,0.025495750708215296,False,2.3580819645159865,13.023522587633295,344.0,61.32752095950899,1,False,True,0.04755244624580025,0.031551883038251335,0.06355300945334917,2.160259648422018,2.140239772804535,2.1802795240395008,12.670508714850953,12.496201523794841,12.844815905907065,0.17751939580978893,0.16590159646832423,0.18913719515125363,101.2149199394769,72.29252563613957,130.13731424281423,0.9995867008793519,0.9240649383662681,True,True,,,,1.283630493442075,0,False,False,,,,,,,,,,,,,,,,,,False,False,False,,False,,True,False,False,,Sheet2,Sheet3,Sheet4,Sheet5,Sheet6
patient_10b_exp_1,2023_07_10_CGNs_isolated0807_CSF_2_480nm-fitc_svi_ROI_min0.1.xlsx,10b_1..25/2023_07_10_CGNs_isolated0807_CSF_2_480nm-fitc_svi_ROI_min0.1.xlsx,10b,SMA,1_25,ROI_105,DB,0.014164305949008499,False,2.5241139909944392,11.570650892966,344.0,59.38271245869462,1,False,True,3.71888326302285e-05,-0.01504144870036658,0.015115826365627038,2.2317162834728883,2.2148904982471276,2.248542068698649,10.625196503748914,10.488245303993308,10.76214770350452,0.3162977336639107,0.3062744731745615,0.3263209941532598,100.00087270661446,85.56637410480086,114.43537130842806,0.9995583687724252,0.8758649946442076,True,True,,,,2.3038482812179897,0,False,False,,,,,,,,,,,,,,,,,,False,False,False,,False,,True,False,False,,Sheet2,Sheet3,Sheet4,Sheet5,Sheet6
patient_10b_exp_1,2023_07_10_CGNs_isolated0807_CSF_2_480nm-fitc_svi_ROI_min0.1.xlsx,10b_1..25/2023_07_10_CGNs_isolated0807_CSF_2_480nm-fitc_svi_ROI_min0.1.xlsx,10b,SMA,1_25,ROI_106,DC,0.09348441926345609,False,2.453005817692564,10.89310359480885,344.0,58.45845549949523,1,False,True,0.022875806023891294,-0.019807164855136696,0.06555877690291928,2.2957146666927324,2.2743962057769695,2.3170331276084952,9.684910416356377,9.50979222284092,9.860028609871835,0.21222944380565414,0.1844762526503404,0.2399826349609679,140.44861371381424,77.6753529539429,203.22187447368557,0.9986838019202434,0.915377123869208,True,True,,,,1.2500803000336007,0,False,False,,,,,,,,,,,,,,,,,,False,False,False,,False,,True,False,False,,Sheet2,Sheet3,Sheet4,Sheet5,Sheet6
patient_10b_exp_1,2023_07_10_CGNs_isolated0807_CSF_2_480nm-fitc_svi_ROI_min0.1.xlsx,10b_1..25/2023_07_10_CGNs_isolated0807_CSF_2_480nm-fitc_svi_ROI_min0.1.xlsx,10b,SMA,1_25,ROI_107,DD,0.0,False,2.11458192973819,16.486500804626928,344.0,96.38655167343953,1,False,True,0.08256963797162381,0.03502428359867935,0.13011499234456828,1.4129961208388853,1.3429254758165157,1.4830667658612549,14.354929931933341,13.426525414214822,15.28333444965186,0.5442655159348437,0.502321503789731,0.5862095280799565,100.00000258383155,70.57439476716563,129.42561040049745,0.9957671634373534,0.7219250070052009,True,True,,,,13.246690487128797,0,False,False,,,,,,,,,,,,,,,,,,False,False,False,,False,,True,False,False,,Sheet2,Sheet3,Sheet4,Sheet5,Sheet6
patient_10b_exp_1,2023_07_10_CGNs_isolated0807_CSF_2_480nm-fitc_svi_ROI_min0.1.xlsx,10b_1..25/2023_07_10_CGNs_isolated0807_CSF_2_480nm-fitc_svi_ROI_min0.1.xlsx,10b,SMA,1_25,ROI_108,DE,0.0,False,4.398458061092127,11.491000661297676,343.0,170.80880188326523,1,False,True,3.0661825986375254e-09,,,3.979124132761665,3.863422126445281,4.094826139078049,7.772852970117113,7.328209179511315,8.217496760722911,0.9214945363006795,0.8644027513999786,0.9785863212013803,227.87753798270015,193.67773353180453,262.0773424335958,0.9759009355456136,0.811963631833245,True,True,,,,1.6506471103766995,0,False,False,,,,,,,,,,,,,,,,,,False,False,False,,False,,True,False,False,,Sheet2,Sheet3,Sheet4,Sheet5,Sheet6
patient_10b_exp_1,2023_07_10_CGNs_isolated0807_CSF_2_480nm-fitc_svi_ROI_min0.1.xlsx,10b_1..25/2023_07_10_CGNs_isolated0807_CSF_2_480nm-fitc_svi_ROI_min0.1.xlsx,10b,SMA,1_25,ROI_109,DF,0.00424929178470255,False,4.397942475684307,12.176328683445206,343.0,74.96693676753796,1,False,True,0.014456510067836017,-0.13230582676163824,0.16121884689731028,4.66214115885431,4.559311388323686,4.764970929384934,13.295834893130689,12.838154707181069,13.753515079080309,0.0014747369338143335,-0.07257279980926432,0.07552227367689299,130.22939017625163,-32737.731628200097,32998.190408552604,0.9968050635655751,0.9996837782169955,True,True,,,,1.6130466984516896,0,False,False,,,,,,,,,,,,,,,,,,False,False,False,,False,,True,False,False,,Sheet2,Sheet3,Sheet4,Sheet5,Sheet6
patient_10b_exp_1,2023_07_10_CGNs_isolated0807_CSF_2_480nm-fitc_svi_ROI_min0.1.xlsx,10b_1..25/2023_07_10_CGNs_isolated0807_CSF_2_480nm-fitc_svi_ROI_min0.1.xlsx,10b,SMA,1_25,ROI_110,DG,0.029745042492917848,False,3.1144038894430137,12.325653173446142,344.0,74.6281827379828,1,False,True,0.05238578631478449,0.016146914151281472,0.0886246584782875,2.8810459822459955,2.837870692138057,2.924221272353934,11.656193289924616,11.378162316502452,11.93422426334678,0.21519595911053915,0.18984578185791323,0.24054613636316508,100.16496823948195,47.64840799435627,152.68152848460764,0.9985419543418872,0.9304976926266115,True,True,,,,0.5538665321851328,0,False,False,,,,,,,,,,,,,,,,,,False,False,False,,False,,True,False,False,,Sheet2,Sheet3,Sheet4,Sheet5,Sheet6
patient_10b_exp_1,2023_07_10_CGNs_isolated0807_CSF_2_480nm-fitc_svi_ROI_min0.1.xlsx,10b_1..25/2023_07_10_CGNs_isolated0807_CSF_2_480nm-fitc_svi_ROI_min0.1.xlsx,10b,SMA,1_25,ROI_111,DH,0.0028328611898017,False,2.8631469087095227,8.49601156836053,343.0,41.67389559266945,1,False,True,0.004836376159303763,-0.040179033136698135,0.04985178545530566,2.980304712411477,2.9354894067285215,3.025120018094433,8.123089163577562,7.883145131374288,8.363033195780837,0.12082498228733507,0.09218667195191169,0.14946329262275845,100.07570965908491,-4.900829004601448,205.05224832277128,0.995961946382497,0.9610383975575487,True,True,,,,2.5751399591917674,0,False,False,,,,,,,,,,,,,,,,,,False,False,False,,False,,True,False,False,,Sheet2,Sheet3,Sheet4,Sheet5,Sheet6
patient_10b_exp_1,2023_07_10_CGNs_isolated0807_CSF_2_480nm-fitc_svi_ROI_min0.1.xlsx,10b_1..25/2023_07_10_CGNs_isolated0807_CSF_2_480nm-fitc_svi_ROI_min0.1.xlsx,10b,SMA,1_25,ROI_112,DI,0.031161473087818695,False,0.9612559494566794,13.006521133059266,344.0,33.36941139811102,1,False,True,7.357565106485848e-10,,,0.711695251991306,0.6783655695181166,0.7450249344644955,9.472839685874396,8.560939794615384,10.384739577133407,0.2672248441999071,0.2394559824863039,0.2949937059135103,100.00000052220918,87.02686823132323,112.97313281309512,0.9712154615771432,0.7270207801028635,True,True,,,,1.058945291766047,0,False,False,,,,,,,,,,,,,,,,,,False,False,False,,False,,True,False,False,,Sheet2,Sheet3,Sheet4,Sheet5,Sheet6
patient_10b_exp_1,2023_07_10_CGNs_isolated0807_CSF_2_480nm-fitc_svi_ROI_min0.1.xlsx,10b_1..25/2023_07_10_CGNs_isolated0807_CSF_2_480nm-fitc_svi_ROI_min0.1.xlsx,10b,SMA,1_25,ROI_113,DJ,0.0,False,4.446237950455827,10.695607260474617,344.0,78.14068342251068,1,False,True,8.832726956438418e-09,,,4.483264862479757,4.442308351051815,4.524221373907699,9.427250405093988,9.253692190040445,9.60080862014753,0.14970351040843435,0.1272316382399884,0.1721753825768803,280.1864532932255,164.46652102199363,395.90638556445737,0.9969747397270031,0.9676873446224048,True,True,,,,4.35416467943214,0,False,False,,,,,,,,,,,,,,,,,,False,False,False,,False,,True,False,False,,Sheet2,Sheet3,Sheet4,Sheet5,Sheet6
patient_10b_exp_1,2023_07_10_CGNs_isolated0807_CSF_2_480nm-fitc_svi_ROI_min0.1.xlsx,10b_1..25/2023_07_10_CGNs_isolated0807_CSF_2_480nm-fitc_svi_ROI_min0.1.xlsx,10b,SMA,1_25,ROI_114,DK,0.05099150141643059,False,5.009674061688881,10.447946507027495,343.0,80.78009257320163,1,False,True,8.993256876452786e-05,-0.5802864773086596,0.5804663424461887,5.221088259883926,5.174609913755255,5.267566606012597,10.63562109096479,10.442267845795497,10.828974336134083,0.09296412934315251,-0.4495898192986984,0.6355180779850034,335.1982670833466,-2662.5519216354223,3332.948455802116,0.9983357676588401,0.9825059817754875,True,True,,,,2.141813323953,0,False,False,,,,,,,,,,,,,,,,,,False,False,False,,False,,True,False,False,,Sheet2,Sheet3,Sheet4,Sheet5,Sheet6
patient_10b_exp_1,2023_07_10_CGNs_isolated0807_CSF_2_480nm-fitc_svi_ROI_min0.1.xlsx,10b_1..25/2023_07_10_CGNs_isolated0807_CSF_2_480nm-fitc_svi_ROI_min0.1.xlsx,10b,SMA,1_25,ROI_115,DL,0.00141643059490085,False,3.8274945254984862,9.139843247423357,343.0,58.242496023895,1,False,True,8.221482022078742e-05,-0.598999439415929,0.5991638690563705,4.095937668961754,4.035385301087122,4.156490036836385,8.570681351480621,8.3058059294816,8.835556773479642,0.10518896656469966,-0.4526484761210193,0.6630264092504187,304.90310038476974,-2226.652162521418,2836.458363290958,0.9940676389746449,0.9749617243919337,True,True,,,,1.6087197822538153,0,False,False,,,,,,,,,,,,,,,,,,False,False,False,,False,,True,False,False,,Sheet2,Sheet3,Sheet4,Sheet5,Sheet6
patient_10b_exp_1,2023_07_10_CGNs_isolated0807_CSF_2_480nm-fitc_svi_ROI_min0.1.xlsx,10b_1..25/2023_07_10_CGNs_isolated0807_CSF_2_480nm-fitc_svi_ROI_min0.1.xlsx,10b,SMA,1_25,ROI_116,DM,0.0,False,1.8575765196850125,10.40525791215947,344.0,38.9997587364563,1,False,True,0.00021145590949049088,-0.01917921752417219,0.019602129343153175,1.7028819720718769,1.682619847816818,1.7231440963269358,9.443031453127764,9.23616187296254,9.649901033292988,0.18859964876089635,0.17617369805908184,0.20102559946271087,100.00057881932004,69.90951039411448,130.0916472445256,0.99839219332371,0.9002899913572195,True,True,,,,2.6299463157141734,0,False,False,,,,,,,,,,,,,,,,,,False,False,False,,False,,True,False,False,,Sheet2,Sheet3,Sheet4,Sheet5,Sheet6
patient_10b_exp_1,2023_07_10_CGNs_isolated0807_CSF_2_480nm-fitc_svi_ROI_min0.1.xlsx,10b_1..25/2023_07_10_CGNs_isolated0807_CSF_2_480nm-fitc_svi_ROI_min0.1.xlsx,10b,SMA,1_25,ROI_117,DN,0.042492917847025496,False,1.492194101516612,8.733088165380423,344.0,32.63604768404966,1,False,True,0.03554678695985739,0.014645484445187935,0.05644808947452685,1.3659181088618737,1.3450753132597641,1.3867609044639833,8.126281683227406,7.882760185134618,8.369803181320194,0.08527158333817714,0.07196424450466911,0.09857892217168517,100.00032992146087,30.934989339543876,169.06567050337787,0.9960096847200928,0.9412402225591179,True,True,,,,2.064270671369465,0,False,False,,,,,,,,,,,,,,,,,,False,False,False,,False,,True,False,False,,Sheet2,Sheet3,Sheet4,Sheet5,Sheet6
patient_10b_exp_1,2023_07_10_CGNs_isolated0807_CSF_2_480nm-fitc_svi_ROI_min0.1.xlsx,10b_1..25/2023_07_10_CGNs_isolated0807_CSF_2_480nm-fitc_svi_ROI_min0.1.xlsx,10b,SMA,1_25,ROI_118,DO,0.00424929178470255,False,3.3668505187205353,10.944848092174311,344.0,72.54149897551602,1,False,True,9.395149442226105e-10,,,2.9173624809410446,2.8929172315142244,2.9418077303678647,10.886055702147335,10.709261505654279,11.06284989864039,0.35029449710347066,0.33880653703369856,0.36178245717324276,100.0000000000851,,,0.9977742231225362,0.8927994892190001,True,True,,,,3.9354570405708484,0,False,False,,,,,,,,,,,,,,,,,,False,False,False,,False,,True,False,False,,Sheet2,Sheet3,Sheet4,Sheet5,Sheet6
patient_10b_exp_1,2023_07_10_CGNs_isolated0807_CSF_2_480nm-fitc_svi_ROI_min0.1.xlsx,10b_1..25/2023_07_10_CGNs_isolated0807_CSF_2_480nm-fitc_svi_ROI_min0.1.xlsx,10b,SMA,1_25,ROI_119,DP,0.0056657223796034,False,3.8959291295325778,8.10468048945512,343.0,48.394225898707994,1,False,True,2.9997647615548337e-10,,,4.063885139549956,4.0228091331577644,4.104961145942147,7.191372408691719,7.045265750747175,7.337479066636263,0.10608940487055987,0.08267073101063843,0.1295080787304813,134.4284046976037,84.97429573551139,183.882513659696,0.9964555618409199,0.9745587404094567,True,True,,,,3.6839612492953258,0,False,False,,,,,,,,,,,,,,,,,,False,False,False,,False,,True,False,False,,Sheet2,Sheet3,Sheet4,Sheet5,Sheet6
patient_10b_exp_1,2023_07_10_CGNs_isolated0807_CSF_2_480nm-fitc_svi_ROI_min0.1.xlsx,10b_1..25/2023_07_10_CGNs_isolated0807_CSF_2_480nm-fitc_svi_ROI_min0.1.xlsx,10b,SMA,1_25,ROI_120,DQ,0.141643059490085,False,2.3430771841594025,6.727983374407188,343.0,32.887355637093634,1,False,True,0.008948622343126832,-0.021015485515481443,0.03891273020173511,2.3837143739737865,2.3537422564354036,2.4136864915121694,5.964644951663481,5.810326826479115,6.118963076847847,0.13493835362949008,0.11491648827637957,0.1549602189826006,100.30436734001938,41.508135357324804,159.10059932271395,0.9958798306427785,0.9464243910442167,True,True,,,,0.3639627895043435,0,False,False,,,,,,,,,,,,,,,,,,False,False,False,,False,,True,False,False,,Sheet2,Sheet3,Sheet4,Sheet5,Sheet6
patient_10b_exp_1,2023_07_10_CGNs_isolated0807_CSF_2_480nm-fitc_svi_ROI_min0.1.xlsx,10b_1..25/2023_07_10_CGNs_isolated0807_CSF_2_480nm-fitc_svi_ROI_min0.1.xlsx,10b,SMA,1_25,ROI_121,DR,0.00424929178470255,False,3.3962121184419636,8.949645567601408,343.0,72.17849083457332,1,False,True,6.218407188989572e-10,,,3.418355266645663,3.215466136995804,3.6212443962955216,7.119381024383146,6.2811722898208995,7.957589758945392,0.36922395101674016,0.2630520620227934,0.4753958400106869,159.46531340282914,73.1149320224066,245.81569478325167,0.898942343700937,0.9025171673519172,True,True,,,,1.1417953486681178,0,False,False,,,,,,,,,,,,,,,,,,False,False,False,,False,,True,False,False,,Sheet2,Sheet3,Sheet4,Sheet5,Sheet6
patient_10b_exp_1,2023_07_10_CGNs_isolated0807_CSF_2_480nm-fitc_svi_ROI_min0.1.xlsx,10b_1..25/2023_07_10_CGNs_isolated0807_CSF_2_480nm-fitc_svi_ROI_min0.1.xlsx,10b,SMA,1_25,ROI_122,DS,0.025495750708215296,False,4.245735775331121,8.95578900238769,343.0,59.694626432264954,1,False,True,0.049273890472633766,-10.988763699976163,11.08731148092143,4.543305120613617,4.481195783851548,4.605414457375686,8.296187383624144,8.058388387672023,8.533986379576264,0.00659218592728299,-10.99270498589835,11.005889357752917,1291.553459237879,-2368371.669141565,2370954.7760600406,0.9940595157727937,0.9985511352272048,True,True,,,,0.7898129149514301,0,False,False,,,,,,,,,,,,,,,,,,False,False,False,,False,,True,False,False,,Sheet2,Sheet3,Sheet4,Sheet5,Sheet6
patient_10b_exp_1,2023_07_10_CGNs_isolated0807_CSF_2_480nm-fitc_svi_ROI_min0.1.xlsx,10b_1..25/2023_07_10_CGNs_isolated0807_CSF_2_480nm-fitc_svi_ROI_min0.1.xlsx,10b,SMA,1_25,ROI_123,DT,0.26345609065155806,False,5.183255147527784,9.890989926781344,343.0,65.30392138931599,1,False,True,0.005645448681690554,-0.10475799527209677,0.11604889263547787,5.567147398016017,5.448510769344705,5.685784026687329,9.57856026141216,9.21484160539583,9.942278917428492,6.566766347878981e-07,-0.0721757784462653,0.07217709179953488,100.49342548016581,-49321940.60328715,49322141.590138115,0.9939894703157933,0.9999998820443379,True,True,,,,1.140989296135274,0,False,False,,,,,,,,,,,,,,,,,,False,False,False,,False,,True,False,False,,Sheet2,Sheet3,Sheet4,Sheet5,Sheet6
patient_10b_exp_1,2023_07_10_CGNs_isolated0807_CSF_2_480nm-fitc_svi_ROI_min0.1.xlsx,10b_1..25/2023_07_10_CGNs_isolated0807_CSF_2_480nm-fitc_svi_ROI_min0.1.xlsx,10b,SMA,1_25,ROI_124,DU,0.10906515580736544,False,2.4478883975238688,10.336845276359895,343.0,55.369184274071074,1,False,True,0.0004012663254021111,-0.12389997284864362,0.12470250549944784,2.3908562444111636,2.3672244937967855,2.414487995025542,10.235878551178592,10.032499784659821,10.439257317697363,0.18044106486558112,0.07491199924325732,0.2859701304879049,221.63684958558056,-37.590684724780346,480.8643838959415,0.9982020790303414,0.9298248925884283,True,True,,,,1.9691503562793171,0,False,False,,,,,,,,,,,,,,,,,,False,False,False,,False,,True,False,False,,Sheet2,Sheet3,Sheet4,Sheet5,Sheet6
patient_10b_exp_1,2023_07_10_CGNs_isolated0807_CSF_2_480nm-fitc_svi_ROI_min0.1.xlsx,10b_1..25/2023_07_10_CGNs_isolated0807_CSF_2_480nm-fitc_svi_ROI_min0.1.xlsx,10b,SMA,1_25,ROI_125,DV,0.0113314447592068,False,2.70407412344238,14.044520744321858,344.0,84.4354762006868,2,True,True,0.01518865924935619,-0.11538499564896534,0.14576231414767774,2.288337478799438,2.1880072806056163,2.38866767699326,11.759877493337992,10.891707114307035,12.628047872368949,0.45161862533634406,0.3829556688799483,0.5202815817927399,120.54542332115788,29.143757342901978,211.9470892994138,0.9873457188422428,0.8351730435919555,True,True,0.15191394162292182,8.634175425390112,201.0,3.837521533955844,1,False,True,0.04117951097065236,-203.56438944204262,203.64674846398395,0.10182027008088289,-0.031411306789536284,0.23505184695130205,5.087915244065752,-1.1475313558084075,11.323361843939912,0.010794428931004366,-203.46068011793557,203.48226897579758,754.4023359551147,-14749913.078636834,14751421.883308744,0.8799193485677698,0.9041472469782569,True,True,False,,False,,True,True,False,,Sheet2,Sheet3,Sheet4,Sheet5,Sheet6
patient_10b_exp_1,2023_07_10_CGNs_isolated0807_CSF_2_480nm-fitc_svi_ROI_min0.1.xlsx,10b_1..25/2023_07_10_CGNs_isolated0807_CSF_2_480nm-fitc_svi_ROI_min0.1.xlsx,10b,SMA,1_25,ROI_126,DW,0.0169971671388102,False,2.123605833519363,12.648812380496565,344.0,56.19653521955454,1,False,True,0.014138817229684872,-0.01390117942566498,0.04217881388503472,1.8900368240604104,1.8567994461953707,1.92327420192545,11.531737503710527,11.206253829288332,11.857221178132722,0.2718377736086935,0.2522859191831335,0.2913896280342535,100.01170237060965,67.9576140914144,132.0657906498049,0.9981608998967223,0.8742583062395087,True,True,,,,3.8075660955229256,0,False,False,,,,,,,,,,,,,,,,,,False,False,False,,False,,True,False,False,,Sheet2,Sheet3,Sheet4,Sheet5,Sheet6
patient_10b_exp_1,2023_07_10_CGNs_isolated0807_CSF_2_480nm-fitc_svi_ROI_min0.1.xlsx,10b_1..25/2023_07_10_CGNs_isolated0807_CSF_2_480nm-fitc_svi_ROI_min0.1.xlsx,10b,SMA,1_25,ROI_127,DX,0.00141643059490085,False,5.1885601000020145,9.659501864728725,343.0,105.64462277430823,1,False,True,3.7978423682869314e-07,-3.1727954395615576,3.1727961991300315,5.211413405771465,5.147920945788231,5.2749058657546986,10.824906403699421,10.550716245790086,11.099096561608755,0.1977766639566276,-2.923719335980346,3.319272663893601,658.1243063123043,-12068.974541775677,13385.223154400284,0.9966035751716468,0.9634369172820415,True,True,,,,7.467630075840053,0,False,False,,,,,,,,,,,,,,,,,,False,False,False,,False,,True,False,False,,Sheet2,Sheet3,Sheet4,Sheet5,Sheet6
patient_10b_exp_1,2023_07_10_CGNs_isolated0807_CSF_2_480nm-fitc_svi_ROI_min0.1.xlsx,10b_1..25/2023_07_10_CGNs_isolated0807_CSF_2_480nm-fitc_svi_ROI_min0.1.xlsx,10b,SMA,1_25,ROI_128,DY,0.32011331444759206,False,4.295844837474536,8.878740935586336,343.0,45.23486957682931,1,False,True,6.282002365875933e-07,-0.0119566788817435,0.011957935282216673,4.743974922505234,4.67750547709075,4.810444367919717,7.898076550034149,7.718465674095262,8.077687425973036,8.381396552492812e-10,,,100.00083062933892,-1771405245.116764,1771405445.1184254,0.9921358263961787,0.9999999998233255,True,True,,,,0.06734672912418242,0,False,False,,,,,,,,,,,,,,,,,,False,False,False,,False,,True,False,False,,Sheet2,Sheet3,Sheet4,Sheet5,Sheet6
patient_10b_exp_1,2023_07_10_CGNs_isolated0807_CSF_2_480nm-fitc_svi_ROI_min0.1.xlsx,10b_1..25/2023_07_10_CGNs_isolated0807_CSF_2_480nm-fitc_svi_ROI_min0.1.xlsx,10b,SMA,1_25,ROI_129,DZ,0.00141643059490085,False,3.9933235417459993,7.791283781635855,343.0,57.421388263144166,1,False,True,0.015449519397440355,-0.04340841502835493,0.07430745382323564,4.020244039216917,3.9614036486297888,4.079084429804045,8.243690410693821,8.007861982708762,8.47951883867888,0.13851418057723977,0.10107457732047914,0.1759537838340004,100.01312152374746,-20.12524622572667,220.15148927322159,0.9962382789034869,0.9666933797887158,True,True,,,,2.3702967520423286,0,False,False,,,,,,,,,,,,,,,,,,False,False,False,,False,,True,False,False,,Sheet2,Sheet3,Sheet4,Sheet5,Sheet6
patient_10b_exp_1,2023_07_10_CGNs_isolated0807_CSF_2_480nm-fitc_svi_ROI_min0.1.xlsx,10b_1..25/2023_07_10_CGNs_isolated0807_CSF_2_480nm-fitc_svi_ROI_min0.1.xlsx,10b,SMA,1_25,ROI_130,EA,0.04815864022662889,False,3.0901246933180695,8.699843384074882,343.0,46.30832691028655,1,False,True,0.027708401416012645,-0.07380164836669188,0.12921845119871717,3.2889251446158374,3.2156942941922626,3.362155995039412,8.263397666131548,7.895692945576694,8.6311023866864,0.07009004941643443,0.007932536929749129,0.13224756190311973,116.87536039417395,-302.829434136832,536.5801549251798,0.9900755630556326,0.9791337504096562,True,True,,,,0.9470311799075359,0,False,False,,,,,,,,,,,,,,,,,,False,False,False,,False,,True,False,False,,Sheet2,Sheet3,Sheet4,Sheet5,Sheet6
patient_10b_exp_1,2023_07_10_CGNs_isolated0807_CSF_2_480nm-fitc_svi_ROI_min0.1.xlsx,10b_1..25/2023_07_10_CGNs_isolated0807_CSF_2_480nm-fitc_svi_ROI_min0.1.xlsx,10b,SMA,1_25,ROI_131,EB,0.09631728045325778,False,3.190430755393658,7.640717223142701,343.0,39.977513683847086,2,True,True,0.01601428020599326,-0.036281055752560507,0.06830961616454702,3.3483104206256287,3.2978214836593547,3.3987993575919027,7.287116235520383,7.06503001186165,7.509202459179116,0.06654107032346965,0.03307418817024932,0.10000795247668998,101.08842279792724,-115.37687481464401,317.5537204104985,0.9949353239899357,0.9805142125507262,True,True,0.16024149533762272,5.038971878995568,208.0,1.9759732723398362,1,False,True,0.012367743351861655,-2216.931023553133,2216.9557590398363,0.14951268603077425,0.062229258435155685,0.2367961136263928,2.50730962115561,0.08913134693133662,4.925487895379883,0.008147330629703905,-2216.8526600606388,2216.868954721898,2359.0135819485336,-647802011.382191,647806729.4093549,0.67607373788874,0.9483234189474352,True,True,False,,False,,True,True,False,,Sheet2,Sheet3,Sheet4,Sheet5,Sheet6
patient_10b_exp_1,2023_07_10_CGNs_isolated0807_CSF_2_480nm-fitc_svi_ROI_min0.1.xlsx,10b_1..25/2023_07_10_CGNs_isolated0807_CSF_2_480nm-fitc_svi_ROI_min0.1.xlsx,10b,SMA,1_25,ROI_132,EC,0.042492917847025496,False,1.328496288757755,9.381919527906064,344.0,26.330127353473024,1,False,True,0.002888817471385047,-0.025460304895478396,0.03123793983824849,1.2539242157307904,1.2260172945748953,1.2818311368866855,7.521098603537531,7.185289638063057,7.856907569012006,0.1389459631585763,0.12078464715949908,0.15710727915765352,100.17592002008584,43.67189439880911,156.67994564136256,0.9911833308226524,0.9002448575147415,True,True,,,,1.5707754603492916,0,False,False,,,,,,,,,,,,,,,,,,False,False,False,,False,,True,False,False,,Sheet2,Sheet3,Sheet4,Sheet5,Sheet6
patient_10b_exp_1,2023_07_10_CGNs_isolated0807_CSF_2_480nm-fitc_svi_ROI_min0.1.xlsx,10b_1..25/2023_07_10_CGNs_isolated0807_CSF_2_480nm-fitc_svi_ROI_min0.1.xlsx,10b,SMA,1_25,ROI_133,ED,0.046742209631728045,False,1.6773078382414004,9.673144317481388,344.0,38.97997100792339,1,False,True,0.0005652263372901666,-0.04746259512929789,0.04859304780387823,1.526145982959601,1.5144409086617117,1.5378510572574902,8.825396007824635,8.686041755115717,8.964750260533553,0.1574394787954338,0.11766145240809944,0.19721750518276815,197.33436735936954,90.66970164236581,303.9990330763733,0.9987424267461941,0.9064856032723679,True,True,,,,1.4175782090324016,0,False,False,,,,,,,,,,,,,,,,,,False,False,False,,False,,True,False,False,,Sheet2,Sheet3,Sheet4,Sheet5,Sheet6
patient_10b_exp_1,2023_07_10_CGNs_isolated0807_CSF_2_480nm-fitc_svi_ROI_min0.1.xlsx,10b_1..25/2023_07_10_CGNs_isolated0807_CSF_2_480nm-fitc_svi_ROI_min0.1.xlsx,10b,SMA,1_25,ROI_134,EE,0.0028328611898017,False,3.6769081105953565,8.449686324258892,343.0,59.29319940423802,1,False,True,0.00010030986269622627,-4.695792528739708,4.6959931484651,3.892179002725719,3.8433099213140425,3.941048084137395,7.540923903303454,7.344383811727941,7.737463994878966,0.11438113025444095,-4.553552587021319,4.782314847530201,972.0761463766343,-43990.44131107936,45934.593603832625,0.9947899951879569,0.9714515378633886,True,True,,,,1.830392385065571,0,False,False,,,,,,,,,,,,,,,,,,False,False,False,,False,,True,False,False,,Sheet2,Sheet3,Sheet4,Sheet5,Sheet6
patient_10b_exp_1,2023_07_10_CGNs_isolated0807_CSF_2_480nm-fitc_svi_ROI_min0.1.xlsx,10b_1..25/2023_07_10_CGNs_isolated0807_CSF_2_480nm-fitc_svi_ROI_min0.1.xlsx,10b,SMA,1_25,ROI_135,EF,0.0056657223796034,False,2.589234849360295,13.552541640825496,344.0,71.55032144614094,1,False,True,0.011419929684868537,-0.0233529917803353,0.04619285115007238,2.2074045323138956,2.161679830721813,2.253129233905978,12.919886994085667,12.531868436285897,13.307905551885437,0.36444278783816747,0.3375677454595738,0.39131783021676114,100.0008268511066,69.15053079333263,130.85112290888057,0.9983765475505342,0.8582953253163491,True,True,,,,0.9641258262095794,0,False,False,,,,,,,,,,,,,,,,,,False,False,False,,False,,True,False,False,,Sheet2,Sheet3,Sheet4,Sheet5,Sheet6
patient_10b_exp_1,2023_07_10_CGNs_isolated0807_CSF_2_480nm-fitc_svi_ROI_min0.1.xlsx,10b_1..25/2023_07_10_CGNs_isolated0807_CSF_2_480nm-fitc_svi_ROI_min0.1.xlsx,10b,SMA,1_25,ROI_136,EG,0.11189801699716714,False,1.3271236126008688,10.036136021228742,344.0,32.582205843256304,1,False,True,0.06587134198710135,0.04498511901610662,0.08675756495809607,1.2790864783447153,1.264091737756983,1.2940812189324478,9.810644829679642,9.594374314020268,10.026915345339017,0.007860859299541886,-0.004094332353679097,0.01981605095276287,119.16993286317188,-682.4377339013926,920.7775996277363,0.9979599781475892,0.9938918562791146,True,True,,,,0.3797227742860416,0,False,False,,,,,,,,,,,,,,,,,,False,False,False,,False,,True,False,False,,Sheet2,Sheet3,Sheet4,Sheet5,Sheet6
patient_10b_exp_1,2023_07_10_CGNs_isolated0807_CSF_2_480nm-fitc_svi_ROI_min0.1.xlsx,10b_1..25/2023_07_10_CGNs_isolated0807_CSF_2_480nm-fitc_svi_ROI_min0.1.xlsx,10b,SMA,1_25,ROI_137,EH,0.009915014164305949,False,2.526844531657805,11.394621724462468,344.0,55.72792309811495,1,False,True,0.037040871396457946,-0.0005550309497441563,0.07463677374266005,2.3693019941840614,2.3254414053155434,2.4131625830525794,11.331519338518818,10.989897277333299,11.673141399704338,0.15160793173491044,0.1257657260559018,0.17745013741391907,100.09160647987667,23.47100123204153,176.7122117277118,0.9975087990777373,0.9398598378402421,True,True,,,,1.5128195985225537,0,False,False,,,,,,,,,,,,,,,,,,False,False,False,,False,,True,False,False,,Sheet2,Sheet3,Sheet4,Sheet5,Sheet6
patient_10b_exp_1,2023_07_10_CGNs_isolated0807_CSF_2_480nm-fitc_svi_ROI_min0.1.xlsx,10b_1..25/2023_07_10_CGNs_isolated0807_CSF_2_480nm-fitc_svi_ROI_min0.1.xlsx,10b,SMA,1_25,ROI_138,EI,0.00141643059490085,False,2.731698083245043,10.926293609838865,344.0,62.82903684940898,1,False,True,0.04114575362438249,0.008072074767782225,0.07421943248098276,2.5413526323364923,2.5078787648882632,2.5748264997847214,9.884343956619928,9.6492768853271,10.119411027912756,0.22921917974222442,0.2087327152621682,0.24970564422228064,102.40943464405227,59.579766425381216,145.2391028627233,0.9981292186214483,0.9172664723062187,True,True,,,,4.734947897036625,0,False,False,,,,,,,,,,,,,,,,,,False,False,False,,False,,True,False,False,,Sheet2,Sheet3,Sheet4,Sheet5,Sheet6
patient_10b_exp_1,2023_07_10_CGNs_isolated0807_CSF_2_480nm-fitc_svi_ROI_min0.1.xlsx,10b_1..25/2023_07_10_CGNs_isolated0807_CSF_2_480nm-fitc_svi_ROI_min0.1.xlsx,10b,SMA,1_25,ROI_139,EJ,0.0056657223796034,False,1.9410886316452305,9.9443976327874,344.0,48.26401159133067,1,False,True,3.782058577162786e-08,-0.04108151816977727,0.04108159381094882,1.7067227573370476,1.6870213973058725,1.7264241173682227,8.528808394786518,8.329415673405192,8.728201116167844,0.2518712628747438,0.22352405804063052,0.2802184677088571,142.33203625867955,92.34662116007061,192.3174513572885,0.9976282245780863,0.871402005583828,True,True,,,,2.714080776144357,0,False,False,,,,,,,,,,,,,,,,,,False,False,False,,False,,True,False,False,,Sheet2,Sheet3,Sheet4,Sheet5,Sheet6
patient_10b_exp_1,2023_07_10_CGNs_isolated0807_CSF_2_480nm-fitc_svi_ROI_min0.1.xlsx,10b_1..25/2023_07_10_CGNs_isolated0807_CSF_2_480nm-fitc_svi_ROI_min0.1.xlsx,10b,SMA,1_25,ROI_140,EK,0.012747875354107648,False,4.300073790384437,7.188301560510581,343.0,46.21780343610805,1,False,True,6.632292299441243e-05,-0.22267219617762032,0.22280484202360915,4.556111033995712,4.5026902447587105,4.609531823232713,6.371651850792544,6.217606466770696,6.525697234814392,0.06313850711137495,-0.13184388623698826,0.2581209004597381,208.4594740163441,-1019.7425801415166,1436.6615281742047,0.9955544007788291,0.986331436189039,True,True,,,,1.9966840696864585,0,False,False,,,,,,,,,,,,,,,,,,False,False,False,,False,,True,False,False,,Sheet2,Sheet3,Sheet4,Sheet5,Sheet6
patient_10b_exp_1,2023_07_10_CGNs_isolated0807_CSF_2_480nm-fitc_svi_ROI_min0.1.xlsx,10b_1..25/2023_07_10_CGNs_isolated0807_CSF_2_480nm-fitc_svi_ROI_min0.1.xlsx,10b,SMA,1_25,ROI_141,EL,0.14447592067988668,False,3.1676635480925324,8.542252076049806,343.0,42.257996364517155,1,False,True,6.16959822503387e-08,-0.031147685415094682,0.031147808807059182,3.1753144541401306,3.144060822810097,3.206568085470164,8.373607039065801,8.213404839076048,8.533809239055554,0.12321842661403314,0.10341342944160596,0.14302342378646032,100.00003952653442,28.262598770898535,171.7374802821703,0.9983625913690158,0.9626444752656639,True,True,,,,2.1177934325398073,0,False,False,,,,,,,,,,,,,,,,,,False,False,False,,False,,True,False,False,,Sheet2,Sheet3,Sheet4,Sheet5,Sheet6
patient_10b_exp_1,2023_07_10_CGNs_isolated0807_CSF_2_480nm-fitc_svi_ROI_min0.1.xlsx,10b_1..25/2023_07_10_CGNs_isolated0807_CSF_2_480nm-fitc_svi_ROI_min0.1.xlsx,10b,SMA,1_25,ROI_142,EM,0.07932011331444759,False,1.5095755846843457,8.987966422156887,343.0,52.38998654060536,1,False,True,0.06857208727657157,0.04402922336092241,0.09311495119222074,1.2823000027412732,1.2580566287258694,1.306543376756677,6.834508770502959,6.571042829061999,7.097974711943919,0.2614178539964298,0.2454371696329244,0.2773985383599352,100.0160068401973,74.53404123350474,125.49797244688988,0.9938930563532843,0.8306569734518217,True,True,,,,8.62851516025959,0,False,False,,,,,,,,,,,,,,,,,,False,False,False,,False,,True,False,False,,Sheet2,Sheet3,Sheet4,Sheet5,Sheet6
patient_10b_exp_1,2023_07_10_CGNs_isolated0807_CSF_2_480nm-fitc_svi_ROI_min0.1.xlsx,10b_1..25/2023_07_10_CGNs_isolated0807_CSF_2_480nm-fitc_svi_ROI_min0.1.xlsx,10b,SMA,1_25,ROI_143,EN,0.05240793201133145,False,2.988922054574567,8.956807199384343,343.0,48.081427878338744,1,False,True,0.002603170451196779,-0.029993617009675785,0.03519995791206934,2.9710765870219693,2.9374499475401916,3.004703226503747,9.159135768454334,8.96523747834922,9.353034058559448,0.1645730010737309,0.14377571259233207,0.18537028955512974,100.00413612136818,42.50610879194126,157.50216345079508,0.9982667036960154,0.9475154999147475,True,True,,,,1.1556091153673624,0,False,False,,,,,,,,,,,,,,,,,,False,False,False,,False,,True,False,False,,Sheet2,Sheet3,Sheet4,Sheet5,Sheet6
patient_10b_exp_1,2023_07_10_CGNs_isolated0807_CSF_2_480nm-fitc_svi_ROI_min0.1.xlsx,10b_1..25/2023_07_10_CGNs_isolated0807_CSF_2_480nm-fitc_svi_ROI_min0.1.xlsx,10b,SMA,1_25,ROI_144,EO,0.060906515580736544,False,1.8178819416974754,8.04325732182366,343.0,32.465252305022595,1,False,True,2.2535540378969274e-11,,,1.838990047818801,1.8161694057779327,1.8618106898596694,7.132719569208857,6.9556605341117494,7.309778604305964,0.14954087303378685,0.1369408040546867,0.162140942012887,141.79085909907744,121.09301771922347,162.4887004789314,0.995034202125242,0.9247983164527959,True,True,,,,3.072537788006727,0,False,False,,,,,,,,,,,,,,,,,,False,False,False,,False,,True,False,False,,Sheet2,Sheet3,Sheet4,Sheet5,Sheet6
patient_10b_exp_1,2023_07_10_CGNs_isolated0807_CSF_2_480nm-fitc_svi_ROI_min0.1.xlsx,10b_1..25/2023_07_10_CGNs_isolated0807_CSF_2_480nm-fitc_svi_ROI_min0.1.xlsx,10b,SMA,1_25,ROI_145,EP,0.09915014164305949,False,3.375115407464659,7.59110800691758,343.0,62.05118441842133,2,True,True,1.0737966965040173e-07,-0.12035192176047707,0.12035213651981638,3.319209338415052,3.1923980966767416,3.446020580153362,4.954099043876456,4.566375055545659,5.341823032207253,0.48672054056173986,0.4031074700600328,0.5703336110634469,100.00000026577665,36.46889171735673,163.53110881419656,0.9657531982710293,0.8721152107267429,True,True,,,,0.33818826573199945,0,False,False,,,,,,,,,,,,,,,,,,False,False,False,,False,,True,False,False,,Sheet2,Sheet3,Sheet4,Sheet5,Sheet6
patient_10b_exp_1,2023_07_10_CGNs_isolated0807_CSF_2_480nm-fitc_svi_ROI_min0.1.xlsx,10b_1..25/2023_07_10_CGNs_isolated0807_CSF_2_480nm-fitc_svi_ROI_min0.1.xlsx,10b,SMA,1_25,ROI_146,EQ,0.028328611898016998,False,3.420647857767331,10.40783457693243,343.0,56.45875192368409,1,False,True,6.227271819401331e-07,-0.15819308213704844,0.1581943275914123,3.5312275778114897,3.4911276348035445,3.571327520819435,10.890097663419747,10.650173196464204,11.13002213037529,0.08701100258853266,-0.03826242694821379,0.2122844321252791,194.3820221900592,-454.51730115625844,843.2813455363768,0.9979246707343201,0.9759521102174217,True,True,,,,1.8435804183743252,0,False,False,,,,,,,,,,,,,,,,,,False,False,False,,False,,True,False,False,,Sheet2,Sheet3,Sheet4,Sheet5,Sheet6
patient_10b_exp_1,2023_07_10_CGNs_isolated0807_CSF_2_480nm-fitc_svi_ROI_min0.1.xlsx,10b_1..25/2023_07_10_CGNs_isolated0807_CSF_2_480nm-fitc_svi_ROI_min0.1.xlsx,10b,SMA,1_25,ROI_147,ER,0.05524079320113314,False,3.635536098034968,9.844250754466032,343.0,47.93644891342233,1,False,True,0.0142688519546845,-0.13688945957839474,0.16542716348776373,4.040349548715582,3.9531814869364563,4.127517610494708,9.176557709254094,8.787441287711394,9.565674130796795,0.00044727582138220473,-0.09442393788875562,0.09531848953152004,130.74767390151175,-102361.4219261781,102622.91727398112,0.9913958560042926,0.9998893099948342,True,True,,,,1.390652963644916,0,False,False,,,,,,,,,,,,,,,,,,False,False,False,,False,,True,False,False,,Sheet2,Sheet3,Sheet4,Sheet5,Sheet6
patient_10b_exp_1,2023_07_10_CGNs_isolated0807_CSF_2_480nm-fitc_svi_ROI_min0.1.xlsx,10b_1..25/2023_07_10_CGNs_isolated0807_CSF_2_480nm-fitc_svi_ROI_min0.1.xlsx,10b,SMA,1_25,ROI_148,ES,0.039660056657223795,False,3.0142596712423955,8.572182343552072,343.0,46.56049973603385,1,False,True,0.0036346587301988205,-0.0431063493428437,0.050375666803241334,3.0973506023528703,3.055017334095174,3.1396838706105665,8.266653477589172,8.044287893913209,8.489019061265134,0.1575473603937708,0.12894336078636404,0.18615136000117755,104.83708515649212,20.41898893547331,189.25518137751095,0.996702718769478,0.9515968358464839,True,True,,,,1.6673798575151726,0,False,False,,,,,,,,,,,,,,,,,,False,False,False,,False,,True,False,False,,Sheet2,Sheet3,Sheet4,Sheet5,Sheet6
patient_10b_exp_1,2023_07_10_CGNs_isolated0807_CSF_2_480nm-fitc_svi_ROI_min0.1.xlsx,10b_1..25/2023_07_10_CGNs_isolated0807_CSF_2_480nm-fitc_svi_ROI_min0.1.xlsx,10b,SMA,1_25,ROI_149,ET,0.20538243626062322,False,1.972812129985713,7.681761119824273,343.0,23.518866268777,1,False,True,1.3947829320788902e-09,,,2.0261808080443795,2.0068461294207274,2.0455154866680316,7.637633555893411,7.487879401709002,7.787387710077821,0.06421401145647421,0.050668999462320605,0.07775902345062781,100.00000016664725,71.56478371684821,128.4352166164463,0.9972520284751255,0.9692813956208487,True,True,,,,1.1180547344591178,0,False,False,,,,,,,,,,,,,,,,,,False,False,False,,False,,True,False,False,,Sheet2,Sheet3,Sheet4,Sheet5,Sheet6
patient_10b_exp_1,2023_07_10_CGNs_isolated0807_CSF_2_480nm-fitc_svi_ROI_min0.1.xlsx,10b_1..25/2023_07_10_CGNs_isolated0807_CSF_2_480nm-fitc_svi_ROI_min0.1.xlsx,10b,SMA,1_25,ROI_150,EU,0.014164305949008499,False,3.390662377439326,10.89354150373049,343.0,84.09482710841596,1,False,True,2.1499435518457146e-07,-0.40798775741626714,0.40798818740497755,3.2635492452557617,3.214488678984369,3.3126098115271545,10.983893231130493,10.653662632234054,11.314123830026931,0.2610700674291744,-0.10593204648715199,0.6280721813455008,275.97576709184614,-391.3135357079112,943.2650698916035,0.9960341528794757,0.9259295701837654,True,True,,,,3.0491612053875503,0,False,False,,,,,,,,,,,,,,,,,,False,False,False,,False,,True,False,False,,Sheet2,Sheet3,Sheet4,Sheet5,Sheet6
patient_10b_exp_1,2023_07_10_CGNs_isolated0807_CSF_2_480nm-fitc_svi_ROI_min0.1.xlsx,10b_1..25/2023_07_10_CGNs_isolated0807_CSF_2_480nm-fitc_svi_ROI_min0.1.xlsx,10b,SMA,1_25,ROI_151,EV,0.0764872521246459,False,3.006839852880309,8.260258097117628,343.0,40.44657095714184,1,False,True,2.8677082271936453e-06,-0.03910715299548627,0.03911288841194066,3.0649214524540263,3.026060583506142,3.1037823214019107,7.950058107810833,7.7507556972608445,8.149360518360822,0.1164254473291433,0.09148547968529273,0.14136541497299387,100.00001973300348,5.828885565715794,194.1711539002912,0.9970038682062476,0.9634037245868791,True,True,,,,3.4907601497336183,0,False,False,,,,,,,,,,,,,,,,,,False,False,False,,False,,True,False,False,,Sheet2,Sheet3,Sheet4,Sheet5,Sheet6
patient_10b_exp_1,2023_07_10_CGNs_isolated0807_CSF_2_480nm-fitc_svi_ROI_min0.1.xlsx,10b_1..25/2023_07_10_CGNs_isolated0807_CSF_2_480nm-fitc_svi_ROI_min0.1.xlsx,10b,SMA,1_25,ROI_152,EW,0.09773371104815864,False,1.958578812784932,7.605840152219173,343.0,33.338447257922354,1,False,True,0.011999495988213179,-0.012559415813992133,0.03655840779041849,1.9205853639578248,1.8964852144563924,1.944685513459257,6.869409272514352,6.6937180586330784,7.045100486395625,0.1562042583728527,0.14025412201810306,0.17215439472760236,100.33613467972424,57.59792003018872,143.07434932925975,0.9966195056430568,0.9247857093018635,True,True,,,,2.139813783244779,0,False,False,,,,,,,,,,,,,,,,,,False,False,False,,False,,True,False,False,,Sheet2,Sheet3,Sheet4,Sheet5,Sheet6
patient_10b_exp_1,2023_07_10_CGNs_isolated0807_CSF_2_480nm-fitc_svi_ROI_min0.1.xlsx,10b_1..25/2023_07_10_CGNs_isolated0807_CSF_2_480nm-fitc_svi_ROI_min0.1.xlsx,10b,SMA,1_25,ROI_153,EX,0.028328611898016998,False,2.284597111426256,7.7723671751760435,343.0,35.42588128138793,1,False,True,0.010123216425987243,-0.023103766755710367,0.04335019960768485,2.335291671242698,2.302636203213005,2.367947139272391,7.37294257053585,7.16522471639779,7.580660424673909,0.13612741661033476,0.1147864937129939,0.1574683395076756,100.21034200585808,32.89862128115651,167.52206273055964,0.9960263088246805,0.944919331051784,True,True,,,,2.1907182454172562,0,False,False,,,,,,,,,,,,,,,,,,False,False,False,,False,,True,False,False,,Sheet2,Sheet3,Sheet4,Sheet5,Sheet6
patient_10b_exp_1,2023_07_10_CGNs_isolated0807_CSF_2_480nm-fitc_svi_ROI_min0.1.xlsx,10b_1..25/2023_07_10_CGNs_isolated0807_CSF_2_480nm-fitc_svi_ROI_min0.1.xlsx,10b,SMA,1_25,ROI_154,EY,0.0339943342776204,False,2.554311776001522,8.59752333872899,344.0,49.463891631951064,1,False,True,0.0034956492140347578,-0.02018629422704487,0.027177592655114387,2.3296619143411337,2.3170645983180673,2.3422592303642,7.856630156228899,7.769691796272033,7.943568516185765,0.21461861026653548,0.1983947152696164,0.23084250526345454,135.5775831003906,102.6907697777785,168.4643964230027,0.9993793329213337,0.9156466403013364,True,True,,,,4.773409424955166,0,False,False,,,,,,,,,,,,,,,,,,False,False,False,,False,,True,False,False,,Sheet2,Sheet3,Sheet4,Sheet5,Sheet6
patient_10b_exp_1,2023_07_10_CGNs_isolated0807_CSF_2_480nm-fitc_svi_ROI_min0.1.xlsx,10b_1..25/2023_07_10_CGNs_isolated0807_CSF_2_480nm-fitc_svi_ROI_min0.1.xlsx,10b,SMA,1_25,ROI_155,EZ,0.007082152974504249,False,3.685216456660499,7.7630979477446544,343.0,50.023590474898064,1,False,True,0.07440274350232641,-0.07689250302523369,0.2256979900298865,4.071446664481013,3.9842916857800135,4.1586016431820125,6.783892062265846,6.483879432002077,7.0839046925296145,0.00014539762937618996,-0.10633393669698284,0.10662473195573523,131.81925445674125,-300657.3592975087,300920.9978064222,0.9871158693946533,0.999964289735524,True,True,,,,2.9005825177471958,0,False,False,,,,,,,,,,,,,,,,,,False,False,False,,False,,True,False,False,,Sheet2,Sheet3,Sheet4,Sheet5,Sheet6
patient_10b_exp_1,2023_07_10_CGNs_isolated0807_CSF_2_480nm-fitc_svi_ROI_min0.1.xlsx,10b_1..25/2023_07_10_CGNs_isolated0807_CSF_2_480nm-fitc_svi_ROI_min0.1.xlsx,10b,SMA,1_25,ROI_156,FA,0.03541076487252125,False,2.381103105984238,10.494863133298509,344.0,46.08265529955055,1,False,True,0.018845042135175,0.0005608653416307834,0.03712921892871922,2.219970729989643,2.199404503248788,2.240536956730498,10.754450969244958,10.585600465899368,10.923301472590548,0.12272496856166729,0.11050261151556277,0.13494732560777178,100.00991656547615,54.7317539996245,145.28807913132778,0.9992496868349634,0.9476137815775397,True,True,,,,0.8493647097814314,0,False,False,,,,,,,,,,,,,,,,,,False,False,False,,False,,True,False,False,,Sheet2,Sheet3,Sheet4,Sheet5,Sheet6
patient_10b_exp_1,2023_07_10_CGNs_isolated0807_CSF_2_480nm-fitc_svi_ROI_min0.1.xlsx,10b_1..25/2023_07_10_CGNs_isolated0807_CSF_2_480nm-fitc_svi_ROI_min0.1.xlsx,10b,SMA,1_25,ROI_157,FB,0.05807365439093484,False,2.2663585791400576,9.243388067575154,344.0,43.42130580566374,1,False,True,1.865258846621659e-05,-0.024090654006927788,0.024127959183860223,2.0701559706070998,2.0459702792009797,2.09434166201322,8.365346235983498,8.175309573937382,8.555382898029615,0.23104553772040218,0.21571548826677975,0.2463755871740246,100.00016866672362,70.39425481731467,129.60608251613257,0.9979872731230786,0.8995978679466777,True,True,,,,0.5170038856396758,0,False,False,,,,,,,,,,,,,,,,,,False,False,False,,False,,True,False,False,,Sheet2,Sheet3,Sheet4,Sheet5,Sheet6
patient_10b_exp_1,2023_07_10_CGNs_isolated0807_CSF_2_480nm-fitc_svi_ROI_min0.1.xlsx,10b_1..25/2023_07_10_CGNs_isolated0807_CSF_2_480nm-fitc_svi_ROI_min0.1.xlsx,10b,SMA,1_25,ROI_158,FC,0.0,False,3.922392911409078,7.713532347179637,344.0,54.69911556402066,1,False,True,2.6989766777591983e-07,-0.042146581210873495,0.04214712100620905,3.863593010625995,3.8340344238214006,3.8931515974305895,6.26635043533158,6.167412444915376,6.365288425747783,0.19389372128046192,0.16506689127766005,0.2227205512832638,120.23697183716082,59.75365323826406,180.72029043605758,0.9984034696630818,0.9522133443454641,True,True,,,,4.777231184147795,0,False,False,,,,,,,,,,,,,,,,,,False,False,False,,False,,True,False,False,,Sheet2,Sheet3,Sheet4,Sheet5,Sheet6
patient_10b_exp_1,2023_07_10_CGNs_isolated0807_CSF_2_480nm-fitc_svi_ROI_min0.1.xlsx,10b_1..25/2023_07_10_CGNs_isolated0807_CSF_2_480nm-fitc_svi_ROI_min0.1.xlsx,10b,SMA,1_25,ROI_159,FD,0.09773371104815864,False,2.1590633430414345,7.321289824425094,343.0,26.197236934040507,1,False,True,9.126505552049016e-10,,,2.243046934636893,2.2133785809502218,2.272715288323564,6.798012533704047,6.615064333983492,6.980960733424602,0.10013384860312857,0.08128027424677117,0.11898742295948597,100.0000000308225,73.67695225870543,126.32304780293958,0.9945424619174932,0.9572658459307314,True,True,,,,2.1491991016478655,0,False,False,,,,,,,,,,,,,,,,,,False,False,False,,False,,True,False,False,,Sheet2,Sheet3,Sheet4,Sheet5,Sheet6
patient_10b_exp_1,2023_07_10_CGNs_isolated0807_CSF_2_480nm-fitc_svi_ROI_min0.1.xlsx,10b_1..25/2023_07_10_CGNs_isolated0807_CSF_2_480nm-fitc_svi_ROI_min0.1.xlsx,10b,SMA,1_25,ROI_160,FE,0.1529745042492918,False,2.7191984309398727,6.751458856576335,343.0,30.818565425581433,1,False,True,1.555725325707797e-08,-0.07125644563822413,0.07125647675273065,2.9000249380530665,2.8494458188760814,2.9506040572300516,5.956970239049846,5.742748923701371,6.1711915543983205,0.0963026636883056,0.046848596116272484,0.14575673126033872,120.31296577871012,-84.11759187026937,324.74352342768964,0.9911864197375266,0.9678597681934586,True,True,,,,0.6798705543272641,0,False,False,,,,,,,,,,,,,,,,,,False,False,False,,False,,True,False,False,,Sheet2,Sheet3,Sheet4,Sheet5,Sheet6
patient_10b_exp_1,2023_07_10_CGNs_isolated0807_CSF_2_480nm-fitc_svi_ROI_min0.1.xlsx,10b_1..25/2023_07_10_CGNs_isolated0807_CSF_2_480nm-fitc_svi_ROI_min0.1.xlsx,10b,SMA,1_25,ROI_161,FF,0.019830028328611898,False,3.9399308028781084,8.147123153265056,343.0,72.8480709969836,1,False,True,0.0001735447323007783,-0.8753054542872061,0.8756525437518077,4.067848975082292,4.01576424258424,4.119933707580344,6.9998428472831,6.814554024124612,7.185131670441588,0.2034396560982571,-0.6433186826565449,1.050197994853059,413.22814631345744,-1920.8366020202586,2747.2928946471734,0.9947131784013182,0.9523704264298272,True,True,,,,2.9296371166497246,0,False,False,,,,,,,,,,,,,,,,,,False,False,False,,False,,True,False,False,,Sheet2,Sheet3,Sheet4,Sheet5,Sheet6
patient_10b_exp_1,2023_07_10_CGNs_isolated0807_CSF_2_480nm-fitc_svi_ROI_min0.1.xlsx,10b_1..25/2023_07_10_CGNs_isolated0807_CSF_2_480nm-fitc_svi_ROI_min0.1.xlsx,10b,SMA,1_25,ROI_162,FG,0.0708215297450425,False,3.0463105782858704,9.041134637045843,343.0,41.94424773424275,1,False,True,0.0001437709984861939,-1.0823107168448272,1.0825982588417995,3.341861678299484,3.287389609354519,3.396333747244449,8.469733752995127,8.18020326098648,8.759264245003775,0.048075897037534385,-0.9983201912902884,1.094471985365357,431.6398986096538,-12287.859122017317,13151.138919236624,0.9922740391098316,0.9858180583066475,True,True,,,,1.0456458458073312,0,False,False,,,,,,,,,,,,,,,,,,False,False,False,,False,,True,False,False,,Sheet2,Sheet3,Sheet4,Sheet5,Sheet6
patient_10b_exp_1,2023_07_10_CGNs_isolated0807_CSF_2_480nm-fitc_svi_ROI_min0.1.xlsx,10b_1..25/2023_07_10_CGNs_isolated0807_CSF_2_480nm-fitc_svi_ROI_min0.1.xlsx,10b,SMA,1_25,ROI_163,FH,0.00424929178470255,False,3.038484887097939,8.068118652398937,343.0,55.23377590152655,1,False,True,0.00022688785937897353,-0.06453830707243545,0.06499208279119341,3.0006067907172946,2.9610875327654247,3.0401260486691646,7.329290294033608,7.130950497410165,7.527630090657052,0.2640875813399856,0.220574968781833,0.3076001938981382,127.12578923823925,56.154183840565224,198.09739463591328,0.9961102788162624,0.9191080232194697,True,True,,,,5.402002556964154,0,False,False,,,,,,,,,,,,,,,,,,False,False,False,,False,,True,False,False,,Sheet2,Sheet3,Sheet4,Sheet5,Sheet6
patient_10b_exp_1,2023_07_10_CGNs_isolated0807_CSF_2_480nm-fitc_svi_ROI_min0.1.xlsx,10b_1..25/2023_07_10_CGNs_isolated0807_CSF_2_480nm-fitc_svi_ROI_min0.1.xlsx,10b,SMA,1_25,ROI_164,FI,0.0028328611898017,False,2.561391076766431,10.858622537726433,344.0,73.05961683380166,1,False,True,0.12566979912357698,0.07825338548099527,0.1730862127661587,2.3318453582016407,2.2813144713837805,2.382376245019501,9.833779321364872,9.450418056058432,10.217140586671313,0.13996552160913148,0.10931240362613862,0.17061863959212434,100.0002434319381,-0.2704904852968184,200.27097734917302,0.9947503652264613,0.9433753112941041,True,True,,,,3.9759833847976935,0,False,False,,,,,,,,,,,,,,,,,,False,False,False,,False,,True,False,False,,Sheet2,Sheet3,Sheet4,Sheet5,Sheet6
patient_10b_exp_1,2023_07_10_CGNs_isolated0807_CSF_2_480nm-fitc_svi_ROI_min0.1.xlsx,10b_1..25/2023_07_10_CGNs_isolated0807_CSF_2_480nm-fitc_svi_ROI_min0.1.xlsx,10b,SMA,1_25,ROI_165,FJ,0.0056657223796034,False,4.657943135165334,8.3942418624369,343.0,66.89906248922102,1,False,True,1.3601384139702273e-07,-1.0578770069450307,1.0578772789727133,5.227447305281133,5.096330269911012,5.358564340651255,6.621884141023073,6.279416429436798,6.964351852609348,0.1538427060302404,-0.8341797858045059,1.1418651978649867,289.1051716703885,-2616.8371451668127,3195.04748850759,0.9798671036923391,0.9714115563913363,True,True,,,,3.3652702653270854,0,False,False,,,,,,,,,,,,,,,,,,False,False,False,,False,,True,False,False,,Sheet2,Sheet3,Sheet4,Sheet5,Sheet6
patient_10b_exp_1,2023_07_10_CGNs_isolated0807_CSF_2_480nm-fitc_svi_ROI_min0.1.xlsx,10b_1..25/2023_07_10_CGNs_isolated0807_CSF_2_480nm-fitc_svi_ROI_min0.1.xlsx,10b,SMA,1_25,ROI_166,FK,0.0453257790368272,False,3.319934930647169,7.583622301236801,343.0,42.194278002594814,1,False,True,2.1644014862070882e-08,-0.05574076457558883,0.05574080786361856,3.407994429949306,3.3529642815938088,3.463024578304803,6.94900867787432,6.720715820109507,7.177301535639134,0.15647819015025707,0.12028615934749023,0.1926702209530239,100.00000040571396,2.9946225672976112,197.00537824413033,0.9941679908540937,0.9561006053832765,True,True,,,,1.008612373592309,0,False,False,,,,,,,,,,,,,,,,,,False,False,False,,False,,True,False,False,,Sheet2,Sheet3,Sheet4,Sheet5,Sheet6
patient_10b_exp_1,2023_07_10_CGNs_isolated0807_CSF_2_480nm-fitc_svi_ROI_min0.1.xlsx,10b_1..25/2023_07_10_CGNs_isolated0807_CSF_2_480nm-fitc_svi_ROI_min0.1.xlsx,10b,SMA,1_25,ROI_167,FL,0.014164305949008499,False,4.344244451468281,7.7541845131367495,343.0,55.65742096209969,2,True,True,7.471411628775699e-06,-0.1389312446646061,0.13894618748786364,4.645538680010939,4.567787964242143,4.7232893957797355,6.802427465526919,6.567134272953817,7.037720658100021,0.14856060633433696,0.04998946465494,0.24713174801373392,133.73377756735238,-137.91974854714528,405.38730368185,0.9924400548862201,0.9690117793852386,True,True,0.21371077070032646,4.714637733464741,234.0,3.5135896289842767,1,False,True,7.471411628775699e-06,-0.1389312446646061,0.13894618748786364,4.645538680010939,4.567787964242143,4.7232893957797355,6.802427465526919,6.567134272953817,7.037720658100021,0.14856060633433696,0.04998946465494,0.24713174801373392,133.73377756735238,-137.91974854714528,405.38730368185,0.9924400548862201,0.9690117793852386,True,True,True,"Sheet10:row_168, Sheet4:row_168, Sheet6:row_168, Sheet8:row_168",True,"Sheet10:row_168, Sheet4:row_168, Sheet6:row_168, Sheet8:row_168",False,False,False,,Sheet2,Sheet3,Sheet4,Sheet5,Sheet6
patient_10b_exp_1,2023_07_10_CGNs_isolated0807_CSF_2_480nm-fitc_svi_ROI_min0.1.xlsx,10b_1..25/2023_07_10_CGNs_isolated0807_CSF_2_480nm-fitc_svi_ROI_min0.1.xlsx,10b,SMA,1_25,ROI_168,FM,0.0056657223796034,False,1.1887617785953515,11.3860426904846,344.0,46.54482627965896,1,False,True,1.6847149467919876e-10,,,0.9867664994317671,0.9554051253196275,1.0181278735439068,9.489620848229295,8.883976385859814,10.095265310598776,0.2082930705512156,0.19148722380214692,0.22509891730028428,313.31312215896247,236.88663227143456,389.7396120464904,0.9692158622127415,0.825704863771618,True,True,,,,1.8534418456679527,0,False,False,1.6847149467919876e-10,,,0.9867664994317671,0.9554051253196275,1.0181278735439068,9.489620848229295,8.883976385859814,10.095265310598776,0.2082930705512156,0.19148722380214692,0.22509891730028428,313.31312215896247,236.88663227143456,389.7396120464904,0.9692158622127415,0.825704863771618,True,True,True,"Sheet10:row_169, Sheet4:row_169, Sheet6:row_169, Sheet8:row_169",True,"Sheet10:row_169, Sheet4:row_169, Sheet6:row_169, Sheet8:row_169",False,False,False,,Sheet2,Sheet3,Sheet4,Sheet5,Sheet6
patient_10b_exp_1,2023_07_10_CGNs_isolated0807_CSF_2_480nm-fitc_svi_ROI_min0.1.xlsx,10b_1..25/2023_07_10_CGNs_isolated0807_CSF_2_480nm-fitc_svi_ROI_min0.1.xlsx,10b,SMA,1_25,ROI_169,FN,0.007082152974504249,False,3.07921586594073,10.71285431259355,344.0,91.66369491107343,1,False,True,0.00012000146784084571,-5.0710483651011655,5.071288368036847,2.8459091528992895,2.766642755943944,2.925175549854635,9.00489852589417,8.476705295577535,9.533091756210805,0.28418359903328155,-4.732708788849121,5.301075986915683,762.861228469748,-15147.447896194066,16673.170353133562,0.978555951321495,0.9092092083029099,True,True,,,,0.6057169647728428,0,False,False,0.00012000146784084571,-5.0710483651011655,5.071288368036847,2.8459091528992895,2.766642755943944,2.925175549854635,9.00489852589417,8.476705295577535,9.533091756210805,0.28418359903328155,-4.732708788849121,5.301075986915683,762.861228469748,-15147.447896194066,16673.170353133562,0.978555951321495,0.9092092083029099,True,True,True,"Sheet10:row_170, Sheet4:row_170, Sheet6:row_170, Sheet8:row_170",True,"Sheet10:row_170, Sheet4:row_170, Sheet6:row_170, Sheet8:row_170",False,False,False,,Sheet2,Sheet3,Sheet4,Sheet5,Sheet6
patient_10b_exp_1,2023_07_10_CGNs_isolated0807_CSF_2_480nm-fitc_svi_ROI_min0.1.xlsx,10b_1..25/2023_07_10_CGNs_isolated0807_CSF_2_480nm-fitc_svi_ROI_min0.1.xlsx,10b,SMA,1_25,ROI_170,FO,0.0,False,2.50591076786435,9.09790392038633,344.0,47.4149528704076,1,False,True,0.0277505327293365,0.0065247037578131835,0.04897636170085981,2.338633097678158,2.3176438308874663,2.35962236446885,7.893326618305058,7.752928364972361,8.033724871637755,0.16453965862025227,0.15101895894587408,0.17806035829463046,100.18391383954662,64.07162073026217,136.29620694883107,0.9985611573148988,0.93426755775995,True,True,,,,1.8196169664916968,0,False,False,0.0277505327293365,0.0065247037578131835,0.04897636170085981,2.338633097678158,2.3176438308874663,2.35962236446885,7.893326618305058,7.752928364972361,8.033724871637755,0.16453965862025227,0.15101895894587408,0.17806035829463046,100.18391383954662,64.07162073026217,136.29620694883107,0.9985611573148988,0.93426755775995,True,True,True,"Sheet10:row_171, Sheet4:row_171, Sheet6:row_171, Sheet8:row_171",True,"Sheet10:row_171, Sheet4:row_171, Sheet6:row_171, Sheet8:row_171",False,False,False,,Sheet2,Sheet3,Sheet4,Sheet5,Sheet6
patient_10b_exp_1,2023_07_10_CGNs_isolated0807_CSF_2_480nm-fitc_svi_ROI_min0.1.xlsx,10b_1..25/2023_07_10_CGNs_isolated0807_CSF_2_480nm-fitc_svi_ROI_min0.1.xlsx,10b,SMA,1_25,ROI_171,FP,0.0169971671388102,False,2.2663363373059173,5.456041047177223,343.0,28.45618670343191,1,False,True,0.022289095319664866,-0.004369614731443757,0.04894780537077349,2.2865010514182673,2.2592727642078483,2.3137293386286863,4.675806445292506,4.562217941539202,4.78939494904581,0.09345215398743219,0.07471787643049432,0.11218643154437005,102.76181128692409,29.591854722846023,175.93176785100215,0.9954870087917261,0.9607336170412216,True,True,,,,3.104054221043369,0,False,False,0.022289095319664866,-0.004369614731443757,0.04894780537077349,2.2865010514182673,2.2592727642078483,2.3137293386286863,4.675806445292506,4.562217941539202,4.78939494904581,0.09345215398743219,0.07471787643049432,0.11218643154437005,102.76181128692409,29.591854722846023,175.93176785100215,0.9954870087917261,0.9607336170412216,True,True,True,"Sheet10:row_172, Sheet4:row_172, Sheet6:row_172, Sheet8:row_172",True,"Sheet10:row_172, Sheet4:row_172, Sheet6:row_172, Sheet8:row_172",False,False,False,,Sheet2,Sheet3,Sheet4,Sheet5,Sheet6
patient_10b_exp_1,2023_07_10_CGNs_isolated0807_CSF_2_480nm-fitc_svi_ROI_min0.1.xlsx,10b_1..25/2023_07_10_CGNs_isolated0807_CSF_2_480nm-fitc_svi_ROI_min0.1.xlsx,10b,SMA,1_25,ROI_172,FQ,0.00424929178470255,False,3.187845531386526,5.568809337246535,343.0,36.816092746223475,1,False,True,0.00013328959778882203,-0.1419761919934136,0.14224277118899126,3.322195789901617,3.2715283243385374,3.3728632554646962,4.413937924908129,4.279784737474881,4.548091112341377,0.12378555012250661,0.0002387919153811341,0.2473323083296321,183.78323898439052,-181.05569944854196,548.622177417323,0.9916711956859454,0.9640782877478844,True,True,,,,2.8970549213462906,0,False,False,0.00013328959778882203,-0.1419761919934136,0.14224277118899126,3.322195789901617,3.2715283243385374,3.3728632554646962,4.413937924908129,4.279784737474881,4.548091112341377,0.12378555012250661,0.0002387919153811341,0.2473323083296321,183.78323898439052,-181.05569944854196,548.622177417323,0.9916711956859454,0.9640782877478844,True,True,True,"Sheet10:row_173, Sheet4:row_173, Sheet6:row_173, Sheet8:row_173",True,"Sheet10:row_173, Sheet4:row_173, Sheet6:row_173, Sheet8:row_173",False,False,False,,Sheet2,Sheet3,Sheet4,Sheet5,Sheet6
patient_10b_exp_1,2023_07_10_CGNs_isolated0807_CSF_2_480nm-fitc_svi_ROI_min0.1.xlsx,10b_1..25/2023_07_10_CGNs_isolated0807_CSF_2_480nm-fitc_svi_ROI_min0.1.xlsx,10b,SMA,1_25,ROI_173,FR,0.026912181303116147,False,1.949076649929113,12.955070732891102,344.0,42.56530572441365,1,False,True,5.936649059838433e-06,-0.059355866215263293,0.05936773951338297,1.694097557614616,1.6121112912213986,1.7760838240078334,13.544579065997615,12.63717576537694,14.45198236661829,0.17350289507930874,0.12502573813562295,0.22198005202299453,100.00009297965704,-12.613571702597412,212.6137576619115,0.9919388939678351,0.9070984937763111,True,True,,,,1.4004354843472082,0,False,False,5.936649059838433e-06,-0.059355866215263293,0.05936773951338297,1.694097557614616,1.6121112912213986,1.7760838240078334,13.544579065997615,12.63717576537694,14.45198236661829,0.17350289507930874,0.12502573813562295,0.22198005202299453,100.00009297965704,-12.613571702597412,212.6137576619115,0.9919388939678351,0.9070984937763111,True,True,True,"Sheet10:row_174, Sheet4:row_174, Sheet6:row_174, Sheet8:row_174",True,"Sheet10:row_174, Sheet4:row_174, Sheet6:row_174, Sheet8:row_174",False,False,False,,Sheet2,Sheet3,Sheet4,Sheet5,Sheet6
patient_10b_exp_1,2023_07_10_CGNs_isolated0807_CSF_2_480nm-fitc_svi_ROI_min0.1.xlsx,10b_1..25/2023_07_10_CGNs_isolated0807_CSF_2_480nm-fitc_svi_ROI_min0.1.xlsx,10b,SMA,1_25,ROI_174,FS,0.0169971671388102,False,2.0532494249106,5.969286368815403,343.0,26.48281265864453,1,False,True,0.01424666350452843,-0.006621923991668607,0.03511525100072546,2.0440728536511137,2.0224974899353345,2.065648217366893,5.295902896564427,5.181046294783291,5.410759498345563,0.09042447515201632,0.07612164715838708,0.10472730314564556,100.01517363316404,40.12206539997292,159.90828186635517,0.9967439936658181,0.9576366416899103,True,True,,,,2.6613856115619314,0,False,False,0.01424666350452843,-0.006621923991668607,0.03511525100072546,2.0440728536511137,2.0224974899353345,2.065648217366893,5.295902896564427,5.181046294783291,5.410759498345563,0.09042447515201632,0.07612164715838708,0.10472730314564556,100.01517363316404,40.12206539997292,159.90828186635517,0.9967439936658181,0.9576366416899103,True,True,True,"Sheet10:row_175, Sheet4:row_175, Sheet6:row_175, Sheet8:row_175",True,"Sheet10:row_175, Sheet4:row_175, Sheet6:row_175, Sheet8:row_175",False,False,False,,Sheet2,Sheet3,Sheet4,Sheet5,Sheet6
patient_10b_exp_1,2023_07_10_CGNs_isolated0807_CSF_2_480nm-fitc_svi_ROI_min0.1.xlsx,10b_1..25/2023_07_10_CGNs_isolated0807_CSF_2_480nm-fitc_svi_ROI_min0.1.xlsx,10b,SMA,1_25,ROI_175,FT,0.03824362606232295,False,2.775338528384391,7.231654756874377,343.0,35.22052454660577,1,False,True,0.03503207622518825,-0.010512674973360586,0.08057682742373709,2.957607183480437,2.921228718003101,2.9939856489577727,7.027044645910457,6.850074452198769,7.204014839622144,0.016913615266040422,-0.012200524604782208,0.04602775513686305,111.28454044977413,-637.9410726616841,860.5101535612323,0.9961706197372128,0.9943138352661147,True,True,,,,2.763150132532833,0,False,False,0.03503207622518825,-0.010512674973360586,0.08057682742373709,2.957607183480437,2.921228718003101,2.9939856489577727,7.027044645910457,6.850074452198769,7.204014839622144,0.016913615266040422,-0.012200524604782208,0.04602775513686305,111.28454044977413,-637.9410726616841,860.5101535612323,0.9961706197372128,0.9943138352661147,True,True,True,"Sheet10:row_176, Sheet4:row_176, Sheet6:row_176, Sheet8:row_176",True,"Sheet10:row_176, Sheet4:row_176, Sheet6:row_176, Sheet8:row_176",False,False,False,,Sheet2,Sheet3,Sheet4,Sheet5,Sheet6
patient_10b_exp_1,2023_07_10_CGNs_isolated0807_CSF_2_480nm-fitc_svi_ROI_min0.1.xlsx,10b_1..25/2023_07_10_CGNs_isolated0807_CSF_2_480nm-fitc_svi_ROI_min0.1.xlsx,10b,SMA,1_25,ROI_176,FU,0.0084985835694051,False,2.242470141464594,8.271887796452972,343.0,41.97914172307491,1,False,True,,,,,,,,,,,,,,,,,,False,False,,,,0.0,0,False,False,,,,,,,,,,,,,,,,,,False,False,False,,False,,False,False,False,,Sheet2,Sheet3,Sheet4,Sheet5,Sheet6
patient_10b_exp_2,2023_07_10_CGNs_isolated0807_CSF_9_480nm-fitc_svi_ROI_min0.1.xlsx,10b_1..25/2023_07_10_CGNs_isolated0807_CSF_9_480nm-fitc_svi_ROI_min0.1.xlsx,10b,SMA,1_25,ROI_001,B,0.025041736227045076,False,2.6765881570314987,10.297541607826588,514.0,39.16718499049526,1,False,True,0.15596827494909934,-7.515399700923462,7.827336250821661,2.5532232244042565,1.756506399640408,3.3499400491681053,10.492707517260452,8.59087037506444,12.394544659456464,0.0030082184140190794,-6.876880536461463,6.8828969732895,113.33215903270496,-422920.68643101933,423147.3507490847,0.9996216592518785,0.9988231822973344,True,True,,,,7.231777082174646,0,False,False,,,,,,,,,,,,,,,,,,False,False,False,,False,,True,False,False,,Sheet2,Sheet3,Sheet4,Sheet5,Sheet6
patient_10b_exp_2,2023_07_10_CGNs_isolated0807_CSF_9_480nm-fitc_svi_ROI_min0.1.xlsx,10b_1..25/2023_07_10_CGNs_isolated0807_CSF_9_480nm-fitc_svi_ROI_min0.1.xlsx,10b,SMA,1_25,ROI_002,C,0.2370617696160267,False,1.6385709253974763,9.87571914939491,514.0,23.829598494656487,1,False,True,5.372940158048849e-06,-4.324030180714991,4.324040926595306,1.4912748530304978,0.9336930944320504,2.048856611628945,10.020170491365262,7.809106784876983,12.23123419785354,0.15548690933371395,-3.6152610870841246,3.9262349057515524,100.45679283041551,-4151.798037359653,4352.711623020485,0.9993799539107753,0.9055802041999775,True,True,,,,6.511652785316093,0,False,False,,,,,,,,,,,,,,,,,,False,False,False,,False,,True,False,False,,Sheet2,Sheet3,Sheet4,Sheet5,Sheet6
patient_10b_exp_2,2023_07_10_CGNs_isolated0807_CSF_9_480nm-fitc_svi_ROI_min0.1.xlsx,10b_1..25/2023_07_10_CGNs_isolated0807_CSF_9_480nm-fitc_svi_ROI_min0.1.xlsx,10b,SMA,1_25,ROI_003,D,0.0,False,3.6381228935959538,8.997489720322392,514.0,44.30624739203964,1,False,True,0.10583694481884316,-11.047883184803666,11.259557074441354,3.587003751206875,2.689099549781033,4.484907952632717,8.551481007495129,7.10885645706801,9.994105557922246,0.003057785069836884,-10.257314454630713,10.263430024770386,112.02256719015799,-577813.7017315832,578037.7468659634,0.9991740866346882,0.9991482638837974,True,True,,,,11.3592721655031,0,False,False,,,,,,,,,,,,,,,,,,False,False,False,,False,,True,False,False,,Sheet2,Sheet3,Sheet4,Sheet5,Sheet6
patient_10b_exp_2,2023_07_10_CGNs_isolated0807_CSF_9_480nm-fitc_svi_ROI_min0.1.xlsx,10b_1..25/2023_07_10_CGNs_isolated0807_CSF_9_480nm-fitc_svi_ROI_min0.1.xlsx,10b,SMA,1_25,ROI_004,E,0.24540901502504173,False,2.405418717021517,9.343761268023002,514.0,29.344736270669884,1,False,True,0.03112743828805487,-9.16186610959334,9.22412098616945,2.42469876609294,1.5828612588372826,3.2665362733485974,9.346358456868076,7.302984436092981,11.389732477643172,0.0007255334343367564,-8.355609076454074,8.357060143322746,111.5471119029921,-2034018.7389464097,2034241.8331702158,0.9990602707857399,0.9997008632945261,True,True,,,,4.638796925999063,0,False,False,,,,,,,,,,,,,,,,,,False,False,False,,False,,True,False,False,,Sheet2,Sheet3,Sheet4,Sheet5,Sheet6
patient_10b_exp_2,2023_07_10_CGNs_isolated0807_CSF_9_480nm-fitc_svi_ROI_min0.1.xlsx,10b_1..25/2023_07_10_CGNs_isolated0807_CSF_9_480nm-fitc_svi_ROI_min0.1.xlsx,10b,SMA,1_25,ROI_005,F,0.001669449081803005,False,0.4239377998263381,5.73766463401995,508.0,56.44026289402411,2,True,True,6.084681980397066e-09,,,3.2465703826267243,2.201125405795266,4.2920153594581825,22.404272781503295,6.735200500960611,38.07334506204598,1.0996071851824422e-08,,,100.00000417497972,-16281547509.087318,16281547709.087326,0.2542092974444611,0.9999999966130191,True,True,0.24497894997378036,17.448688957763522,305.0,18.311120816729,2,True,True,3.4434976252731286e-07,-330.14760261344185,330.14760330214136,2.2700691244788032e-08,-6.495845383748514,6.495845429149896,99.99999999950487,,,0.24748713270478445,-323.48258641119924,323.97756067660885,1043.4831603415605,-1628016.537776616,1630103.5040972992,-0.01584478540771639,9.172472489570574e-08,True,True,False,,False,,True,True,False,,Sheet2,Sheet3,Sheet4,Sheet5,Sheet6
patient_10b_exp_2,2023_07_10_CGNs_isolated0807_CSF_9_480nm-fitc_svi_ROI_min0.1.xlsx,10b_1..25/2023_07_10_CGNs_isolated0807_CSF_9_480nm-fitc_svi_ROI_min0.1.xlsx,10b,SMA,1_25,ROI_006,G,0.02003338898163606,False,2.7235108978793003,8.290464621615683,514.0,31.69258054391905,1,False,True,0.10198289876608832,-6.523216490841819,6.727182288373997,2.6742078554671895,2.22361465475171,3.124801056182669,7.55896752314056,6.61133486397526,8.50660018230586,0.0042438993922709525,-6.1719543598471365,6.180442158631678,112.62243018729546,-243258.3152758997,243483.5601362743,0.9992394425529136,0.9984155401027585,True,True,,,,4.394567663767658,0,False,False,,,,,,,,,,,,,,,,,,False,False,False,,False,,True,False,False,,Sheet2,Sheet3,Sheet4,Sheet5,Sheet6
patient_10b_exp_2,2023_07_10_CGNs_isolated0807_CSF_9_480nm-fitc_svi_ROI_min0.1.xlsx,10b_1..25/2023_07_10_CGNs_isolated0807_CSF_9_480nm-fitc_svi_ROI_min0.1.xlsx,10b,SMA,1_25,ROI_007,H,0.09181969949916527,False,2.413631547364061,9.171932536226109,514.0,31.620403287805058,1,False,True,0.13232912122942042,-5.3344047010881885,5.59906294354703,2.3129376310326726,1.8669126501743205,2.7589626118910244,8.745064384513014,7.627132946526291,9.86299582249974,0.0025464518831723923,-5.020514407158895,5.02560731092524,112.82561671289152,-342931.8468579119,343157.49809133774,0.9995688504267135,0.9989002507501733,True,True,,,,6.615329479873516,0,False,False,,,,,,,,,,,,,,,,,,False,False,False,,False,,True,False,False,,Sheet2,Sheet3,Sheet4,Sheet5,Sheet6
patient_10b_exp_2,2023_07_10_CGNs_isolated0807_CSF_9_480nm-fitc_svi_ROI_min0.1.xlsx,10b_1..25/2023_07_10_CGNs_isolated0807_CSF_9_480nm-fitc_svi_ROI_min0.1.xlsx,10b,SMA,1_25,ROI_008,I,0.4240400667779633,False,4.75240542347537,10.344468102515236,514.0,74.28116800468628,1,False,True,8.61239409484278e-12,,,4.13557619920755,3.060976250487922,5.210176147927179,10.135715026457762,7.405490706866896,12.865939346048627,0.5727923625113642,-0.5527956301103694,1.6983803551330978,100.00010817132154,-369.6336565192934,569.6338728619365,0.9900791887898251,0.8783458951857729,True,True,,,,0.25586907547885007,0,False,False,,,,,,,,,,,,,,,,,,False,False,False,,False,,True,False,False,,Sheet2,Sheet3,Sheet4,Sheet5,Sheet6
patient_10b_exp_2,2023_07_10_CGNs_isolated0807_CSF_9_480nm-fitc_svi_ROI_min0.1.xlsx,10b_1..25/2023_07_10_CGNs_isolated0807_CSF_9_480nm-fitc_svi_ROI_min0.1.xlsx,10b,SMA,1_25,ROI_009,J,0.00667779632721202,False,1.3604231898619399,9.740919926068557,514.0,19.881176403861023,1,False,True,3.677613211756569e-06,-4.814591792230065,4.814599147456489,1.184728424836974,0.6154737627896458,1.7539830868843023,9.357680636403806,6.569840249544274,12.145521023263338,0.16465115773623837,-4.084877690703042,4.414180006175519,100.00006027852095,-4292.953461053775,4492.953581610817,0.9984823075709415,0.8779801029579422,True,True,,,,11.462741873851003,0,False,False,,,,,,,,,,,,,,,,,,False,False,False,,False,,True,False,False,,Sheet2,Sheet3,Sheet4,Sheet5,Sheet6
patient_10b_exp_2,2023_07_10_CGNs_isolated0807_CSF_9_480nm-fitc_svi_ROI_min0.1.xlsx,10b_1..25/2023_07_10_CGNs_isolated0807_CSF_9_480nm-fitc_svi_ROI_min0.1.xlsx,10b,SMA,1_25,ROI_010,K,0.07679465776293823,False,2.4113266527929906,7.814299015719087,514.0,26.451016097480842,1,False,True,0.07989165756442941,-3.696305567933814,3.856088883062673,2.3624641670138375,2.1188679192048583,2.606060414822817,7.308689226889347,6.731579676804939,7.885798776973754,0.0013396268662499255,-3.5319526591747863,3.534631912907286,113.21615184271934,-438734.75784449966,438961.1901481851,0.9996552462015046,0.9994332749318204,True,True,,,,5.5464236156644535,0,False,False,,,,,,,,,,,,,,,,,,False,False,False,,False,,True,False,False,,Sheet2,Sheet3,Sheet4,Sheet5,Sheet6
patient_10b_exp_2,2023_07_10_CGNs_isolated0807_CSF_9_480nm-fitc_svi_ROI_min0.1.xlsx,10b_1..25/2023_07_10_CGNs_isolated0807_CSF_9_480nm-fitc_svi_ROI_min0.1.xlsx,10b,SMA,1_25,ROI_011,L,0.02003338898163606,False,1.4961617618692045,13.486736156547636,514.0,26.89230286354865,1,False,True,1.7951280954865867e-06,-6.751352620466215,6.751356210722405,1.3420202717637197,-0.23797174488935768,2.922012288416797,14.51621560103198,6.594546663917453,22.43788453814651,0.14816900437848057,-5.03604488517535,5.332382893932312,100.34730660069003,-7623.359422617205,7824.054035818585,0.9994509970550318,0.9005703458274373,True,True,0.22635905761048888,11.539181424396986,266.0,10.736097367058559,1,False,True,0.02093037824368235,-0.03763368805043267,0.07949444453779737,0.14462822275185958,0.1306212522492819,0.15863519325443726,5.795950498317639,4.70759015743997,6.884310839195308,0.06323470427373341,0.01582562012795092,0.11064378841951591,111.08343431273113,-74.15735249071207,296.32422111617433,0.9478934580284735,0.6957865205759001,True,True,False,,False,,True,True,False,,Sheet2,Sheet3,Sheet4,Sheet5,Sheet6
patient_10b_exp_2,2023_07_10_CGNs_isolated0807_CSF_9_480nm-fitc_svi_ROI_min0.1.xlsx,10b_1..25/2023_07_10_CGNs_isolated0807_CSF_9_480nm-fitc_svi_ROI_min0.1.xlsx,10b,SMA,1_25,ROI_012,M,0.04006677796327212,False,3.8299008980071196,11.492587886778495,514.0,58.28681652466006,1,False,True,6.17760065071707e-12,,,3.803397426410616,3.3460011853780998,4.260793667443132,13.496076511434968,12.183567608175572,14.808585414694363,0.0124920772846408,-0.45644633070354085,0.48143048527282245,100.00030287690974,-7297.360779367627,7497.361385121447,0.9994453268166549,0.9967263000481162,True,True,0.23947545245017704,7.347435537935951,332.0,8.912217412697725,1,False,True,0.012685209967224005,-0.1413630828035993,0.1667335027380473,0.23681910444335866,0.19154515131289335,0.28209305757382397,7.381303011435089,5.036955748448291,9.725650274421888,1.0150565842294768e-07,-0.11503073801283444,0.11503094102415128,105.85056681386172,-308119984.74956965,308120196.45070326,0.8325337797653729,0.9999995713791117,True,True,False,,False,,True,True,False,,Sheet2,Sheet3,Sheet4,Sheet5,Sheet6
patient_10b_exp_2,2023_07_10_CGNs_isolated0807_CSF_9_480nm-fitc_svi_ROI_min0.1.xlsx,10b_1..25/2023_07_10_CGNs_isolated0807_CSF_9_480nm-fitc_svi_ROI_min0.1.xlsx,10b,SMA,1_25,ROI_013,N,0.17863105175292154,False,2.967962292940251,9.81989056713769,514.0,42.046187755496504,1,False,True,2.0497665561013166e-10,,,2.7020969843886533,2.562651603635612,2.8415423651416947,9.698960431828654,9.158922814043807,10.238998049613501,0.2680134743189956,0.12140232393038275,0.4146246247076084,100.00002035483229,-34.3349735883688,234.33501429803337,0.9994991126083639,0.9097631289997163,True,True,,,,2.9949532994437624,0,False,False,,,,,,,,,,,,,,,,,,False,False,False,,False,,True,False,False,,Sheet2,Sheet3,Sheet4,Sheet5,Sheet6
patient_10b_exp_2,2023_07_10_CGNs_isolated0807_CSF_9_480nm-fitc_svi_ROI_min0.1.xlsx,10b_1..25/2023_07_10_CGNs_isolated0807_CSF_9_480nm-fitc_svi_ROI_min0.1.xlsx,10b,SMA,1_25,ROI_014,O,0.035058430717863104,False,1.849877029600517,9.742427044527687,514.0,26.548819021008516,1,False,True,0.13506939031962914,-5.601017604205642,5.871156384844899,1.749078573378952,1.0990466556659024,2.3991104910920016,9.464243081134038,7.294150984711505,11.63433517755657,0.002405757208408128,-5.088277653066868,5.093089167483685,102.52461430021224,-364283.9530312244,364489.00225982483,0.9990613359687069,0.9986264466279288,True,True,,,,8.640358655198053,0,False,False,,,,,,,,,,,,,,,,,,False,False,False,,False,,True,False,False,,Sheet2,Sheet3,Sheet4,Sheet5,Sheet6
patient_10b_exp_2,2023_07_10_CGNs_isolated0807_CSF_9_480nm-fitc_svi_ROI_min0.1.xlsx,10b_1..25/2023_07_10_CGNs_isolated0807_CSF_9_480nm-fitc_svi_ROI_min0.1.xlsx,10b,SMA,1_25,ROI_015,P,0.27879799666110183,False,1.8884893654018455,10.769779731173628,514.0,27.756024911299626,1,False,True,0.05146438972851593,-11.01486528431921,11.117794063776241,1.8135062086352085,0.5479297848069482,3.079082632463469,11.827924224758933,7.379698008678984,16.276150440838883,0.0011677111109743834,-9.807887867965139,9.81022329018709,117.34934958418033,-1648018.5011132483,1648253.1998124167,0.9990872862986336,0.9993565173895607,True,True,,,,1.6180467466217303,0,False,False,,,,,,,,,,,,,,,,,,False,False,False,,False,,True,False,False,,Sheet2,Sheet3,Sheet4,Sheet5,Sheet6
patient_10b_exp_2,2023_07_10_CGNs_isolated0807_CSF_9_480nm-fitc_svi_ROI_min0.1.xlsx,10b_1..25/2023_07_10_CGNs_isolated0807_CSF_9_480nm-fitc_svi_ROI_min0.1.xlsx,10b,SMA,1_25,ROI_016,Q,0.018363939899833055,False,4.779907901982893,12.158791582705305,514.0,67.59329665592645,1,False,True,4.465670320309641e-09,,,4.921066652386487,4.807310586387736,5.034822718385238,11.554682731969544,11.078190939385475,12.031174524553613,3.816321052677071e-09,,,100.00000114456698,-1071306047.0927552,1071306247.0927576,0.9911835236403277,0.999999999224493,True,True,,,,8.537323189580398,0,False,False,,,,,,,,,,,,,,,,,,False,False,False,,False,,True,False,False,,Sheet2,Sheet3,Sheet4,Sheet5,Sheet6
patient_10b_exp_2,2023_07_10_CGNs_isolated0807_CSF_9_480nm-fitc_svi_ROI_min0.1.xlsx,10b_1..25/2023_07_10_CGNs_isolated0807_CSF_9_480nm-fitc_svi_ROI_min0.1.xlsx,10b,SMA,1_25,ROI_017,R,0.041736227045075125,False,2.51923947310301,8.406246249407786,514.0,26.760103037993552,1,False,True,1.499591733695633e-07,-0.017208776934114073,0.017209076852460814,2.534254367275911,2.5100000794942336,2.558508655057588,8.261349864268489,8.068408795909004,8.454290932627973,1.9215362668983015e-09,,,100.00001645132635,-1463726194.518867,1463726394.5189,0.999006370336666,0.9999999992417745,True,True,,,,7.593285916655979,0,False,False,,,,,,,,,,,,,,,,,,False,False,False,,False,,True,False,False,,Sheet2,Sheet3,Sheet4,Sheet5,Sheet6
patient_10b_exp_2,2023_07_10_CGNs_isolated0807_CSF_9_480nm-fitc_svi_ROI_min0.1.xlsx,10b_1..25/2023_07_10_CGNs_isolated0807_CSF_9_480nm-fitc_svi_ROI_min0.1.xlsx,10b,SMA,1_25,ROI_018,S,0.13856427378964942,False,3.865105780353626,10.248501915199881,514.0,55.762504154958734,1,False,True,0.16464583691035017,-22.911729162344013,23.24102083616471,3.61151800048995,0.19559359909680163,7.027442401883098,11.189128138041763,5.397111538261005,16.98114473782252,0.0018982236298842694,-19.68572119555052,19.689517642810287,101.58305836002403,-1920477.7304884898,1920680.89660521,0.997876750435859,0.9994746734081689,True,True,0.2979109853170951,14.445905225781189,202.0,6.7537020093822315,1,False,True,0.0027671993404367132,-0.11892023240729797,0.12445463108817141,0.24031592402692536,0.21433506681847617,0.2662967812353746,7.062211325244517,5.706777633565895,8.417645016923139,0.058332263038360616,-0.040317133953386056,0.15698166003010727,120.42036413549343,-324.5841642545639,565.4248925255508,0.9461737156241317,0.8046789983506283,True,True,False,,False,,True,True,False,,Sheet2,Sheet3,Sheet4,Sheet5,Sheet6
patient_10b_exp_2,2023_07_10_CGNs_isolated0807_CSF_9_480nm-fitc_svi_ROI_min0.1.xlsx,10b_1..25/2023_07_10_CGNs_isolated0807_CSF_9_480nm-fitc_svi_ROI_min0.1.xlsx,10b,SMA,1_25,ROI_019,T,0.005008347245409015,False,3.2320252602999595,9.367231827594196,514.0,42.63871853603257,1,False,True,3.995219957875436e-06,-3.73326141420345,3.733269404643366,3.0393395087786708,2.6124307046298854,3.466248312927456,9.135906664491845,8.325829563106359,9.945983765877331,0.21534911722166983,-3.094074265339628,3.524772499782968,100.00000325772871,-2491.3511315622845,2691.351138077742,0.9998434546777186,0.9338341875467483,True,True,,,,6.215601148221794,0,False,False,,,,,,,,,,,,,,,,,,False,False,False,,False,,True,False,False,,Sheet2,Sheet3,Sheet4,Sheet5,Sheet6
patient_10b_exp_2,2023_07_10_CGNs_isolated0807_CSF_9_480nm-fitc_svi_ROI_min0.1.xlsx,10b_1..25/2023_07_10_CGNs_isolated0807_CSF_9_480nm-fitc_svi_ROI_min0.1.xlsx,10b,SMA,1_25,ROI_020,U,0.4607679465776294,False,3.4493356842852365,12.568838147557699,514.0,51.09635504129052,1,False,True,1.2800149384913496e-06,-2.4181613683727403,2.4181639284026173,3.7238361593392577,2.4526493311376463,4.995022987540869,12.464444719409098,8.276634397749348,16.652255041068848,4.923822146876423e-07,-3.6405661262886144,3.6405671110530435,100.00000838168691,-274074293.8868717,274074493.8868885,0.9889657809494273,0.9999998677755604,True,True,,,,-0.6859430477086949,0,False,False,,,,,,,,,,,,,,,,,,False,False,False,,False,,True,False,False,,Sheet2,Sheet3,Sheet4,Sheet5,Sheet6
patient_10b_exp_2,2023_07_10_CGNs_isolated0807_CSF_9_480nm-fitc_svi_ROI_min0.1.xlsx,10b_1..25/2023_07_10_CGNs_isolated0807_CSF_9_480nm-fitc_svi_ROI_min0.1.xlsx,10b,SMA,1_25,ROI_021,V,0.07846410684474124,False,2.6789042448811053,9.320015548149456,514.0,34.196180294444396,1,False,True,0.08715980722522564,-6.237131962076344,6.411451576526796,2.611170380728838,2.0404165997267865,3.181924161730889,9.335319262441859,8.048423152862952,10.622215372020765,0.002015691624904633,-5.754911272044515,5.758942655294325,112.17508045106185,-505270.74129099934,505495.0914519015,0.9996249662260376,0.9992286459635502,True,True,,,,4.9046014864359835,0,False,False,,,,,,,,,,,,,,,,,,False,False,False,,False,,True,False,False,,Sheet2,Sheet3,Sheet4,Sheet5,Sheet6
patient_10b_exp_2,2023_07_10_CGNs_isolated0807_CSF_9_480nm-fitc_svi_ROI_min0.1.xlsx,10b_1..25/2023_07_10_CGNs_isolated0807_CSF_9_480nm-fitc_svi_ROI_min0.1.xlsx,10b,SMA,1_25,ROI_022,W,0.0,False,6.535627817893942,9.112288020148924,514.0,87.45989156810673,1,False,True,7.930029717090832e-11,,,6.238418886812556,5.706796689767022,6.77004108385809,7.636452704901661,6.762392410512845,8.510512999290476,0.604007536587139,0.03492612218883784,1.17308895098544,100.00498020132203,-165.35844460967382,365.3684050123179,0.9960119460285062,0.9117261188923337,True,True,,,,7.805030776523082,0,False,False,,,,,,,,,,,,,,,,,,False,False,False,,False,,True,False,False,,Sheet2,Sheet3,Sheet4,Sheet5,Sheet6
patient_10b_exp_2,2023_07_10_CGNs_isolated0807_CSF_9_480nm-fitc_svi_ROI_min0.1.xlsx,10b_1..25/2023_07_10_CGNs_isolated0807_CSF_9_480nm-fitc_svi_ROI_min0.1.xlsx,10b,SMA,1_25,ROI_023,X,0.0,False,3.914602671917808,10.471195428306373,514.0,59.31960461242481,1,False,True,4.300585794441317e-12,,,3.6434340459671395,2.7966234727480277,4.490244619186251,10.458558569501841,8.0088121555515,12.908304983452183,0.30922616118541413,-0.5754243495994217,1.19387667197025,100.00199264648758,-570.375471854477,770.3794571474522,0.9929241366972273,0.9217675831011599,True,True,,,,15.95539235482734,0,False,False,,,,,,,,,,,,,,,,,,False,False,False,,False,,True,False,False,,Sheet2,Sheet3,Sheet4,Sheet5,Sheet6
patient_10b_exp_2,2023_07_10_CGNs_isolated0807_CSF_9_480nm-fitc_svi_ROI_min0.1.xlsx,10b_1..25/2023_07_10_CGNs_isolated0807_CSF_9_480nm-fitc_svi_ROI_min0.1.xlsx,10b,SMA,1_25,ROI_024,Y,0.02671118530884808,False,2.4202786987606633,7.901267033931333,514.0,27.129109769559502,1,False,True,4.038343643015172e-06,-2.563330525343694,2.56333860203098,2.3248319771899815,2.091915631682196,2.557748322697767,7.732009998005414,7.17414048879281,8.289879507218018,0.11248759806913153,-2.2192054606611262,2.444180656799389,100.37464515701733,-3207.4420090051103,3408.191299319145,0.9997844837126657,0.9538478256150826,True,True,,,,5.914425971947231,0,False,False,,,,,,,,,,,,,,,,,,False,False,False,,False,,True,False,False,,Sheet2,Sheet3,Sheet4,Sheet5,Sheet6
patient_10b_exp_2,2023_07_10_CGNs_isolated0807_CSF_9_480nm-fitc_svi_ROI_min0.1.xlsx,10b_1..25/2023_07_10_CGNs_isolated0807_CSF_9_480nm-fitc_svi_ROI_min0.1.xlsx,10b,SMA,1_25,ROI_025,Z,0.005008347245409015,False,2.5792130299885256,7.978694648764986,514.0,29.939688052391876,1,False,True,0.12077449391962429,-6.251598879932689,6.493147867771937,2.513376173446514,2.084484378274792,2.942267968618236,7.523524789167129,6.56236269982046,8.484686878513799,0.00015803433120996328,-5.944428067088183,5.944744135750603,112.90061291931828,-6293574.898253147,6293800.699478986,0.9992092740704105,0.999937126643942,True,True,,,,14.19667179810383,0,False,False,,,,,,,,,,,,,,,,,,False,False,False,,False,,True,False,False,,Sheet2,Sheet3,Sheet4,Sheet5,Sheet6
patient_10b_exp_2,2023_07_10_CGNs_isolated0807_CSF_9_480nm-fitc_svi_ROI_min0.1.xlsx,10b_1..25/2023_07_10_CGNs_isolated0807_CSF_9_480nm-fitc_svi_ROI_min0.1.xlsx,10b,SMA,1_25,ROI_026,AA,0.31552587646076796,False,5.375790183197927,8.617744373538414,514.0,68.81998387585584,1,False,True,0.29024322911505906,-34.077079389077085,34.6575658473072,5.38457141354443,3.375587998721127,7.3935548283677335,7.4410088167116575,5.334760682828261,9.547256950595054,0.005832216011871152,-32.35764638931866,32.369310821342395,119.46366248754244,-954183.3864837228,954422.313808698,0.9958143291642164,0.9989180372356733,True,True,,,,0.017829857809643215,0,False,False,,,,,,,,,,,,,,,,,,False,False,False,,False,,True,False,False,,Sheet2,Sheet3,Sheet4,Sheet5,Sheet6
patient_10b_exp_2,2023_07_10_CGNs_isolated0807_CSF_9_480nm-fitc_svi_ROI_min0.1.xlsx,10b_1..25/2023_07_10_CGNs_isolated0807_CSF_9_480nm-fitc_svi_ROI_min0.1.xlsx,10b,SMA,1_25,ROI_027,AB,0.005008347245409015,False,4.023220153121918,8.217443555540228,514.0,50.877033598771085,1,False,True,0.294119763691786,-11.524890634569802,12.113130161953373,3.8451627030289792,3.1258945058757748,4.564430900182184,7.031614210476916,5.990841125450906,8.072387295502926,0.008038847404473084,-11.093390062373457,11.109467757182403,113.8210806416921,-228361.6847225264,228589.32688380982,0.9985944083960868,0.9979137225760825,True,True,,,,10.115060388821197,0,False,False,,,,,,,,,,,,,,,,,,False,False,False,,False,,True,False,False,,Sheet2,Sheet3,Sheet4,Sheet5,Sheet6
patient_10b_exp_2,2023_07_10_CGNs_isolated0807_CSF_9_480nm-fitc_svi_ROI_min0.1.xlsx,10b_1..25/2023_07_10_CGNs_isolated0807_CSF_9_480nm-fitc_svi_ROI_min0.1.xlsx,10b,SMA,1_25,ROI_028,AC,0.11352253756260434,False,2.582916006601222,9.156081996582202,514.0,31.64617164059024,1,False,True,0.0660554828197032,-10.954687658929155,11.08679862456856,2.5294735512439517,1.5939839038747872,3.464963198613116,9.104861625238772,6.936978386033097,11.272744864444448,0.002009418054872877,-10.088383514722894,10.092402350832641,113.53072307661068,-886104.6036689946,886331.665115148,0.9987458723475235,0.9992062288866871,True,True,,,,3.565966984341866,0,False,False,,,,,,,,,,,,,,,,,,False,False,False,,False,,True,False,False,,Sheet2,Sheet3,Sheet4,Sheet5,Sheet6
patient_10b_exp_2,2023_07_10_CGNs_isolated0807_CSF_9_480nm-fitc_svi_ROI_min0.1.xlsx,10b_1..25/2023_07_10_CGNs_isolated0807_CSF_9_480nm-fitc_svi_ROI_min0.1.xlsx,10b,SMA,1_25,ROI_029,AD,0.028380634390651086,False,5.113344923697751,11.416702350819094,514.0,70.57090653947989,1,False,True,4.0525584188132716e-12,,,5.207476568518091,5.107993763837039,5.306959373199143,11.660236324542085,11.275448832355618,12.045023816728552,8.656038925561028e-14,,,100.00000000004106,,,0.9938451586455966,0.9999999999999835,True,True,0.3722855351011582,9.647323485115635,311.0,9.68223041765561,1,False,True,0.01782051344461988,-0.03151777739719881,0.06715880428643857,0.33732810858419565,0.3228671255065345,0.3517890916618568,5.20871965759526,4.764866285315838,5.652573029874683,0.020181420052930138,-0.018530090016168496,0.05889293012202877,100.30775249634775,-360.9256757093971,561.5411807020926,0.9808316866480477,0.9435499799687453,True,True,False,,False,,True,True,False,,Sheet2,Sheet3,Sheet4,Sheet5,Sheet6
patient_10b_exp_2,2023_07_10_CGNs_isolated0807_CSF_9_480nm-fitc_svi_ROI_min0.1.xlsx,10b_1..25/2023_07_10_CGNs_isolated0807_CSF_9_480nm-fitc_svi_ROI_min0.1.xlsx,10b,SMA,1_25,ROI_030,AE,0.3789649415692821,False,5.248804898765185,10.68182277371426,514.0,67.51265927934253,1,False,True,3.034248415274405e-14,,,5.467140615532092,5.372232255245399,5.562048975818784,10.146833967911379,9.848132507964369,10.445535427858388,3.87013005450693e-13,,,100.00000000000915,,,0.9954040388165758,0.9999999999999292,True,True,0.32408549534928266,25.245390340050392,323.0,6.9360307544030855,1,False,True,5.891799523929671e-10,,,0.4112211333359478,0.3815284298627617,0.4409138368091339,12.253002863646639,10.82684459691602,13.679161130377258,6.693896804075136e-10,,,100.00003744871482,-2479044824.791218,2479045024.791293,0.8888845197298008,0.9999999983721906,True,True,False,,False,,True,True,False,,Sheet2,Sheet3,Sheet4,Sheet5,Sheet6
patient_10b_exp_2,2023_07_10_CGNs_isolated0807_CSF_9_480nm-fitc_svi_ROI_min0.1.xlsx,10b_1..25/2023_07_10_CGNs_isolated0807_CSF_9_480nm-fitc_svi_ROI_min0.1.xlsx,10b,SMA,1_25,ROI_031,AF,0.06176961602671119,False,2.780582754179601,9.163811182488587,514.0,34.51929168229822,1,False,True,0.07149521801253064,-13.597864547296615,13.740854983321677,2.741028037377101,1.9284864022204067,3.5535696725337953,9.328511666770387,7.547297657789999,11.109725675750775,0.0010033355863136102,-12.859174252614508,12.861180923787135,134.7557014949193,-2479416.126644989,2479685.6380479787,0.9992368388976542,0.9996340904060375,True,True,,,,11.807140815228841,0,False,False,,,,,,,,,,,,,,,,,,False,False,False,,False,,True,False,False,,Sheet2,Sheet3,Sheet4,Sheet5,Sheet6
patient_10b_exp_2,2023_07_10_CGNs_isolated0807_CSF_9_480nm-fitc_svi_ROI_min0.1.xlsx,10b_1..25/2023_07_10_CGNs_isolated0807_CSF_9_480nm-fitc_svi_ROI_min0.1.xlsx,10b,SMA,1_25,ROI_032,AG,0.05676126878130217,False,2.913688419151749,10.591508438612948,514.0,41.36704126894387,1,False,True,0.05387019709110079,-11.803014479790907,11.910754873973108,2.8965830625466102,1.4748971823380013,4.318268942755219,11.42284934338834,8.349796653105113,14.495902033671566,0.0007431920425714952,-10.444396363954601,10.445882748039745,112.45188856522932,-2683438.7229082803,2683663.626685411,0.99944819585266,0.9997434903848352,True,True,,,,10.702625334617231,0,False,False,,,,,,,,,,,,,,,,,,False,False,False,,False,,True,False,False,,Sheet2,Sheet3,Sheet4,Sheet5,Sheet6
patient_10b_exp_2,2023_07_10_CGNs_isolated0807_CSF_9_480nm-fitc_svi_ROI_min0.1.xlsx,10b_1..25/2023_07_10_CGNs_isolated0807_CSF_9_480nm-fitc_svi_ROI_min0.1.xlsx,10b,SMA,1_25,ROI_033,AH,0.00333889816360601,False,4.605172159721314,11.868283425034235,514.0,67.32552204363711,1,False,True,5.655215024295094e-09,,,4.7552183817953635,,,12.410057069930064,,,3.0915254169353283e-11,,,100.00000015758071,,,0.9946251731425769,0.9999999999934988,True,True,,,,12.945648959204057,0,False,False,,,,,,,,,,,,,,,,,,False,False,False,,False,,True,False,False,,Sheet2,Sheet3,Sheet4,Sheet5,Sheet6
patient_10b_exp_2,2023_07_10_CGNs_isolated0807_CSF_9_480nm-fitc_svi_ROI_min0.1.xlsx,10b_1..25/2023_07_10_CGNs_isolated0807_CSF_9_480nm-fitc_svi_ROI_min0.1.xlsx,10b,SMA,1_25,ROI_034,AI,0.018363939899833055,False,1.8340109491521397,5.8679786974961985,514.0,17.44038419048512,1,False,True,3.0564491887964856e-06,-1.836442432764064,1.8364485456624418,1.6690098634731043,1.5735717279689065,1.764447998977302,4.637324769872966,4.337472748717233,4.9371767910286986,0.15855660249748887,-1.5828706635914687,1.8999838685864465,100.0000068515098,-1464.0778721915467,1664.0778858945664,0.9990590299281555,0.9132416765957226,True,True,,,,9.227685911970292,0,False,False,,,,,,,,,,,,,,,,,,False,False,False,,False,,True,False,False,,Sheet2,Sheet3,Sheet4,Sheet5,Sheet6
patient_10b_exp_2,2023_07_10_CGNs_isolated0807_CSF_9_480nm-fitc_svi_ROI_min0.1.xlsx,10b_1..25/2023_07_10_CGNs_isolated0807_CSF_9_480nm-fitc_svi_ROI_min0.1.xlsx,10b,SMA,1_25,ROI_035,AJ,0.08514190317195326,False,3.1380082979707304,8.450835802511222,514.0,35.893332828054,1,False,True,0.07713464124372515,-12.69414954701073,12.848418829498181,3.1120663730431284,2.472464976965667,3.7516677691205897,8.209360469010546,7.011396040839544,9.407324897181548,0.0022376129141230103,-12.131136980957706,12.13561220678595,135.165690553994,-1021942.2040958037,1022212.5354769116,0.9992200478169277,0.9992815046558676,True,True,0.1736806298465295,18.564487653713513,216.0,10.465960218527933,1,False,True,0.03497359746876001,-0.1309525829457837,0.20089977788330377,0.10880760664026534,0.09511290817495256,0.12250230510557812,3.3772068784778657,2.492408706924831,4.262005050030901,0.038217494532656666,-0.12068846394301883,0.19712345300833214,196.32457981792783,-967.1973926064582,1359.8465522423137,0.8050766933387821,0.7400614301383301,True,True,False,,False,,True,True,False,,Sheet2,Sheet3,Sheet4,Sheet5,Sheet6
patient_10b_exp_2,2023_07_10_CGNs_isolated0807_CSF_9_480nm-fitc_svi_ROI_min0.1.xlsx,10b_1..25/2023_07_10_CGNs_isolated0807_CSF_9_480nm-fitc_svi_ROI_min0.1.xlsx,10b,SMA,1_25,ROI_036,AK,0.07011686143572621,False,1.1402473400556925,5.853775357979146,514.0,10.532391412048892,1,False,True,7.049754489890777e-10,,,1.0348327145660945,0.995169088613535,1.0744963405186538,5.0770819620349705,4.717596889733411,5.43656703433653,0.08128431294200757,0.03997509857600525,0.12259352730800988,100.00025246963301,-74.09308226468204,274.09358720394806,0.9965371568677079,0.9271722311024257,True,True,,,,4.17894977154825,0,False,False,,,,,,,,,,,,,,,,,,False,False,False,,False,,True,False,False,,Sheet2,Sheet3,Sheet4,Sheet5,Sheet6
patient_10b_exp_2,2023_07_10_CGNs_isolated0807_CSF_9_480nm-fitc_svi_ROI_min0.1.xlsx,10b_1..25/2023_07_10_CGNs_isolated0807_CSF_9_480nm-fitc_svi_ROI_min0.1.xlsx,10b,SMA,1_25,ROI_037,AL,0.13856427378964942,False,0.8211173191246455,9.669413274818396,514.0,12.101059357335888,1,False,True,1.7730840092945878e-06,-3.28201095023793,3.282014496405949,0.7022916707632372,0.306948497855272,1.0976348436712025,9.491868516306743,6.2134105868153515,12.770326445798135,0.1106559163645612,-2.77895647196988,3.000268304699002,100.05952326210172,-4370.881171679148,4571.000218203351,0.9981100560588869,0.8638830865400359,True,True,,,,3.1104678688421012,0,False,False,,,,,,,,,,,,,,,,,,False,False,False,,False,,True,False,False,,Sheet2,Sheet3,Sheet4,Sheet5,Sheet6
patient_10b_exp_2,2023_07_10_CGNs_isolated0807_CSF_9_480nm-fitc_svi_ROI_min0.1.xlsx,10b_1..25/2023_07_10_CGNs_isolated0807_CSF_9_480nm-fitc_svi_ROI_min0.1.xlsx,10b,SMA,1_25,ROI_038,AM,0.025041736227045076,False,1.7830270054998687,8.6055138837649,514.0,23.14014578717208,1,False,True,0.1325663115912305,-4.174186477872064,4.439319101054526,1.6872475366678314,1.3068674773770133,2.0676275959586494,8.09353415144984,6.820949004578749,9.36611929832093,0.003781295658652882,-3.924658721989354,3.9322213133066595,104.25890070630965,-170589.23003522176,170797.74783663437,0.9991179874588918,0.9977639082277203,True,True,,,,8.750123172987891,0,False,False,,,,,,,,,,,,,,,,,,False,False,False,,False,,True,False,False,,Sheet2,Sheet3,Sheet4,Sheet5,Sheet6
patient_10b_exp_2,2023_07_10_CGNs_isolated0807_CSF_9_480nm-fitc_svi_ROI_min0.1.xlsx,10b_1..25/2023_07_10_CGNs_isolated0807_CSF_9_480nm-fitc_svi_ROI_min0.1.xlsx,10b,SMA,1_25,ROI_039,AN,0.11853088480801335,False,3.9770462818114214,10.74481847396271,514.0,57.028092346822845,1,False,True,0.016178218227137966,-13.393384584831473,13.425741021285749,3.974638409392047,2.2249919067240973,5.724284912059996,11.914634245593026,9.120657913459265,14.708610577726787,0.0006452921163819037,-11.671905585849592,11.673196170082354,111.45660138316855,-3511423.897104335,3511646.8103071013,0.9996554285784761,0.9998376739461043,True,True,,,,3.699920381468283,0,False,False,,,,,,,,,,,,,,,,,,False,False,False,,False,,True,False,False,,Sheet2,Sheet3,Sheet4,Sheet5,Sheet6
patient_10b_exp_2,2023_07_10_CGNs_isolated0807_CSF_9_480nm-fitc_svi_ROI_min0.1.xlsx,10b_1..25/2023_07_10_CGNs_isolated0807_CSF_9_480nm-fitc_svi_ROI_min0.1.xlsx,10b,SMA,1_25,ROI_040,AO,0.1285475792988314,False,4.05613192642837,10.942372365020049,514.0,56.34226376378217,1,False,True,2.756671956070483e-14,,,4.006144156264418,,,12.098957558445607,,,1.0209807869147308e-10,,,100.00012012889587,,,0.9971903095904242,0.9999999999745147,True,True,0.2892861409168099,14.48435003043764,215.0,6.379755557454924,1,False,True,0.013619088822852232,-0.046871979279576176,0.07411015692528064,0.28544403553929504,0.26839239711667556,0.3024956739619145,4.802432796198227,4.220113390070688,5.384752202325766,0.0006679170049190102,-0.04798452871270535,0.04932036272254338,102.11478121593146,-16934.478289636867,17138.707852068732,0.9553908698528439,0.9976655396638285,True,True,False,,False,,True,True,False,,Sheet2,Sheet3,Sheet4,Sheet5,Sheet6
patient_10b_exp_2,2023_07_10_CGNs_isolated0807_CSF_9_480nm-fitc_svi_ROI_min0.1.xlsx,10b_1..25/2023_07_10_CGNs_isolated0807_CSF_9_480nm-fitc_svi_ROI_min0.1.xlsx,10b,SMA,1_25,ROI_041,AP,0.21202003338898165,False,4.59629462709199,9.159426853155253,514.0,57.12296240902645,1,False,True,1.3829807972074057e-05,-11.661009077285316,11.661036736901261,4.539453710562787,3.2684179068372075,5.810489514288367,8.821987966203093,7.220616990213525,10.42335894219266,0.1297677562104671,-10.268992811877025,10.52852832429796,100.00002444533729,-13237.276811572403,13437.276860463076,0.9992138705224716,0.9722078386870466,True,True,,,,2.179930209000109,0,False,False,,,,,,,,,,,,,,,,,,False,False,False,,False,,True,False,False,,Sheet2,Sheet3,Sheet4,Sheet5,Sheet6
patient_10b_exp_2,2023_07_10_CGNs_isolated0807_CSF_9_480nm-fitc_svi_ROI_min0.1.xlsx,10b_1..25/2023_07_10_CGNs_isolated0807_CSF_9_480nm-fitc_svi_ROI_min0.1.xlsx,10b,SMA,1_25,ROI_042,AQ,0.015025041736227046,False,2.9750479534795504,9.986594010174827,514.0,42.0406014213241,1,False,True,0.17160070719789347,-13.356458964271177,13.699660378666962,2.8274864471919177,1.5191306894861536,4.135842204897681,10.037057579642775,7.252410908680045,12.821704250605507,0.003351140840378434,-12.224538913078907,12.231241194759663,113.72130930397516,-664963.836126049,665191.2787446571,0.9989083498580276,0.9988162016589911,True,True,,,,16.13362111832893,0,False,False,,,,,,,,,,,,,,,,,,False,False,False,,False,,True,False,False,,Sheet2,Sheet3,Sheet4,Sheet5,Sheet6
patient_10b_exp_2,2023_07_10_CGNs_isolated0807_CSF_9_480nm-fitc_svi_ROI_min0.1.xlsx,10b_1..25/2023_07_10_CGNs_isolated0807_CSF_9_480nm-fitc_svi_ROI_min0.1.xlsx,10b,SMA,1_25,ROI_043,AR,0.21535893155258765,False,2.5456152086590675,10.059778119437112,514.0,34.808526969349685,1,False,True,0.08873454978436081,-5.740275130434532,5.917744230003254,2.460667106610673,1.7645506875624144,3.156783525658932,10.288849972644364,8.591286642039275,11.986413303249453,0.001817419745984364,-5.136110726532811,5.13974556602478,105.48719927964633,-507402.60595203994,507613.58035059925,0.9996672026618385,0.9992619568868223,True,True,,,,5.304716223907169,0,False,False,,,,,,,,,,,,,,,,,,False,False,False,,False,,True,False,False,,Sheet2,Sheet3,Sheet4,Sheet5,Sheet6
patient_10b_exp_2,2023_07_10_CGNs_isolated0807_CSF_9_480nm-fitc_svi_ROI_min0.1.xlsx,10b_1..25/2023_07_10_CGNs_isolated0807_CSF_9_480nm-fitc_svi_ROI_min0.1.xlsx,10b,SMA,1_25,ROI_044,AS,0.01335559265442404,False,2.538954470245577,10.414802568442155,514.0,37.70903605068541,1,False,True,7.095155379918421e-06,-3.3252512753585384,3.3252654656692986,2.311997170793761,1.86132092563587,2.762673415951652,10.429644028031188,9.262793454993759,11.596494601068617,0.22849203128002882,-2.649619455495625,3.106603518055683,100.83292682014694,-2149.891008977784,2351.556862618078,0.9998677320023263,0.9100598297786459,True,True,,,,9.826199322933821,0,False,False,,,,,,,,,,,,,,,,,,False,False,False,,False,,True,False,False,,Sheet2,Sheet3,Sheet4,Sheet5,Sheet6
patient_10b_exp_2,2023_07_10_CGNs_isolated0807_CSF_9_480nm-fitc_svi_ROI_min0.1.xlsx,10b_1..25/2023_07_10_CGNs_isolated0807_CSF_9_480nm-fitc_svi_ROI_min0.1.xlsx,10b,SMA,1_25,ROI_045,AT,0.00667779632721202,False,4.0756708398859445,9.207713440273551,514.0,53.642213289166584,1,False,True,2.2408715256145672e-08,-9.280479961656466,9.280480006473896,3.803700896791057,2.960994260114033,4.646407533468081,7.6876526032421015,6.455744156413618,8.919561050070584,0.34766006820687123,-8.094706357143592,8.790026493557333,100.08412092218882,-3763.871261016394,3964.039502860772,0.9989413388982619,0.9162539535496537,True,True,,,,4.842721679215627,0,False,False,,,,,,,,,,,,,,,,,,False,False,False,,False,,True,False,False,,Sheet2,Sheet3,Sheet4,Sheet5,Sheet6
patient_10b_exp_2,2023_07_10_CGNs_isolated0807_CSF_9_480nm-fitc_svi_ROI_min0.1.xlsx,10b_1..25/2023_07_10_CGNs_isolated0807_CSF_9_480nm-fitc_svi_ROI_min0.1.xlsx,10b,SMA,1_25,ROI_046,AU,0.005008347245409015,False,1.5962274579247893,8.230501475616677,514.0,18.07716755761475,1,False,True,0.045237351333254655,-4.343069206218426,4.433543908884935,1.584251689538043,1.27755812269772,1.890945256378366,7.627604958399397,6.5377585324414085,8.717451384357386,0.003199130254314232,-4.0795480046669645,4.085946265175593,111.82376364206034,-213006.77738505777,213230.42491234187,0.9990506516787054,0.9979847374076555,True,True,,,,13.832473011078083,0,False,False,,,,,,,,,,,,,,,,,,False,False,False,,False,,True,False,False,,Sheet2,Sheet3,Sheet4,Sheet5,Sheet6
patient_10b_exp_2,2023_07_10_CGNs_isolated0807_CSF_9_480nm-fitc_svi_ROI_min0.1.xlsx,10b_1..25/2023_07_10_CGNs_isolated0807_CSF_9_480nm-fitc_svi_ROI_min0.1.xlsx,10b,SMA,1_25,ROI_047,AV,0.00667779632721202,False,6.054903754091199,9.454533167742682,514.0,91.6635084670007,1,False,True,2.8795539970590554e-11,,,5.287967970204961,4.039140142635047,6.536795797774875,8.777328522661323,6.326399225329935,11.228257819992711,0.8791491389535028,-0.44488518951199596,2.2031834674190014,100.00000109958307,-292.4442504319297,492.4442526310958,0.9842950324967833,0.8574456876053279,True,True,,,,6.026145482675203,0,False,False,,,,,,,,,,,,,,,,,,False,False,False,,False,,True,False,False,,Sheet2,Sheet3,Sheet4,Sheet5,Sheet6
patient_10b_exp_2,2023_07_10_CGNs_isolated0807_CSF_9_480nm-fitc_svi_ROI_min0.1.xlsx,10b_1..25/2023_07_10_CGNs_isolated0807_CSF_9_480nm-fitc_svi_ROI_min0.1.xlsx,10b,SMA,1_25,ROI_048,AW,0.17195325542570952,False,2.0082416503526446,8.105914154805873,514.0,24.52810329056281,1,False,True,0.12953044844913872,-2.0422052413557945,2.301266138254072,1.9021982133118518,1.7210563556347558,2.083340070988948,7.559592388859187,7.000494787975788,8.118689989742585,6.6842646604867244e-06,-1.992577829841889,1.99259119837121,103.62404866933414,-48040612.86644369,48040820.11454104,0.9996418457794136,0.9999964860438174,True,True,,,,5.052483223006633,0,False,False,,,,,,,,,,,,,,,,,,False,False,False,,False,,True,False,False,,Sheet2,Sheet3,Sheet4,Sheet5,Sheet6
patient_10b_exp_2,2023_07_10_CGNs_isolated0807_CSF_9_480nm-fitc_svi_ROI_min0.1.xlsx,10b_1..25/2023_07_10_CGNs_isolated0807_CSF_9_480nm-fitc_svi_ROI_min0.1.xlsx,10b,SMA,1_25,ROI_049,AX,0.03005008347245409,False,1.5595041969295402,8.651031032316155,514.0,17.902388836145686,1,False,True,0.03373821623090158,-7.3990521073134685,7.466528539775271,1.5594163248976616,1.013481419166994,2.105351230628329,7.973430473226977,5.984987266679202,9.961873679774753,0.0008269703979625902,-6.8882775387158315,6.889931479511757,112.12475821939769,-1408574.5328558374,1408798.782372276,0.9976003634903091,0.9994699734326973,True,True,,,,18.48661807524105,0,False,False,,,,,,,,,,,,,,,,,,False,False,False,,False,,True,False,False,,Sheet2,Sheet3,Sheet4,Sheet5,Sheet6
patient_10b_exp_2,2023_07_10_CGNs_isolated0807_CSF_9_480nm-fitc_svi_ROI_min0.1.xlsx,10b_1..25/2023_07_10_CGNs_isolated0807_CSF_9_480nm-fitc_svi_ROI_min0.1.xlsx,10b,SMA,1_25,ROI_050,AY,0.0,False,5.465783149779825,8.059976138820218,514.0,66.46979381552273,1,False,True,0.35181021219850384,-2327.5961683632977,2328.2997887876945,5.373004993535208,4.4701039135882095,6.275906073482206,6.301201021529591,5.276441015523952,7.3259610275352305,0.008575771480564938,-2327.0246382450255,2327.0417897879865,1214.2513299297557,-338929416.5540041,338931845.056664,0.9967418442835585,0.998406458649415,True,True,,,,8.811029825455092,0,False,False,,,,,,,,,,,,,,,,,,False,False,False,,False,,True,False,False,,Sheet2,Sheet3,Sheet4,Sheet5,Sheet6
patient_10b_exp_2,2023_07_10_CGNs_isolated0807_CSF_9_480nm-fitc_svi_ROI_min0.1.xlsx,10b_1..25/2023_07_10_CGNs_isolated0807_CSF_9_480nm-fitc_svi_ROI_min0.1.xlsx,10b,SMA,1_25,ROI_051,AZ,0.04006677796327212,False,2.9315675147266287,7.850868691709763,514.0,32.972624455811015,2,True,True,0.11951824365402351,-7.596797810239157,7.835834297547204,2.8614891238074764,2.40753194527346,3.315446302341493,6.923063985477439,6.041820809726732,7.804307161228146,0.004440767652258017,-7.258853722094693,7.267735257399209,114.61861177997497,-270642.4632195032,270871.70044306316,0.9988952640337634,0.9984504967600599,True,True,,,,5.305666340158654,0,False,False,,,,,,,,,,,,,,,,,,False,False,False,,False,,True,False,False,,Sheet2,Sheet3,Sheet4,Sheet5,Sheet6
patient_10b_exp_2,2023_07_10_CGNs_isolated0807_CSF_9_480nm-fitc_svi_ROI_min0.1.xlsx,10b_1..25/2023_07_10_CGNs_isolated0807_CSF_9_480nm-fitc_svi_ROI_min0.1.xlsx,10b,SMA,1_25,ROI_052,BA,0.08681135225375626,False,3.61037830341827,7.203733278601874,514.0,36.00531837638269,1,False,True,0.1325318028409066,-5.722444293281211,5.987507898963025,3.5334897452200704,3.2710646806883616,3.795914809751779,5.66654403553115,5.2631540870019595,6.06993398406034,0.00017635386824832986,-5.592143962506691,5.592496670243188,117.1029812807428,-5126050.238650494,5126284.444613055,0.9992973657397786,0.9999500932280235,True,True,,,,3.647882781865492,0,False,False,,,,,,,,,,,,,,,,,,False,False,False,,False,,True,False,False,,Sheet2,Sheet3,Sheet4,Sheet5,Sheet6
patient_10b_exp_2,2023_07_10_CGNs_isolated0807_CSF_9_480nm-fitc_svi_ROI_min0.1.xlsx,10b_1..25/2023_07_10_CGNs_isolated0807_CSF_9_480nm-fitc_svi_ROI_min0.1.xlsx,10b,SMA,1_25,ROI_053,BB,0.00667779632721202,False,5.345478598463819,9.731805666251205,514.0,70.70921603399466,1,False,True,3.243237084036921e-05,-30.28102617585327,30.28109104059495,5.166974963122435,1.0964759890318874,9.237473937212982,10.234058847148361,5.550349463446137,14.917768230850585,0.1006414656555727,-26.141921748975122,26.34320468028627,100.00003961452666,-46010.59802476552,46210.59810399457,0.9974723317577998,0.980894306368674,True,True,,,,7.013929161916028,0,False,False,,,,,,,,,,,,,,,,,,False,False,False,,False,,True,False,False,,Sheet2,Sheet3,Sheet4,Sheet5,Sheet6
patient_10b_exp_2,2023_07_10_CGNs_isolated0807_CSF_9_480nm-fitc_svi_ROI_min0.1.xlsx,10b_1..25/2023_07_10_CGNs_isolated0807_CSF_9_480nm-fitc_svi_ROI_min0.1.xlsx,10b,SMA,1_25,ROI_054,BC,0.08180300500834725,False,4.529810451875268,27.514886080994927,515.0,124.36672738506297,1,False,True,5.515640539782306e-12,,,1.941591374214048,1.4842370718830584,2.3989456765450377,8.017360155749495,5.59070082385279,10.4440194876462,2.623641809864672,2.1354786195692532,3.1118050001600905,100.0000015427344,48.970571072397554,151.02943201307124,0.987286736185353,0.42529949641682285,True,True,0.3611490573277937,45.460893957151285,255.0,19.129003981142354,2,True,True,2.1387449052387685e-06,-2.127226904225726,2.1272311817155365,0.4231138657614541,-7.961453764646787,8.807681496169696,35.97591452564933,-217.07200943105929,289.023838482358,2.2676560364621984e-06,-6.327966939250701,6.327971474562774,100.00025567727867,-407560357.35419434,407560557.35470575,0.8439185414001101,0.9999946405824375,True,True,False,,False,,True,True,False,,Sheet2,Sheet3,Sheet4,Sheet5,Sheet6
patient_10b_exp_2,2023_07_10_CGNs_isolated0807_CSF_9_480nm-fitc_svi_ROI_min0.1.xlsx,10b_1..25/2023_07_10_CGNs_isolated0807_CSF_9_480nm-fitc_svi_ROI_min0.1.xlsx,10b,SMA,1_25,ROI_055,BD,0.04006677796327212,False,4.248740725532486,12.15304458179304,514.0,68.60534609693318,1,False,True,1.3891541771082579e-08,,,4.1751468389026885,3.527825120626398,4.822468557178979,13.679960639253183,11.983825946824474,15.376095331681892,0.061044142186834335,-0.602067084801722,0.7241553691753906,100.00000044151682,-2019.5883558959317,2219.5883567789656,0.9991475014721384,0.9855898512462404,True,True,0.38203479268143387,15.53517236235308,318.0,10.859416955173518,1,False,True,0.014604242252641652,-0.0858734077145477,0.11508189221983099,0.39365558395943534,0.3634403680359759,0.4238707998828948,6.347876203295812,5.453363220227839,7.242389186363784,0.0009365561305981909,-0.07456578791043712,0.0764389001716335,101.1313202123051,-20813.19764517565,21015.46028560026,0.9573187084661422,0.9976265210696177,True,True,False,,False,,True,True,False,,Sheet2,Sheet3,Sheet4,Sheet5,Sheet6
patient_10b_exp_2,2023_07_10_CGNs_isolated0807_CSF_9_480nm-fitc_svi_ROI_min0.1.xlsx,10b_1..25/2023_07_10_CGNs_isolated0807_CSF_9_480nm-fitc_svi_ROI_min0.1.xlsx,10b,SMA,1_25,ROI_056,BE,0.1335559265442404,False,5.2640207983146645,11.824472381548787,514.0,89.62398528214582,1,False,True,0.4645834723957601,-25.31157915403076,26.240746098822278,4.957970441652022,1.4153476091909676,8.500593274113076,10.871824702954884,6.52663745462587,15.217011951283897,0.0029359741223392165,-22.257796992084106,22.263668940328788,102.89296708137547,-1386950.979899499,1387156.765833662,0.9985285842477178,0.9994081778860001,True,True,0.14530146406251268,18.023157470637784,315.0,6.302198333882691,1,False,True,2.0736749643884243e-08,,,0.17831130029757947,,,8.692225434094848,,,1.0456696268138028e-12,,,100.00002117796718,,,0.8195349292967743,0.9999999999941357,True,True,False,,False,,True,True,False,,Sheet2,Sheet3,Sheet4,Sheet5,Sheet6
patient_10b_exp_2,2023_07_10_CGNs_isolated0807_CSF_9_480nm-fitc_svi_ROI_min0.1.xlsx,10b_1..25/2023_07_10_CGNs_isolated0807_CSF_9_480nm-fitc_svi_ROI_min0.1.xlsx,10b,SMA,1_25,ROI_057,BF,0.20534223706176963,False,5.3962024212365405,10.68175600172907,513.0,86.26590583023507,1,False,True,0.41953798841090156,-91.52861501672699,92.36769099354878,5.445199176033927,-2.267999823690398,13.15839817575825,10.246713821003125,1.5886986771059242,18.904728964900325,0.0057647488845225916,-84.27255325871363,84.28408275648266,122.50054447846095,-2765922.938211767,2766167.9393007243,0.9906202101857764,0.9989424349594079,True,True,,,,1.4333906806188554,0,False,False,,,,,,,,,,,,,,,,,,False,False,False,,False,,True,False,False,,Sheet2,Sheet3,Sheet4,Sheet5,Sheet6
patient_10b_exp_2,2023_07_10_CGNs_isolated0807_CSF_9_480nm-fitc_svi_ROI_min0.1.xlsx,10b_1..25/2023_07_10_CGNs_isolated0807_CSF_9_480nm-fitc_svi_ROI_min0.1.xlsx,10b,SMA,1_25,ROI_058,BG,0.0,False,5.86533183944509,10.660181979183278,514.0,81.90150744027233,1,False,True,0.05565405508646967,-38.647340433761634,38.75864854393458,6.054443966306005,2.0104161438931047,10.098471788718905,10.27185492485665,6.239418952485276,14.304290897228022,0.0008842330873668451,-34.686598380895816,34.688366847070554,111.57485185546992,-7159830.478054708,7160053.627758419,0.9980479697508928,0.9998539743745921,True,True,,,,9.164659733287879,0,False,False,,,,,,,,,,,,,,,,,,False,False,False,,False,,True,False,False,,Sheet2,Sheet3,Sheet4,Sheet5,Sheet6
patient_10b_exp_2,2023_07_10_CGNs_isolated0807_CSF_9_480nm-fitc_svi_ROI_min0.1.xlsx,10b_1..25/2023_07_10_CGNs_isolated0807_CSF_9_480nm-fitc_svi_ROI_min0.1.xlsx,10b,SMA,1_25,ROI_059,BH,0.01669449081803005,False,5.797651230483379,11.557178011026622,514.0,95.91527803749047,1,False,True,1.200199644094146e-05,-29.004886736382755,29.00491074037564,5.304214118575314,1.6232696804435034,8.985158556707125,10.485238401784452,6.30555721715811,14.664919586410793,0.6628289775735556,-24.688627361363686,26.014285316510794,104.01489403802594,-6793.125007039066,7001.154795115118,0.998366907615237,0.8889183525419239,True,True,,,,9.247111770004402,0,False,False,,,,,,,,,,,,,,,,,,False,False,False,,False,,True,False,False,,Sheet2,Sheet3,Sheet4,Sheet5,Sheet6
patient_10b_exp_2,2023_07_10_CGNs_isolated0807_CSF_9_480nm-fitc_svi_ROI_min0.1.xlsx,10b_1..25/2023_07_10_CGNs_isolated0807_CSF_9_480nm-fitc_svi_ROI_min0.1.xlsx,10b,SMA,1_25,ROI_060,BI,0.0,False,5.721266698600877,8.822258232510762,514.0,66.62118637573487,1,False,True,0.07227256921581045,-16.116924594765095,16.26146973319672,5.70229715727559,4.452860471774877,6.951733842776302,8.222110890583952,6.971068992573796,9.473152788594108,0.002013738911621423,-14.943630743107102,14.947658220930345,111.60316273069873,-1262217.232162823,1262440.4384882846,0.9992083555142209,0.9996469794602241,True,True,,,,7.845219603145887,0,False,False,,,,,,,,,,,,,,,,,,False,False,False,,False,,True,False,False,,Sheet2,Sheet3,Sheet4,Sheet5,Sheet6
patient_10b_exp_2,2023_07_10_CGNs_isolated0807_CSF_9_480nm-fitc_svi_ROI_min0.1.xlsx,10b_1..25/2023_07_10_CGNs_isolated0807_CSF_9_480nm-fitc_svi_ROI_min0.1.xlsx,10b,SMA,1_25,ROI_061,BJ,0.10684474123539232,False,6.070970017151702,8.691919732122415,514.0,78.72341137069122,1,False,True,0.4264464254159812,-3140.9847204891585,3141.8376133399906,5.957642736944053,4.63263675879436,7.282648715093746,6.878610105425195,5.513059703039781,8.244160507810609,0.009584259390205426,-3140.064434709381,3140.0836032281613,1214.2942989379442,-409633331.7847414,409635760.3733393,0.9962222249770618,0.9983938503770523,True,True,,,,2.588209727452694,0,False,False,,,,,,,,,,,,,,,,,,False,False,False,,False,,True,False,False,,Sheet2,Sheet3,Sheet4,Sheet5,Sheet6
patient_10b_exp_2,2023_07_10_CGNs_isolated0807_CSF_9_480nm-fitc_svi_ROI_min0.1.xlsx,10b_1..25/2023_07_10_CGNs_isolated0807_CSF_9_480nm-fitc_svi_ROI_min0.1.xlsx,10b,SMA,1_25,ROI_062,BK,0.0,False,4.902671335104885,9.135268317078442,514.0,60.663016151032004,1,False,True,0.13780250281749062,-13.031563806233939,13.307168811868921,4.806539480056039,3.8379363889567992,5.775142571155279,8.721090921624347,7.547227880080648,9.894953963168046,0.003089581018964267,-12.202283170615017,12.208462332652944,117.8863245316819,-700561.3913085326,700797.1639575958,0.9995065460224852,0.9993576259250492,True,True,,,,7.828417817895857,0,False,False,,,,,,,,,,,,,,,,,,False,False,False,,False,,True,False,False,,Sheet2,Sheet3,Sheet4,Sheet5,Sheet6
patient_10b_exp_2,2023_07_10_CGNs_isolated0807_CSF_9_480nm-fitc_svi_ROI_min0.1.xlsx,10b_1..25/2023_07_10_CGNs_isolated0807_CSF_9_480nm-fitc_svi_ROI_min0.1.xlsx,10b,SMA,1_25,ROI_063,BL,0.038397328881469114,False,3.9873265752411013,10.597031892841528,514.0,56.793786297831396,1,False,True,0.08717344381932304,-12.15205110358816,12.326397991226806,3.934899945097848,2.5388072510550694,5.330992639140627,11.014571700167897,8.819531512891635,13.20961188744416,0.0015007835953716863,-10.851065565746277,10.85406713293702,112.26835906561256,-1359306.7358683317,1359531.2725864628,0.9996421455219067,0.9996187421711331,True,True,,,,2.269661837484259,0,False,False,,,,,,,,,,,,,,,,,,False,False,False,,False,,True,False,False,,Sheet2,Sheet3,Sheet4,Sheet5,Sheet6
patient_10b_exp_2,2023_07_10_CGNs_isolated0807_CSF_9_480nm-fitc_svi_ROI_min0.1.xlsx,10b_1..25/2023_07_10_CGNs_isolated0807_CSF_9_480nm-fitc_svi_ROI_min0.1.xlsx,10b,SMA,1_25,ROI_064,BM,0.0,False,5.213187131525732,8.572824733331458,514.0,67.94221939155217,1,False,True,0.42859601562175265,-4361.552702769311,4362.409894800555,5.192771584033573,3.743961620815358,6.641581547251788,6.1414674447160325,4.468525608684755,7.81440928074731,0.009067189787803331,-4360.511515907467,4360.529650287042,1299.2608597218527,-641375140.5809653,641377739.1026847,0.9904819637430635,0.9982569260251904,True,True,,,,6.305510463242654,0,False,False,,,,,,,,,,,,,,,,,,False,False,False,,False,,True,False,False,,Sheet2,Sheet3,Sheet4,Sheet5,Sheet6
patient_10b_exp_2,2023_07_10_CGNs_isolated0807_CSF_9_480nm-fitc_svi_ROI_min0.1.xlsx,10b_1..25/2023_07_10_CGNs_isolated0807_CSF_9_480nm-fitc_svi_ROI_min0.1.xlsx,10b,SMA,1_25,ROI_065,BN,0.00667779632721202,False,2.8207006685528855,7.428862142313733,514.0,28.549483450750607,1,False,True,0.0754236752128178,-4.308428954277121,4.459276304702756,2.7710500023071623,2.527852861259857,3.0142471433544675,6.384048875318047,5.902604843927727,6.865492906708368,0.0022464705490760246,-4.138658417331651,4.143151358429803,112.83139257387435,-297487.5690481633,297713.2318333111,0.9994809691259589,0.9991899637954097,True,True,0.44743171370967755,8.334257241903373,200.0,18.450139584736586,1,False,True,0.08446976784825948,-0.3793144068339771,0.5482539425304961,0.3486445565851574,0.33768607742453155,0.3596030357457833,5.1865271054651165,4.845640981219442,5.527413229710791,0.03240463934352406,-0.4234512454127797,0.4882605240998278,341.82746786283263,-5602.549026164385,6286.20396189005,0.9856136344476326,0.9149594338742837,True,True,False,,False,,True,True,False,,Sheet2,Sheet3,Sheet4,Sheet5,Sheet6
patient_10b_exp_2,2023_07_10_CGNs_isolated0807_CSF_9_480nm-fitc_svi_ROI_min0.1.xlsx,10b_1..25/2023_07_10_CGNs_isolated0807_CSF_9_480nm-fitc_svi_ROI_min0.1.xlsx,10b,SMA,1_25,ROI_066,BO,0.18530884808013356,False,2.1149465491016546,9.67206838208358,514.0,28.93349777883703,1,False,True,0.11798386851005045,-6.518736499022356,6.754704236042457,2.0301826728731975,1.4885702659276574,2.5717950798187377,9.04650379514701,7.483446495580311,10.60956109471371,0.002423137171217676,-6.09558648918805,6.100432763530486,115.06503357737002,-445791.4347575809,446021.5648247357,0.9993174844581953,0.9988078666511512,True,True,,,,7.840160077529217,0,False,False,,,,,,,,,,,,,,,,,,False,False,False,,False,,True,False,False,,Sheet2,Sheet3,Sheet4,Sheet5,Sheet6
patient_10b_exp_2,2023_07_10_CGNs_isolated0807_CSF_9_480nm-fitc_svi_ROI_min0.1.xlsx,10b_1..25/2023_07_10_CGNs_isolated0807_CSF_9_480nm-fitc_svi_ROI_min0.1.xlsx,10b,SMA,1_25,ROI_067,BP,0.00333889816360601,False,2.5814362074427617,9.136982674278102,514.0,32.53483646763396,1,False,True,0.08956192294408959,-3.9161081250938747,4.095231970982054,2.5170322985570666,2.1315917087034717,2.9024728884106614,8.933041892173824,8.047357206803127,9.81872657754452,0.0029103269727966253,-3.619702740975434,3.6255233949210277,106.30898502896919,-212482.4184911003,212695.03646115825,0.9997687781625996,0.9988450820493642,True,True,,,,10.374585434379082,0,False,False,,,,,,,,,,,,,,,,,,False,False,False,,False,,True,False,False,,Sheet2,Sheet3,Sheet4,Sheet5,Sheet6
patient_10b_exp_2,2023_07_10_CGNs_isolated0807_CSF_9_480nm-fitc_svi_ROI_min0.1.xlsx,10b_1..25/2023_07_10_CGNs_isolated0807_CSF_9_480nm-fitc_svi_ROI_min0.1.xlsx,10b,SMA,1_25,ROI_068,BQ,0.015025041736227046,False,5.947912998486449,9.49284610780569,514.0,71.68767572919658,1,False,True,4.1008695580170134e-11,,,6.10460742879483,6.031523663471149,6.177691194118512,9.415507276946196,9.225823803613926,9.605190750278465,1.144854506710092e-12,,,100.00000000023918,,,0.9978807760720384,0.9999999999998125,True,True,,,,4.326681487583686,0,False,False,,,,,,,,,,,,,,,,,,False,False,False,,False,,True,False,False,,Sheet2,Sheet3,Sheet4,Sheet5,Sheet6
patient_10b_exp_2,2023_07_10_CGNs_isolated0807_CSF_9_480nm-fitc_svi_ROI_min0.1.xlsx,10b_1..25/2023_07_10_CGNs_isolated0807_CSF_9_480nm-fitc_svi_ROI_min0.1.xlsx,10b,SMA,1_25,ROI_069,BR,0.021702838063439065,False,2.4016153283296604,8.270759594810272,514.0,29.643025817939012,1,False,True,0.15332648751967737,-4.075355577118687,4.382008552158043,2.2639947899684745,1.9581612563961286,2.5698283235408206,7.504754185473345,6.748508322751178,8.261000048195513,0.0028450971022938214,-3.921151712635327,3.9268419068399147,109.16200849348112,-226568.01580477288,226786.33982175982,0.999499075193605,0.9987449060171734,True,True,,,,4.927930655888833,0,False,False,,,,,,,,,,,,,,,,,,False,False,False,,False,,True,False,False,,Sheet2,Sheet3,Sheet4,Sheet5,Sheet6
patient_10b_exp_2,2023_07_10_CGNs_isolated0807_CSF_9_480nm-fitc_svi_ROI_min0.1.xlsx,10b_1..25/2023_07_10_CGNs_isolated0807_CSF_9_480nm-fitc_svi_ROI_min0.1.xlsx,10b,SMA,1_25,ROI_070,BS,0.02671118530884808,False,0.294410749149324,14.901878840515167,514.0,6.599672368947356,1,False,True,6.7068583471099964e-06,-1.4370426503738922,1.4370560640905865,0.1499769351575026,0.04481631220144974,0.25513755811355543,6.422936570235304,2.6275324439468273,10.218340696523782,0.13811939177679053,-1.1941053944240556,1.4703441779776365,100.00003083467489,-1362.9753090157865,1562.975370685136,0.9822094324236452,0.5205791297426303,True,True,0.16138317246756187,66.00370921916132,253.0,11.195317750961298,1,False,True,0.07286838722369794,-0.17038511272183737,0.3161218871692333,0.0786303528328281,-0.10572568802445842,0.2629863936901146,17.832132230187188,-11.89269098546216,47.556955445836536,0.0001403230887220375,-0.08022647980731926,0.08050712598476334,107.06251189357977,-453474.1984106749,453688.323434462,0.6972035207679049,0.9982185872206836,True,True,False,,False,,True,True,False,,Sheet2,Sheet3,Sheet4,Sheet5,Sheet6
patient_10b_exp_2,2023_07_10_CGNs_isolated0807_CSF_9_480nm-fitc_svi_ROI_min0.1.xlsx,10b_1..25/2023_07_10_CGNs_isolated0807_CSF_9_480nm-fitc_svi_ROI_min0.1.xlsx,10b,SMA,1_25,ROI_071,BT,0.07178631051752922,False,1.1314153447258013,10.05034216050882,514.0,16.775909317163453,1,False,True,0.0860662480757875,-8.539154546462505,8.711287042614082,1.093436124259883,0.35448144612230714,1.8323908023974587,9.321846857274814,5.332932275278899,13.310761439270728,0.0006301884568819032,-7.889806100005556,7.89106647691932,114.63794997573416,-2234628.3838666147,2234857.659766566,0.996337225080445,0.9994239942775341,True,True,,,,15.75711341649479,0,False,False,,,,,,,,,,,,,,,,,,False,False,False,,False,,True,False,False,,Sheet2,Sheet3,Sheet4,Sheet5,Sheet6
patient_10b_exp_2,2023_07_10_CGNs_isolated0807_CSF_9_480nm-fitc_svi_ROI_min0.1.xlsx,10b_1..25/2023_07_10_CGNs_isolated0807_CSF_9_480nm-fitc_svi_ROI_min0.1.xlsx,10b,SMA,1_25,ROI_072,BU,0.12520868113522537,False,3.39603163601715,8.303495018273225,514.0,38.767331417817985,1,False,True,0.10561954996082341,-6.917009987797928,7.128249087719575,3.34891581074812,2.870773826298175,3.827057795198065,7.522205765318591,6.720017711140529,8.324393819496652,0.00413587935303362,-6.542008824465841,6.550280583171909,112.26936863258678,-263845.63442179735,264070.1731590625,0.9994396089324329,0.9987665327781127,True,True,,,,2.9105411805621277,0,False,False,,,,,,,,,,,,,,,,,,False,False,False,,False,,True,False,False,,Sheet2,Sheet3,Sheet4,Sheet5,Sheet6
patient_10b_exp_2,2023_07_10_CGNs_isolated0807_CSF_9_480nm-fitc_svi_ROI_min0.1.xlsx,10b_1..25/2023_07_10_CGNs_isolated0807_CSF_9_480nm-fitc_svi_ROI_min0.1.xlsx,10b,SMA,1_25,ROI_073,BV,0.0,False,3.9217134790239254,7.279565280394138,513.0,45.7630378057872,1,False,True,0.2799593131104772,-10834.45196830398,10835.011886930202,4.0811159153591,2.8102538128335617,5.351978017884639,5.6156840264975605,3.725719912080426,7.505648140914695,0.009063863088571366,-10833.43461343207,10833.452741158246,2094.979859182126,-2543483836.929543,2543488026.8892617,0.9817872283851351,0.9977839939612602,True,True,,,,6.919848809107488,0,False,False,,,,,,,,,,,,,,,,,,False,False,False,,False,,True,False,False,,Sheet2,Sheet3,Sheet4,Sheet5,Sheet6
patient_10b_exp_2,2023_07_10_CGNs_isolated0807_CSF_9_480nm-fitc_svi_ROI_min0.1.xlsx,10b_1..25/2023_07_10_CGNs_isolated0807_CSF_9_480nm-fitc_svi_ROI_min0.1.xlsx,10b,SMA,1_25,ROI_074,BW,0.09682804674457429,False,3.8285909632265955,7.5777611145565515,513.0,44.059469666980206,1,False,True,0.23282265478262637,-9380.776103153967,9381.241748463533,4.054223063160692,2.595118788271104,5.51332733805028,5.874666484741681,3.7384211331069825,8.01091183637638,0.00868399181556253,-9379.536061390094,9379.553429373724,1855.5478204244196,-2040342710.2053828,2040346421.3010235,0.979391475802615,0.9978626161765314,True,True,0.11889394711424178,1.0125271030995862,200.0,2.407614486905918,1,False,True,0.006881196799404582,-1.0953025120777862,1.1090649056765955,0.052472992327145584,0.020550147691064988,0.08439583696322618,2.8996745857112147,-0.7352761953093312,6.534625366731761,0.0005085524319591215,-1.0875345071215483,1.0885516119854663,342.4069074762294,-886670.0468618813,887354.8606768338,0.07298748980007297,0.9904013287217012,True,True,False,,False,,True,True,False,,Sheet2,Sheet3,Sheet4,Sheet5,Sheet6
patient_10b_exp_2,2023_07_10_CGNs_isolated0807_CSF_9_480nm-fitc_svi_ROI_min0.1.xlsx,10b_1..25/2023_07_10_CGNs_isolated0807_CSF_9_480nm-fitc_svi_ROI_min0.1.xlsx,10b,SMA,1_25,ROI_075,BX,0.05342237061769616,False,1.3990345925014367,8.457795528078066,514.0,19.124144749099063,1,False,True,1.5329323269720117e-11,,,1.1936826808832872,1.172387037710928,1.2149783240556464,6.802981512709637,6.516319815684915,7.089643209734359,0.19792594465690352,0.18305834656483036,0.2127935427489767,100.00000001111835,,,0.9970407214191092,0.857771832522184,True,True,,,,5.1690131565244934,0,False,False,,,,,,,,,,,,,,,,,,False,False,False,,False,,True,False,False,,Sheet2,Sheet3,Sheet4,Sheet5,Sheet6
patient_10b_exp_2,2023_07_10_CGNs_isolated0807_CSF_9_480nm-fitc_svi_ROI_min0.1.xlsx,10b_1..25/2023_07_10_CGNs_isolated0807_CSF_9_480nm-fitc_svi_ROI_min0.1.xlsx,10b,SMA,1_25,ROI_076,BY,0.005008347245409015,False,3.1128041135098483,7.775214184630045,513.0,36.743883128003645,1,False,True,0.1862273839832207,-13725.153076732753,13725.52553150072,3.3525629501294985,1.9469731422977545,4.758152757961242,5.455887322275864,2.9605754876263486,7.95119915692538,0.01522413099295863,-13723.900556320654,13723.93100458264,2198.803095428298,-2011393102.248981,2011397499.8551717,0.9601491434965791,0.9954794853040756,True,True,0.5389225033253063,4.200374250781323,202.0,43.79892222210104,10,True,True,0.24290658807230286,-27065.663539061847,27066.14935223799,0.034733790815997034,-0.43605463725273874,0.5055222188847328,12.731007179692302,-221.18588678999092,246.64790114937554,0.047445620094617634,-27065.371279691568,27065.466170931755,13739.58730941847,-7886389341.872204,7886416821.0468235,-0.026126915210242796,0.42265806521509947,True,True,False,,False,,True,True,False,,Sheet2,Sheet3,Sheet4,Sheet5,Sheet6
patient_10b_exp_2,2023_07_10_CGNs_isolated0807_CSF_9_480nm-fitc_svi_ROI_min0.1.xlsx,10b_1..25/2023_07_10_CGNs_isolated0807_CSF_9_480nm-fitc_svi_ROI_min0.1.xlsx,10b,SMA,1_25,ROI_077,BZ,0.028380634390651086,False,5.6261158409958,9.092375276443136,513.0,75.3683307920341,1,False,True,0.2678098447858037,-151822.09454458166,151822.63016427122,6.129590773593724,0.7915681890715689,11.467613358115878,7.56838022339576,2.056085339583835,13.080675107207686,0.04869758015384342,-151816.95646623342,151817.0538613937,4429.774434038523,-13925379604.890898,13925388464.439764,0.9673066536188427,0.9921179496058475,True,True,,,,4.1558272514021795,0,False,False,,,,,,,,,,,,,,,,,,False,False,False,,False,,True,False,False,,Sheet2,Sheet3,Sheet4,Sheet5,Sheet6
patient_10b_exp_2,2023_07_10_CGNs_isolated0807_CSF_9_480nm-fitc_svi_ROI_min0.1.xlsx,10b_1..25/2023_07_10_CGNs_isolated0807_CSF_9_480nm-fitc_svi_ROI_min0.1.xlsx,10b,SMA,1_25,ROI_078,CA,0.13856427378964942,False,4.121919467222462,11.584970605356489,514.0,59.60044751911649,1,False,True,9.961562408756309e-12,,,4.220057506963422,4.160146407662903,4.2799686062639415,12.14292780741174,11.843193664840452,12.442661949983027,2.917587382391711e-11,,,100.00000000073273,,,0.9964346720366011,0.9999999999930864,True,True,,,,5.234474084045732,0,False,False,,,,,,,,,,,,,,,,,,False,False,False,,False,,True,False,False,,Sheet2,Sheet3,Sheet4,Sheet5,Sheet6
patient_10b_exp_2,2023_07_10_CGNs_isolated0807_CSF_9_480nm-fitc_svi_ROI_min0.1.xlsx,10b_1..25/2023_07_10_CGNs_isolated0807_CSF_9_480nm-fitc_svi_ROI_min0.1.xlsx,10b,SMA,1_25,ROI_079,CB,0.1652754590984975,False,2.341998686688982,10.873799209696529,514.0,31.08380397288099,1,False,True,8.703091192516938e-10,,,2.4281390053955647,2.3846280259517485,2.471649984839381,10.317778998304584,10.003471783497243,10.632086213111926,2.3585326435649374e-11,,,100.00000002404305,-25900786456.714043,25900786656.714043,0.9949669786965772,0.9999999999902868,True,True,,,,2.07955010336752,0,False,False,,,,,,,,,,,,,,,,,,False,False,False,,False,,True,False,False,,Sheet2,Sheet3,Sheet4,Sheet5,Sheet6
patient_10b_exp_2,2023_07_10_CGNs_isolated0807_CSF_9_480nm-fitc_svi_ROI_min0.1.xlsx,10b_1..25/2023_07_10_CGNs_isolated0807_CSF_9_480nm-fitc_svi_ROI_min0.1.xlsx,10b,SMA,1_25,ROI_080,CC,0.01001669449081803,False,2.996982274203948,7.528349691423443,513.0,31.35477447024161,1,False,True,0.08052055903195798,-3262.9763054077553,3263.137346525819,3.2679628117809334,2.018913261412526,4.517012362149341,6.152484085713154,3.8253025190214487,8.47966565240486,0.003768487635752669,-3261.7882540686064,3261.7957910438777,1213.2552840317044,-1080064986.5040743,1080067413.0146425,0.983010613496261,0.9988481671351115,True,True,,,,32.29931425290741,0,False,False,,,,,,,,,,,,,,,,,,False,False,False,,False,,True,False,False,,Sheet2,Sheet3,Sheet4,Sheet5,Sheet6
patient_10b_exp_2,2023_07_10_CGNs_isolated0807_CSF_9_480nm-fitc_svi_ROI_min0.1.xlsx,10b_1..25/2023_07_10_CGNs_isolated0807_CSF_9_480nm-fitc_svi_ROI_min0.1.xlsx,10b,SMA,1_25,ROI_081,CD,0.2020033388981636,False,2.5875854609639632,10.573387500002127,514.0,42.396999187155046,1,False,True,0.2657551958339673,-384.854869062869,385.3863794545369,2.4449985519884336,0.9954642474016369,3.89453285657523,8.35844655671409,4.641402298298768,12.075490815129413,0.05651163474863339,-383.6104723615681,383.72349563106536,461.14195051934735,-3413540.391837087,3414462.6757381256,0.9919249383588475,0.9774089927563533,True,True,,,,4.580025852752773,0,False,False,,,,,,,,,,,,,,,,,,False,False,False,,False,,True,False,False,,Sheet2,Sheet3,Sheet4,Sheet5,Sheet6
patient_10b_exp_2,2023_07_10_CGNs_isolated0807_CSF_9_480nm-fitc_svi_ROI_min0.1.xlsx,10b_1..25/2023_07_10_CGNs_isolated0807_CSF_9_480nm-fitc_svi_ROI_min0.1.xlsx,10b,SMA,1_25,ROI_082,CE,0.14691151919866444,False,3.543131152284339,10.22005198596861,514.0,45.224517963049095,1,False,True,9.47849073184987e-08,-0.04647840607153447,0.04647859564134911,3.6172528000962116,3.5604404496702147,3.6740651505222086,10.098092574821028,9.673861624636727,10.522323525005328,9.590446644410224e-10,,,100.00001659146913,-3330375571.4530525,3330375771.453086,0.9971210454586912,0.9999999997348693,True,True,,,,3.9621565573929365,0,False,False,,,,,,,,,,,,,,,,,,False,False,False,,False,,True,False,False,,Sheet2,Sheet3,Sheet4,Sheet5,Sheet6
patient_10b_exp_2,2023_07_10_CGNs_isolated0807_CSF_9_480nm-fitc_svi_ROI_min0.1.xlsx,10b_1..25/2023_07_10_CGNs_isolated0807_CSF_9_480nm-fitc_svi_ROI_min0.1.xlsx,10b,SMA,1_25,ROI_083,CF,0.028380634390651086,False,3.06783873633162,8.745852808487882,514.0,36.48581696990635,1,False,True,0.0920563350939192,-11.54625173837307,11.73036440856091,3.0681105093020906,2.197051004464688,3.9391700141394934,8.107960732084946,6.4898390257353356,9.726082438434556,0.0027296362997563293,-10.768358107838639,10.773817380438151,112.23305427257061,-670322.2674444913,670546.7335530365,0.9985561524651688,0.9991111109109128,True,True,,,,8.827420989756915,0,False,False,,,,,,,,,,,,,,,,,,False,False,False,,False,,True,False,False,,Sheet2,Sheet3,Sheet4,Sheet5,Sheet6
patient_10b_exp_2,2023_07_10_CGNs_isolated0807_CSF_9_480nm-fitc_svi_ROI_min0.1.xlsx,10b_1..25/2023_07_10_CGNs_isolated0807_CSF_9_480nm-fitc_svi_ROI_min0.1.xlsx,10b,SMA,1_25,ROI_084,CG,0.19365609348914858,False,3.411725160408339,9.731231255227556,514.0,43.31869477404569,1,False,True,0.056107436928757796,-16.532804536607003,16.64501941046452,3.4563918031144536,1.9567112177008108,4.956072388528097,9.321062404617628,6.76766615940333,11.874458649831926,0.0010959039441446254,-15.096928820109843,15.099120627998131,112.0165139677576,-2435500.8688811385,2435724.9019090743,0.9985213361282972,0.9996830346086532,True,True,,,,0.6165479222795449,0,False,False,,,,,,,,,,,,,,,,,,False,False,False,,False,,True,False,False,,Sheet2,Sheet3,Sheet4,Sheet5,Sheet6
patient_10b_exp_2,2023_07_10_CGNs_isolated0807_CSF_9_480nm-fitc_svi_ROI_min0.1.xlsx,10b_1..25/2023_07_10_CGNs_isolated0807_CSF_9_480nm-fitc_svi_ROI_min0.1.xlsx,10b,SMA,1_25,ROI_085,CH,0.10851419031719532,False,2.300434833944994,10.637781600669484,514.0,33.46402063272738,1,False,True,0.09135942914405089,-8.842762312786128,9.02548117107423,2.23266479438078,1.2553313395474195,3.2099982492141406,10.798631060498796,8.10753311469987,13.489729006297722,0.0012669108471958645,-7.96211393368493,7.964647755379322,112.86033374904915,-1173934.9761888646,1174160.6968563627,0.9993814962472871,0.999432878433915,True,True,,,,1.9404428820805646,0,False,False,,,,,,,,,,,,,,,,,,False,False,False,,False,,True,False,False,,Sheet2,Sheet3,Sheet4,Sheet5,Sheet6
patient_10b_exp_2,2023_07_10_CGNs_isolated0807_CSF_9_480nm-fitc_svi_ROI_min0.1.xlsx,10b_1..25/2023_07_10_CGNs_isolated0807_CSF_9_480nm-fitc_svi_ROI_min0.1.xlsx,10b,SMA,1_25,ROI_086,CI,0.18864774624373956,False,2.899621496573679,10.785143213921515,514.0,43.71680631318582,1,False,True,0.00011676072634982432,-9.76561745210284,9.765850973555539,2.6381662324678,1.1603743665190758,4.115958098416525,11.160898316283232,7.738211226591727,14.583585405974738,0.22225025621274658,-8.077636062322565,8.522136574748057,100.48668476037616,-6795.74924181277,6996.722611333523,0.9992842906703508,0.9223014350909206,True,True,,,,4.942483915154225,0,False,False,,,,,,,,,,,,,,,,,,False,False,False,,False,,True,False,False,,Sheet2,Sheet3,Sheet4,Sheet5,Sheet6
patient_10b_exp_2,2023_07_10_CGNs_isolated0807_CSF_9_480nm-fitc_svi_ROI_min0.1.xlsx,10b_1..25/2023_07_10_CGNs_isolated0807_CSF_9_480nm-fitc_svi_ROI_min0.1.xlsx,10b,SMA,1_25,ROI_087,CJ,0.015025041736227046,False,3.858411570263425,9.952535905007892,514.0,64.49485720020408,1,False,True,0.508294564124478,-64871.22391057084,64872.240499699095,3.591502491429824,2.0896839111475556,5.093321071712093,6.804236220308426,4.1955292284936725,9.41294321212318,0.09157845851895575,-64870.122664026756,64870.30582094379,5147.790785580288,-3671450716.2287307,3671461011.8103023,0.9873030911892899,0.9751353663513072,True,True,,,,3.417807832916189,0,False,False,,,,,,,,,,,,,,,,,,False,False,False,,False,,True,False,False,,Sheet2,Sheet3,Sheet4,Sheet5,Sheet6
patient_10b_exp_2,2023_07_10_CGNs_isolated0807_CSF_9_480nm-fitc_svi_ROI_min0.1.xlsx,10b_1..25/2023_07_10_CGNs_isolated0807_CSF_9_480nm-fitc_svi_ROI_min0.1.xlsx,10b,SMA,1_25,ROI_088,CK,0.05175292153589316,False,4.112570749048258,9.242570593176424,513.0,49.9968739336913,1,False,True,2.7145733115952783e-10,,,4.4111442418529165,4.340267338384843,4.48202114532099,9.537156566628239,9.278976439301655,9.795336693954823,6.759987139522838e-12,,,100.00000000235819,,,0.9961220231769375,0.9999999999984676,True,True,,,,5.320498305641255,0,False,False,,,,,,,,,,,,,,,,,,False,False,False,,False,,True,False,False,,Sheet2,Sheet3,Sheet4,Sheet5,Sheet6
patient_10b_exp_2,2023_07_10_CGNs_isolated0807_CSF_9_480nm-fitc_svi_ROI_min0.1.xlsx,10b_1..25/2023_07_10_CGNs_isolated0807_CSF_9_480nm-fitc_svi_ROI_min0.1.xlsx,10b,SMA,1_25,ROI_089,CL,0.07345575959933222,False,2.356871847120056,8.08213570250399,514.0,27.813308584970343,1,False,True,1.6206781438476898e-06,-4.062627303752149,4.062630545108436,2.1846119769810786,1.8180034201376964,2.551220533824461,7.638222536832647,6.706280305839549,8.570164767825744,0.15540238567235862,-3.542592716376396,3.853397487721113,100.00000385513884,-3677.9206937443064,3877.920701454584,0.9993624252556389,0.933589131693986,True,True,,,,2.786830645439313,0,False,False,,,,,,,,,,,,,,,,,,False,False,False,,False,,True,False,False,,Sheet2,Sheet3,Sheet4,Sheet5,Sheet6
patient_10b_exp_2,2023_07_10_CGNs_isolated0807_CSF_9_480nm-fitc_svi_ROI_min0.1.xlsx,10b_1..25/2023_07_10_CGNs_isolated0807_CSF_9_480nm-fitc_svi_ROI_min0.1.xlsx,10b,SMA,1_25,ROI_090,CM,0.038397328881469114,False,2.564954010449699,10.651850578593269,514.0,35.89507484280328,1,False,True,1.008191940207429e-07,-2.6836292703984266,2.6836294720368143,2.5261238017137657,1.904577675992329,3.1476699274352025,11.779513423292165,9.337389391463509,14.221637455120822,2.3468675793869337e-06,-2.4609477962375634,2.460952489972722,100.00006057020892,-175284670.6454485,175284870.64556962,0.9960184920030155,0.9999990709618438,True,True,,,,2.6215534839959265,0,False,False,,,,,,,,,,,,,,,,,,False,False,False,,False,,True,False,False,,Sheet2,Sheet3,Sheet4,Sheet5,Sheet6
patient_10b_exp_2,2023_07_10_CGNs_isolated0807_CSF_9_480nm-fitc_svi_ROI_min0.1.xlsx,10b_1..25/2023_07_10_CGNs_isolated0807_CSF_9_480nm-fitc_svi_ROI_min0.1.xlsx,10b,SMA,1_25,ROI_091,CN,0.021702838063439065,False,3.548419989811052,8.323620620545512,514.0,41.29844591150961,1,False,True,0.12182941326548453,-6.635440888799643,6.879099715330613,3.4433699184580786,2.989119148355859,3.8976206885602984,7.715722470318943,6.970141540720783,8.461303399917103,0.0006675078295668016,-6.304257013670855,6.305592029329989,114.52307932072296,-1600891.5615081275,1601120.607666769,0.9995803343782121,0.9998061845018082,True,True,,,,5.266406775776798,0,False,False,,,,,,,,,,,,,,,,,,False,False,False,,False,,True,False,False,,Sheet2,Sheet3,Sheet4,Sheet5,Sheet6
patient_10b_exp_2,2023_07_10_CGNs_isolated0807_CSF_9_480nm-fitc_svi_ROI_min0.1.xlsx,10b_1..25/2023_07_10_CGNs_isolated0807_CSF_9_480nm-fitc_svi_ROI_min0.1.xlsx,10b,SMA,1_25,ROI_092,CO,0.03005008347245409,False,3.726373952818624,9.435647308502098,514.0,45.84643902589196,1,False,True,0.06239226679972615,-13.075689855865345,13.200474389464798,3.6666124909428532,2.5244649752925383,4.808760006593168,9.072395919957003,7.251284230068371,10.893507609845637,0.001576337240023798,-12.000713543130116,12.003866217610165,112.1445271093172,-1335309.8215807737,1335534.1106349924,0.9991060648504837,0.9995702682403063,True,True,,,,3.000241087103597,0,False,False,,,,,,,,,,,,,,,,,,False,False,False,,False,,True,False,False,,Sheet2,Sheet3,Sheet4,Sheet5,Sheet6
patient_10b_exp_2,2023_07_10_CGNs_isolated0807_CSF_9_480nm-fitc_svi_ROI_min0.1.xlsx,10b_1..25/2023_07_10_CGNs_isolated0807_CSF_9_480nm-fitc_svi_ROI_min0.1.xlsx,10b,SMA,1_25,ROI_093,CP,0.025041736227045076,False,3.479348286507363,9.34673092584353,514.0,45.03867467629754,1,False,True,0.13184697465372308,-6.146848748310018,6.410542697617465,3.3882034161124532,2.7713021837733844,4.005104648451522,9.062098982059439,8.005314179131615,10.118883784987263,0.0034301504890802874,-5.662251630907115,5.6691119318852765,106.24181678772047,-283278.4574585024,283490.9410920779,0.999699861822331,0.9989886435483898,True,True,,,,3.518862151610686,0,False,False,,,,,,,,,,,,,,,,,,False,False,False,,False,,True,False,False,,Sheet2,Sheet3,Sheet4,Sheet5,Sheet6
patient_10b_exp_2,2023_07_10_CGNs_isolated0807_CSF_9_480nm-fitc_svi_ROI_min0.1.xlsx,10b_1..25/2023_07_10_CGNs_isolated0807_CSF_9_480nm-fitc_svi_ROI_min0.1.xlsx,10b,SMA,1_25,ROI_094,CQ,0.14691151919866444,False,5.664199204485019,9.31543110283809,514.0,85.02774540238313,1,False,True,5.99642492164064e-11,,,4.912667482401417,4.763699358801189,5.061635606001646,6.795878821573018,6.309288431816428,7.282469211329607,0.9728866646469805,0.868988411991628,1.076784917302333,100.00000000089129,,,0.9916599783304899,0.8346992245182414,True,True,,,,2.336116608230798,0,False,False,,,,,,,,,,,,,,,,,,False,False,False,,False,,True,False,False,,Sheet2,Sheet3,Sheet4,Sheet5,Sheet6
patient_10b_exp_2,2023_07_10_CGNs_isolated0807_CSF_9_480nm-fitc_svi_ROI_min0.1.xlsx,10b_1..25/2023_07_10_CGNs_isolated0807_CSF_9_480nm-fitc_svi_ROI_min0.1.xlsx,10b,SMA,1_25,ROI_095,CR,0.27212020033388984,False,4.351033362926638,10.726535962614719,514.0,70.36658334700302,1,False,True,3.439580784115864e-12,,,3.6634602371497937,2.8238772869521727,4.503043187347415,10.174070054540206,7.76517242375622,12.582967685324192,0.6085368109852651,-0.2706015334663845,1.4876751554369148,100.00011470155948,-244.44709666815538,444.44732607127435,0.9925251790166026,0.85755214619099,True,True,,,,0.9085699562834265,0,False,False,,,,,,,,,,,,,,,,,,False,False,False,,False,,True,False,False,,Sheet2,Sheet3,Sheet4,Sheet5,Sheet6
patient_10b_exp_2,2023_07_10_CGNs_isolated0807_CSF_9_480nm-fitc_svi_ROI_min0.1.xlsx,10b_1..25/2023_07_10_CGNs_isolated0807_CSF_9_480nm-fitc_svi_ROI_min0.1.xlsx,10b,SMA,1_25,ROI_096,CS,0.00333889816360601,False,3.668123770602814,8.356373795140541,514.0,41.22455925417967,1,False,True,0.05731694901784323,-6.382179068704013,6.496812966739699,3.6005708565530075,3.1161147999436705,4.085026913162344,8.022686676356518,7.258349082509323,8.787024270203712,0.009940125295737678,-5.947246760231802,5.967127010823277,111.31571757859643,-101032.02341492736,101254.65485008457,0.9996565055656443,0.997246892380134,True,True,,,,5.854591332853983,0,False,False,,,,,,,,,,,,,,,,,,False,False,False,,False,,True,False,False,,Sheet2,Sheet3,Sheet4,Sheet5,Sheet6
patient_10b_exp_2,2023_07_10_CGNs_isolated0807_CSF_9_480nm-fitc_svi_ROI_min0.1.xlsx,10b_1..25/2023_07_10_CGNs_isolated0807_CSF_9_480nm-fitc_svi_ROI_min0.1.xlsx,10b,SMA,1_25,ROI_097,CT,0.08180300500834725,False,2.0061010728916178,8.42376235003519,514.0,27.617028658575443,1,False,True,1.90600369424324e-10,,,1.7099189249335953,1.6457633938725615,1.774074455994629,7.141056167387823,6.758954338206581,7.523157996569064,0.29250395996770673,0.2236402447504783,0.3613676751849352,100.00294286993407,31.309532169291856,168.6963535705763,0.9990201625373922,0.8539249814945438,True,True,,,,6.685258068921218,0,False,False,,,,,,,,,,,,,,,,,,False,False,False,,False,,True,False,False,,Sheet2,Sheet3,Sheet4,Sheet5,Sheet6
patient_10b_exp_2,2023_07_10_CGNs_isolated0807_CSF_9_480nm-fitc_svi_ROI_min0.1.xlsx,10b_1..25/2023_07_10_CGNs_isolated0807_CSF_9_480nm-fitc_svi_ROI_min0.1.xlsx,10b,SMA,1_25,ROI_098,CU,0.2387312186978297,False,1.9456728822269806,7.753154587284598,514.0,23.563448015417556,1,False,True,9.913597786803075e-06,-2.928747450183905,2.928767277379478,1.7330933367944032,1.5037734026020686,1.962413270986738,6.804073222170188,6.082475564631646,7.52567087970873,0.19918732185287502,-2.5011468801034864,2.899521523809236,100.00000390729068,-1985.305227246185,2185.3052350607663,0.9992644798463172,0.8969159469865423,True,True,,,,5.96725115289079,0,False,False,,,,,,,,,,,,,,,,,,False,False,False,,False,,True,False,False,,Sheet2,Sheet3,Sheet4,Sheet5,Sheet6
patient_10b_exp_2,2023_07_10_CGNs_isolated0807_CSF_9_480nm-fitc_svi_ROI_min0.1.xlsx,10b_1..25/2023_07_10_CGNs_isolated0807_CSF_9_480nm-fitc_svi_ROI_min0.1.xlsx,10b,SMA,1_25,ROI_099,CV,0.015025041736227046,False,5.128256591288546,8.759345832405643,514.0,57.66319295832646,1,False,True,0.0412275925129726,-357.60981811629506,357.69227330132105,5.1875781281683535,3.6205740119639214,6.754582244372786,7.761191549553516,5.889262096729996,9.633121002377035,0.0010538167152258872,-356.0718052673896,356.07391290082006,411.2238694988469,-152688010.62235755,152688833.07009655,0.9967794962634552,0.999796898927035,True,True,,,,5.012379390029494,0,False,False,,,,,,,,,,,,,,,,,,False,False,False,,False,,True,False,False,,Sheet2,Sheet3,Sheet4,Sheet5,Sheet6
patient_10b_exp_2,2023_07_10_CGNs_isolated0807_CSF_9_480nm-fitc_svi_ROI_min0.1.xlsx,10b_1..25/2023_07_10_CGNs_isolated0807_CSF_9_480nm-fitc_svi_ROI_min0.1.xlsx,10b,SMA,1_25,ROI_100,CW,0.7061769616026711,True,3.0154135731761613,11.1051295400365,514.0,47.47258238273081,1,False,True,3.5652892046601358e-09,,,2.6289076765174944,1.7760838840062736,3.4817314690287153,12.535740040314279,9.037468180797571,16.034011899830986,0.24158403505831028,-0.6369837758538982,1.1201518459705189,100.0001020560715,-655.3179301302035,855.3181342423464,0.9944445196925595,0.915838797205344,True,True,,,,-16.92160701723178,0,False,False,,,,,,,,,,,,,,,,,,False,False,False,,False,,True,False,True,majority_negative_normalized_trace,Sheet2,Sheet3,Sheet4,Sheet5,Sheet6
patient_10b_exp_2,2023_07_10_CGNs_isolated0807_CSF_9_480nm-fitc_svi_ROI_min0.1.xlsx,10b_1..25/2023_07_10_CGNs_isolated0807_CSF_9_480nm-fitc_svi_ROI_min0.1.xlsx,10b,SMA,1_25,ROI_101,CX,0.038397328881469114,False,2.425250352387981,10.5252865321292,514.0,36.837242536468224,1,False,True,0.17731419572706236,-8.180126902651798,8.534755294105922,2.2896878680515163,1.5195261016286097,3.059849634474423,10.180448311342687,8.140069014064837,12.220827608620537,0.002144919733040863,-7.589814662241631,7.594104501707713,117.13027990755118,-655652.2911805452,655886.5517403604,0.9994589269896028,0.9990641028680307,True,True,,,,11.697771438850856,0,False,False,,,,,,,,,,,,,,,,,,False,False,False,,False,,True,False,False,,Sheet2,Sheet3,Sheet4,Sheet5,Sheet6
patient_10b_exp_2,2023_07_10_CGNs_isolated0807_CSF_9_480nm-fitc_svi_ROI_min0.1.xlsx,10b_1..25/2023_07_10_CGNs_isolated0807_CSF_9_480nm-fitc_svi_ROI_min0.1.xlsx,10b,SMA,1_25,ROI_102,CY,0.01001669449081803,False,1.9733729251543313,10.040210009827433,514.0,28.54388315304868,1,False,True,0.04044030673128451,-6.014120073732807,6.095000687195375,1.8635918674408873,1.0758863995853578,2.651297335296417,10.007212547270104,7.51023299134585,12.504192103194358,0.10398145222371134,-5.1689821978497,5.376945102297122,100.00003120365234,-8777.514638937992,8977.514701345295,0.9991803515197384,0.9471524383948059,True,True,,,,10.478556424589508,0,False,False,,,,,,,,,,,,,,,,,,False,False,False,,False,,True,False,False,,Sheet2,Sheet3,Sheet4,Sheet5,Sheet6
patient_10b_exp_2,2023_07_10_CGNs_isolated0807_CSF_9_480nm-fitc_svi_ROI_min0.1.xlsx,10b_1..25/2023_07_10_CGNs_isolated0807_CSF_9_480nm-fitc_svi_ROI_min0.1.xlsx,10b,SMA,1_25,ROI_103,CZ,0.005008347245409015,False,3.0291948171818177,9.011520578447062,514.0,38.78159207866041,1,False,True,0.15332464131161747,-3.540376210583861,3.8470254932070964,2.8876994240490528,2.60335260289302,3.1720462452050855,8.403604868099539,7.837645227150657,8.96956450904842,0.00025173367017195474,-3.410382450628705,3.410885917969049,113.04566945725409,-2331313.382013829,2331539.473352744,0.9998555192977298,0.999912833127562,True,True,,,,5.728336062665016,0,False,False,,,,,,,,,,,,,,,,,,False,False,False,,False,,True,False,False,,Sheet2,Sheet3,Sheet4,Sheet5,Sheet6
patient_10b_exp_2,2023_07_10_CGNs_isolated0807_CSF_9_480nm-fitc_svi_ROI_min0.1.xlsx,10b_1..25/2023_07_10_CGNs_isolated0807_CSF_9_480nm-fitc_svi_ROI_min0.1.xlsx,10b,SMA,1_25,ROI_104,DA,0.05676126878130217,False,2.519744588361332,9.989037275523799,514.0,36.27303150309814,1,False,True,0.16026690303204988,-5.540534613901634,5.861068419965734,2.381562798680044,1.8437027961916512,2.919422801168437,9.842847664974382,8.491449414358161,11.194245915590603,0.0016886827456319867,-5.164519913887225,5.167897279378489,113.59226183927723,-553560.3441369613,553787.5286606399,0.9997076698908605,0.9992914374505615,True,True,,,,7.889594276234789,0,False,False,,,,,,,,,,,,,,,,,,False,False,False,,False,,True,False,False,,Sheet2,Sheet3,Sheet4,Sheet5,Sheet6
patient_10b_exp_2,2023_07_10_CGNs_isolated0807_CSF_9_480nm-fitc_svi_ROI_min0.1.xlsx,10b_1..25/2023_07_10_CGNs_isolated0807_CSF_9_480nm-fitc_svi_ROI_min0.1.xlsx,10b,SMA,1_25,ROI_105,DB,0.05676126878130217,False,0.7949789934325416,8.109375889777994,514.0,11.233559297540637,1,False,True,1.755950949583236e-12,,,0.5997392639648289,0.45356929447308386,0.745909233456574,6.1703564382940135,3.7452366462028714,8.595476230385156,0.1620942627315195,0.0054852668634009505,0.31870325859963805,100.00000001928228,-203.1357625627431,403.13576260130765,0.9368667929809308,0.7872313871057462,True,True,0.26609552485256316,12.699252923731507,206.0,18.40755262188066,8,True,True,0.10228930882559358,-711.2260630032165,711.4306416208676,0.18962246190440118,0.09425172287824488,0.28499320093055747,2.782517928680957,-0.09606107846915801,5.661096935831072,0.0006641119287274267,-711.2879661794723,711.2892944033297,5092.54068254923,-5521765288.253759,5521775473.335125,0.1250215309900301,0.9965099380615796,True,True,False,,False,,True,True,False,,Sheet2,Sheet3,Sheet4,Sheet5,Sheet6
patient_10b_exp_2,2023_07_10_CGNs_isolated0807_CSF_9_480nm-fitc_svi_ROI_min0.1.xlsx,10b_1..25/2023_07_10_CGNs_isolated0807_CSF_9_480nm-fitc_svi_ROI_min0.1.xlsx,10b,SMA,1_25,ROI_106,DC,0.005008347245409015,False,3.384511885227617,7.9777523915200845,514.0,33.615102422483204,1,False,True,0.032280365988683155,-19.82011316208184,19.884673894059205,3.4755446289070187,2.6742674162178175,4.276821841596219,6.508086153025495,5.2209434115967115,7.7952288944542785,0.0013137778803135245,-19.049290012871374,19.051917568632,131.65245788868617,-2580877.6188314534,2581140.923747231,0.9965651616678751,0.9996221365018061,True,True,,,,7.348266379337505,0,False,False,,,,,,,,,,,,,,,,,,False,False,False,,False,,True,False,False,,Sheet2,Sheet3,Sheet4,Sheet5,Sheet6
patient_10b_exp_2,2023_07_10_CGNs_isolated0807_CSF_9_480nm-fitc_svi_ROI_min0.1.xlsx,10b_1..25/2023_07_10_CGNs_isolated0807_CSF_9_480nm-fitc_svi_ROI_min0.1.xlsx,10b,SMA,1_25,ROI_107,DD,0.018363939899833055,False,2.8561459024584566,9.575907283637434,514.0,37.47760015300485,1,False,True,0.11637276838831868,-9.218645115946252,9.451390652722889,2.7961511322525214,2.0005593092885205,3.5917429552165223,9.025434305612842,7.363549804356602,10.687318806869083,0.0027981272751383566,-8.541076516775258,8.546672771325534,112.73644035611568,-535661.5756830212,535887.0485637335,0.9992196346383253,0.9990002936760596,True,True,,,,5.481708753671846,0,False,False,,,,,,,,,,,,,,,,,,False,False,False,,False,,True,False,False,,Sheet2,Sheet3,Sheet4,Sheet5,Sheet6
patient_10b_exp_2,2023_07_10_CGNs_isolated0807_CSF_9_480nm-fitc_svi_ROI_min0.1.xlsx,10b_1..25/2023_07_10_CGNs_isolated0807_CSF_9_480nm-fitc_svi_ROI_min0.1.xlsx,10b,SMA,1_25,ROI_108,DE,0.008347245409015025,False,3.846693736789845,10.029938445475068,514.0,49.76042542321544,1,False,True,0.05736585537023734,-45.75348166176628,45.86821337250675,3.949088679606709,1.0488612077289323,6.849316151484485,9.450232961718939,5.028990462487771,13.871475460950107,0.0012222610627640107,-42.92267252220219,42.92511704432772,132.0100837255555,-6737650.506679349,6737914.5268468,0.9956644868901524,0.9996905911759552,True,True,,,,7.814434646201783,0,False,False,,,,,,,,,,,,,,,,,,False,False,False,,False,,True,False,False,,Sheet2,Sheet3,Sheet4,Sheet5,Sheet6
patient_10b_exp_2,2023_07_10_CGNs_isolated0807_CSF_9_480nm-fitc_svi_ROI_min0.1.xlsx,10b_1..25/2023_07_10_CGNs_isolated0807_CSF_9_480nm-fitc_svi_ROI_min0.1.xlsx,10b,SMA,1_25,ROI_109,DF,0.005008347245409015,False,5.158798238932098,12.595125573088069,514.0,84.33162322148742,1,False,True,4.164312561791549e-07,-0.12154747350840797,0.12154830637092032,5.183786228633495,5.067955393015721,5.299617064251269,14.050412592665783,13.153828060616,14.946997124715566,4.389384698340178e-09,,,100.00047288704393,-827243182.2985898,827243382.2995356,0.9952268844217504,0.9999999991532473,True,True,0.219559742195942,46.276281625923076,256.0,16.35066866213058,1,False,True,0.018666826831464298,-0.759286133785343,0.7966197874482716,0.08176315989281953,-5.242361611502804,5.405887931288443,45.7606858661249,-817.5962769001553,909.1176486324052,0.09268075592158924,-4.466427607266702,4.65178911910988,105.1757949523303,-4708.79666848799,4919.14825839265,0.9424257316993927,0.4687074324782271,True,True,False,,False,,True,True,False,,Sheet2,Sheet3,Sheet4,Sheet5,Sheet6
patient_10b_exp_2,2023_07_10_CGNs_isolated0807_CSF_9_480nm-fitc_svi_ROI_min0.1.xlsx,10b_1..25/2023_07_10_CGNs_isolated0807_CSF_9_480nm-fitc_svi_ROI_min0.1.xlsx,10b,SMA,1_25,ROI_110,DG,0.05843071786310518,False,4.547711272861083,11.033793417711138,514.0,68.41988513265864,1,False,True,0.13736696228919743,-12.842561378443417,13.117295303021812,4.457147261011039,2.8670766118965783,6.0472179101255,11.606319980653852,9.360944533136884,13.851695428170821,0.0005756708806531501,-11.400524012237693,11.401675353999,112.58382455895483,-3809208.248803704,3809433.4164528223,0.9997346843991565,0.9998708598785864,True,True,,,,6.9669469079076904,0,False,False,,,,,,,,,,,,,,,,,,False,False,False,,False,,True,False,False,,Sheet2,Sheet3,Sheet4,Sheet5,Sheet6
patient_10b_exp_2,2023_07_10_CGNs_isolated0807_CSF_9_480nm-fitc_svi_ROI_min0.1.xlsx,10b_1..25/2023_07_10_CGNs_isolated0807_CSF_9_480nm-fitc_svi_ROI_min0.1.xlsx,10b,SMA,1_25,ROI_111,DH,0.04674457429048414,False,3.13445073429769,8.130287716815303,514.0,38.65704637393831,1,False,True,3.8286190632617316e-05,-4.33835091730686,4.338427489688126,2.882794323700495,2.523534366114094,3.242054281286896,7.246695482064095,6.559915247561645,7.933475716566545,0.29188818225803803,-3.6888854757261633,4.27266184024224,100.89659785626644,-2040.3738457418222,2242.167041454355,0.9995321583048473,0.908057520174003,True,True,,,,8.12627312417046,0,False,False,,,,,,,,,,,,,,,,,,False,False,False,,False,,True,False,False,,Sheet2,Sheet3,Sheet4,Sheet5,Sheet6
patient_10b_exp_2,2023_07_10_CGNs_isolated0807_CSF_9_480nm-fitc_svi_ROI_min0.1.xlsx,10b_1..25/2023_07_10_CGNs_isolated0807_CSF_9_480nm-fitc_svi_ROI_min0.1.xlsx,10b,SMA,1_25,ROI_112,DI,0.05008347245409015,False,3.373835480169274,10.145649450666895,514.0,43.59284281694752,1,False,True,1.8332352237613006e-08,-0.03551856267402058,0.03551859933872506,3.3520165686660204,3.3113089522550454,3.3927241850769954,10.539031604361403,10.184726406191123,10.893336802531683,5.711728753456332e-10,,,100.00000163954952,-4649529497.822675,4649529697.822679,0.9983062485912693,0.9999999998296032,True,True,,,,3.892586990648007,0,False,False,,,,,,,,,,,,,,,,,,False,False,False,,False,,True,False,False,,Sheet2,Sheet3,Sheet4,Sheet5,Sheet6
patient_10b_exp_2,2023_07_10_CGNs_isolated0807_CSF_9_480nm-fitc_svi_ROI_min0.1.xlsx,10b_1..25/2023_07_10_CGNs_isolated0807_CSF_9_480nm-fitc_svi_ROI_min0.1.xlsx,10b,SMA,1_25,ROI_113,DJ,0.18864774624373956,False,3.3593357627120746,11.519484464547077,514.0,52.443171824719165,1,False,True,0.12495743880808874,-6.727197799437531,6.977112677053708,3.2862802867495766,2.2798155919293834,4.29274498156977,12.130119670370526,10.093508413332481,14.16673092740857,2.287382573504325e-05,-5.880920677221228,5.880966424872698,108.42870992290788,-50120548.640580334,50120765.49800018,0.9995481904472824,0.9999930396483169,True,True,,,,5.15084682955858,0,False,False,,,,,,,,,,,,,,,,,,False,False,False,,False,,True,False,False,,Sheet2,Sheet3,Sheet4,Sheet5,Sheet6
patient_10b_exp_2,2023_07_10_CGNs_isolated0807_CSF_9_480nm-fitc_svi_ROI_min0.1.xlsx,10b_1..25/2023_07_10_CGNs_isolated0807_CSF_9_480nm-fitc_svi_ROI_min0.1.xlsx,10b,SMA,1_25,ROI_114,DK,0.03005008347245409,False,2.286855439250765,12.792817222305018,514.0,38.088850887209865,1,False,True,0.039869862677265805,-14.283349117428783,14.363088842783315,2.271817523080575,-0.29679571204540656,4.840430758206557,14.508453077266873,6.761243249447045,22.2556629050867,0.003767135284970032,-11.768863229882832,11.776397500452774,111.63990704731395,-678449.0986667225,678672.3784808171,0.9993930253956078,0.9983445417989081,True,True,,,,4.164600275057338,0,False,False,,,,,,,,,,,,,,,,,,False,False,False,,False,,True,False,False,,Sheet2,Sheet3,Sheet4,Sheet5,Sheet6
patient_10b_exp_2,2023_07_10_CGNs_isolated0807_CSF_9_480nm-fitc_svi_ROI_min0.1.xlsx,10b_1..25/2023_07_10_CGNs_isolated0807_CSF_9_480nm-fitc_svi_ROI_min0.1.xlsx,10b,SMA,1_25,ROI_115,DL,0.01001669449081803,False,2.2083520513360813,10.323000575163803,514.0,32.640843666893076,1,False,True,3.4039733957352255e-11,,,1.9249647586005374,1.7560488469161248,2.0938806702849497,9.714211417770533,8.795817285915586,10.632605549625481,0.24572274216588205,0.06815047827875276,0.42329500605301135,100.00000115198792,-77.2931954789184,277.29319778289425,0.9985887055646291,0.8867995775167439,True,True,,,,10.149440337191459,0,False,False,,,,,,,,,,,,,,,,,,False,False,False,,False,,True,False,False,,Sheet2,Sheet3,Sheet4,Sheet5,Sheet6
patient_10b_exp_2,2023_07_10_CGNs_isolated0807_CSF_9_480nm-fitc_svi_ROI_min0.1.xlsx,10b_1..25/2023_07_10_CGNs_isolated0807_CSF_9_480nm-fitc_svi_ROI_min0.1.xlsx,10b,SMA,1_25,ROI_116,DM,0.005008347245409015,False,1.6128312362005162,10.358780865702442,514.0,22.02695997738902,1,False,True,0.04748999069328125,-4.959884209610793,5.054864190997355,1.5955251368638041,1.0479258565084342,2.143124417219174,9.805496163047884,7.771177973970575,11.839814352125194,0.0007798282596496494,-4.462718596042928,4.464278252562227,106.35418076713671,-1010460.9511520301,1010673.6595135643,0.999338069561507,0.9995114791492306,True,True,,,,5.829963759944474,0,False,False,,,,,,,,,,,,,,,,,,False,False,False,,False,,True,False,False,,Sheet2,Sheet3,Sheet4,Sheet5,Sheet6
patient_10b_exp_2,2023_07_10_CGNs_isolated0807_CSF_9_480nm-fitc_svi_ROI_min0.1.xlsx,10b_1..25/2023_07_10_CGNs_isolated0807_CSF_9_480nm-fitc_svi_ROI_min0.1.xlsx,10b,SMA,1_25,ROI_117,DN,0.04340567612687813,False,2.0908455040996916,8.544172274772507,514.0,22.95615858566403,1,False,True,0.00847739337501473,-20.184932503676368,20.201887290426395,2.2823892151508423,0.8956267335044998,3.6691516967971847,7.656058753759216,4.234636256647978,11.077481250870454,0.00019708832905785168,-18.812424101376703,18.812818278034822,112.98725530134047,-16039636.023234831,16039861.997745434,0.9909608145033599,0.9999136556945263,True,True,0.14604883536054192,10.405059517005554,276.0,8.658598446038196,1,False,True,0.041742939517654946,-0.03946404341546877,0.12294992245077865,0.07427568798364131,0.0531317685502677,0.09541960741701493,3.068321739571795,1.249546382143843,4.887097096999747,0.02978972941962175,-0.041275535495259585,0.1008549943345031,111.30594378712969,-400.7469883466417,623.358875920901,0.4966975270798668,0.7137403552211412,True,True,False,,False,,True,True,False,,Sheet2,Sheet3,Sheet4,Sheet5,Sheet6
patient_10b_exp_2,2023_07_10_CGNs_isolated0807_CSF_9_480nm-fitc_svi_ROI_min0.1.xlsx,10b_1..25/2023_07_10_CGNs_isolated0807_CSF_9_480nm-fitc_svi_ROI_min0.1.xlsx,10b,SMA,1_25,ROI_118,DO,0.02337228714524207,False,3.8177755737824306,10.946684603914434,514.0,56.205314506084406,1,False,True,0.07889432400332226,-24.761273483588376,24.91906213159502,3.7100676377453343,0.16033857335709145,7.259796702133578,11.659071000229199,5.682650524445258,17.63549147601314,0.000783859895306141,-21.317188078383488,21.318755798174102,105.82372067872032,-5173181.696084596,5173393.343525954,0.9982417475968571,0.9997887654906685,True,True,,,,4.383875347034122,0,False,False,,,,,,,,,,,,,,,,,,False,False,False,,False,,True,False,False,,Sheet2,Sheet3,Sheet4,Sheet5,Sheet6
patient_10b_exp_2,2023_07_10_CGNs_isolated0807_CSF_9_480nm-fitc_svi_ROI_min0.1.xlsx,10b_1..25/2023_07_10_CGNs_isolated0807_CSF_9_480nm-fitc_svi_ROI_min0.1.xlsx,10b,SMA,1_25,ROI_119,DP,0.03672787979966611,False,4.626695646169562,8.966113766054548,513.0,64.9123136382809,1,False,True,8.70895086834035e-07,-1.3086609825025328,1.3086627242927067,4.352828070680915,3.8136190847992593,4.892037056562571,8.191918492853617,6.761957826611397,9.621879159095837,0.5658411571505623,-1.3142266535784644,2.445908967879589,100.00000000413795,,,0.9908248518448621,0.8849605185994529,True,True,,,,3.1974847798554835,0,False,False,,,,,,,,,,,,,,,,,,False,False,False,,False,,True,False,False,,Sheet2,Sheet3,Sheet4,Sheet5,Sheet6
patient_10b_exp_2,2023_07_10_CGNs_isolated0807_CSF_9_480nm-fitc_svi_ROI_min0.1.xlsx,10b_1..25/2023_07_10_CGNs_isolated0807_CSF_9_480nm-fitc_svi_ROI_min0.1.xlsx,10b,SMA,1_25,ROI_120,DQ,0.4557595993322204,False,3.981413397336069,14.251538928897219,514.0,67.74261041795401,1,False,True,1.4793424026241208e-09,,,3.9631523738703778,3.9011246419091057,4.02518010583165,15.851193146767045,15.394394220190877,16.307992073343215,1.0529660130393694e-09,,,100.00000000655233,,,0.9944556818491299,0.999999999734311,True,True,,,,0.3340418425472069,0,False,False,,,,,,,,,,,,,,,,,,False,False,False,,False,,True,False,False,,Sheet2,Sheet3,Sheet4,Sheet5,Sheet6
patient_10b_exp_2,2023_07_10_CGNs_isolated0807_CSF_9_480nm-fitc_svi_ROI_min0.1.xlsx,10b_1..25/2023_07_10_CGNs_isolated0807_CSF_9_480nm-fitc_svi_ROI_min0.1.xlsx,10b,SMA,1_25,ROI_121,DR,0.018363939899833055,False,4.286877572127347,10.007134792782608,514.0,52.527983933052965,1,False,True,2.682067732676617e-07,-0.03756852908880135,0.03756906550234789,4.378374973025499,4.331610599345118,4.425139346705881,9.289204340592537,9.032057514701624,9.54635116648345,5.835922469573978e-09,,,100.00000784653301,-1393651957.5912476,1393652157.5912633,0.9987670169222245,0.999999998667103,True,True,,,,5.095527435936529,0,False,False,,,,,,,,,,,,,,,,,,False,False,False,,False,,True,False,False,,Sheet2,Sheet3,Sheet4,Sheet5,Sheet6
patient_10b_exp_2,2023_07_10_CGNs_isolated0807_CSF_9_480nm-fitc_svi_ROI_min0.1.xlsx,10b_1..25/2023_07_10_CGNs_isolated0807_CSF_9_480nm-fitc_svi_ROI_min0.1.xlsx,10b,SMA,1_25,ROI_122,DS,0.015025041736227046,False,4.828190061553628,8.73070384507389,514.0,54.45483118537652,1,False,True,0.03433487767356162,-9.157611893403297,9.22628164875042,4.885349186504721,4.071687516072682,5.699010856936759,7.731085100160481,6.802329382921161,8.6598408173998,0.0038956739931837957,-8.378714902500906,8.386506250487272,101.52462632466562,-344868.2097276353,345071.2589802846,0.999383182884347,0.9992032156080669,True,True,0.15274676428865339,3.476081313387965,252.0,6.770197752857129,2,True,True,5.7686135334563885e-05,-0.2882140902352427,0.28832946250591185,0.07981009043119702,0.04071358500806615,0.11890659585432789,2.8522731613816874,-0.04351739017677403,5.748063712940149,0.0683111952111448,-0.20236355507462017,0.3389859454969098,157.26826657598374,-809.1345520387258,1123.6710851906932,0.2759953847457236,0.5388158095245601,True,True,False,,False,,True,True,False,,Sheet2,Sheet3,Sheet4,Sheet5,Sheet6
patient_10b_exp_2,2023_07_10_CGNs_isolated0807_CSF_9_480nm-fitc_svi_ROI_min0.1.xlsx,10b_1..25/2023_07_10_CGNs_isolated0807_CSF_9_480nm-fitc_svi_ROI_min0.1.xlsx,10b,SMA,1_25,ROI_123,DT,0.00667779632721202,False,3.4985408901153483,9.478276600479262,514.0,44.12792960291319,1,False,True,0.06971145106388497,-6.432127699689528,6.5715506018172976,3.4019565820518225,2.6794332119913244,4.1244799521123205,9.125450365425507,7.899243438084366,10.351657292766648,0.00289618109925217,-5.781536413822573,5.787328776021076,101.16577046347652,-337715.04280697316,337917.3743479001,0.9996213138563724,0.999149396082381,True,True,,,,5.218877044868172,0,False,False,,,,,,,,,,,,,,,,,,False,False,False,,False,,True,False,False,,Sheet2,Sheet3,Sheet4,Sheet5,Sheet6
patient_10b_exp_2,2023_07_10_CGNs_isolated0807_CSF_9_480nm-fitc_svi_ROI_min0.1.xlsx,10b_1..25/2023_07_10_CGNs_isolated0807_CSF_9_480nm-fitc_svi_ROI_min0.1.xlsx,10b,SMA,1_25,ROI_124,DU,0.01335559265442404,False,2.9612373694615304,8.463148545181298,514.0,31.033406115610447,1,False,True,0.009897669490713136,-9.982003461686974,10.001798800668402,2.990871904107726,2.3751499227677773,3.6065938854476745,7.235850989407763,6.083462376099455,8.388239602716071,0.00026775224922024053,-9.37743514766916,9.377970652167601,114.88798366923588,-5859163.044411256,5859392.820378595,0.9985260253759626,0.9999104848719947,True,True,,,,8.241672582119122,0,False,False,,,,,,,,,,,,,,,,,,False,False,False,,False,,True,False,False,,Sheet2,Sheet3,Sheet4,Sheet5,Sheet6
patient_10b_exp_2,2023_07_10_CGNs_isolated0807_CSF_9_480nm-fitc_svi_ROI_min0.1.xlsx,10b_1..25/2023_07_10_CGNs_isolated0807_CSF_9_480nm-fitc_svi_ROI_min0.1.xlsx,10b,SMA,1_25,ROI_125,DV,0.07846410684474124,False,4.269060334193882,10.138065727125934,514.0,54.86726816653581,1,False,True,0.021001310431561712,-19.967091701747588,20.00909432261071,4.280006811363107,2.2729835055076566,6.287030117218556,9.90305813976323,7.107659438980654,12.698456840545806,0.0003486981266189123,-17.994747268664526,17.995444664917763,110.97237379934988,-9275492.220101733,9275714.16484933,0.998806276012643,0.9999185352417935,True,True,,,,2.466361542727778,0,False,False,,,,,,,,,,,,,,,,,,False,False,False,,False,,True,False,False,,Sheet2,Sheet3,Sheet4,Sheet5,Sheet6
patient_10b_exp_2,2023_07_10_CGNs_isolated0807_CSF_9_480nm-fitc_svi_ROI_min0.1.xlsx,10b_1..25/2023_07_10_CGNs_isolated0807_CSF_9_480nm-fitc_svi_ROI_min0.1.xlsx,10b,SMA,1_25,ROI_126,DW,0.0,False,3.3541535815326147,10.43644570030915,514.0,48.01042196991803,1,False,True,7.687432475069456e-06,-4.739599263919812,4.739614638784763,3.125438499789792,2.524459149055392,3.7264178505241925,9.830539500534734,8.700220252793743,10.960858748275724,0.2289994563612759,-3.9142323873051135,4.372231300027665,100.00000935563912,-3042.884597630274,3242.8846163415524,0.9998125722967018,0.9317323917285883,True,True,,,,8.931453991031972,0,False,False,,,,,,,,,,,,,,,,,,False,False,False,,False,,True,False,False,,Sheet2,Sheet3,Sheet4,Sheet5,Sheet6
patient_10b_exp_2,2023_07_10_CGNs_isolated0807_CSF_9_480nm-fitc_svi_ROI_min0.1.xlsx,10b_1..25/2023_07_10_CGNs_isolated0807_CSF_9_480nm-fitc_svi_ROI_min0.1.xlsx,10b,SMA,1_25,ROI_127,DX,0.02003338898163606,False,3.0955555290879326,9.478000047883938,514.0,39.27159814568633,1,False,True,0.07661070054167061,-6.274335156201394,6.427556557284735,3.023162049891531,2.3191346513807045,3.7271894484023576,9.133104047755305,7.786055964022671,10.48015213148794,0.00045922177599905185,-5.651212495624817,5.652130939176814,101.36992246700673,-2084317.994192226,2084520.7340371602,0.9995504163713463,0.999848121925751,True,True,,,,7.499062519016263,0,False,False,,,,,,,,,,,,,,,,,,False,False,False,,False,,True,False,False,,Sheet2,Sheet3,Sheet4,Sheet5,Sheet6
patient_10b_exp_2,2023_07_10_CGNs_isolated0807_CSF_9_480nm-fitc_svi_ROI_min0.1.xlsx,10b_1..25/2023_07_10_CGNs_isolated0807_CSF_9_480nm-fitc_svi_ROI_min0.1.xlsx,10b,SMA,1_25,ROI_128,DY,0.25542570951585974,False,5.039062555676641,9.64075681355223,514.0,68.72356208946721,1,False,True,1.881156853099158e-09,,,4.7282053836410025,4.387781992986468,5.068628774295537,8.654060479298263,7.90767932922526,9.400441629371265,0.3619851755770722,0.0006527530687156502,0.7233175980854287,100.00997722679753,-162.2823497920535,362.30230424564854,0.9983289961980477,0.9288857320043676,True,True,,,,0.5049052812058888,0,False,False,,,,,,,,,,,,,,,,,,False,False,False,,False,,True,False,False,,Sheet2,Sheet3,Sheet4,Sheet5,Sheet6
patient_10b_exp_2,2023_07_10_CGNs_isolated0807_CSF_9_480nm-fitc_svi_ROI_min0.1.xlsx,10b_1..25/2023_07_10_CGNs_isolated0807_CSF_9_480nm-fitc_svi_ROI_min0.1.xlsx,10b,SMA,1_25,ROI_129,DZ,0.005008347245409015,False,3.559251135661647,11.53789034307431,514.0,54.484028314421494,1,False,True,0.11065936155673398,-12.699063015643059,12.920381738756529,3.4333117877323063,1.79851306245937,5.068110513005243,12.015245098895182,8.978916772634149,15.051573425156215,0.001908184654308147,-11.184269288084874,11.18808565739349,113.18484372123909,-1147052.3630947748,1147278.7327822174,0.9996276044127468,0.9994445232999206,True,True,0.38738454582440807,14.642011327464274,263.0,21.495417617743716,1,False,True,4.21193516587752e-09,,,0.2192980470168966,0.20293995117678276,0.23565614285701042,6.459182081462718,5.443179869245629,7.475184293679806,0.17840013037327535,0.16596977862266257,0.19083048212388812,108.64161148808918,94.09644210618512,123.18678086999324,0.9618327560527196,0.5514182852332981,True,True,False,,False,,True,True,False,,Sheet2,Sheet3,Sheet4,Sheet5,Sheet6
patient_10b_exp_2,2023_07_10_CGNs_isolated0807_CSF_9_480nm-fitc_svi_ROI_min0.1.xlsx,10b_1..25/2023_07_10_CGNs_isolated0807_CSF_9_480nm-fitc_svi_ROI_min0.1.xlsx,10b,SMA,1_25,ROI_130,EA,0.018363939899833055,False,4.43519879309371,8.893460376366761,514.0,51.16450251144998,1,False,True,0.09528986434180291,-16.77648053116428,16.96706025984789,4.469808499855936,3.408068696768911,5.53154830294296,7.537433177693078,6.197608900166945,8.87725745521921,0.00242347515787957,-15.810967026984724,15.815813977300483,116.39106971976904,-1109222.0474873285,1109454.8296267681,0.9984333400604514,0.9994581061153761,True,True,,,,3.2979459881001416,0,False,False,,,,,,,,,,,,,,,,,,False,False,False,,False,,True,False,False,,Sheet2,Sheet3,Sheet4,Sheet5,Sheet6
patient_10b_exp_2,2023_07_10_CGNs_isolated0807_CSF_9_480nm-fitc_svi_ROI_min0.1.xlsx,10b_1..25/2023_07_10_CGNs_isolated0807_CSF_9_480nm-fitc_svi_ROI_min0.1.xlsx,10b,SMA,1_25,ROI_131,EB,0.05342237061769616,False,5.598084785129075,8.82293372221477,514.0,81.56573895162086,1,False,True,2.729136072717581e-09,,,4.831546015383836,4.554098369886213,5.108993660881459,6.428644891116396,5.8527178073289186,7.0045719749038735,0.9227234303704342,0.6249098241687202,1.2205370365721482,100.00000058034935,0.7192797813974039,199.2807213793013,0.9966039546065609,0.8396454251805577,True,True,0.34357652916201825,12.695971727686242,279.0,7.143165221248707,1,False,True,0.000985081438737391,-0.04024138394580587,0.042211546823280655,0.32403386798480593,0.3119593930012845,0.33610834296832737,4.780845335992747,4.419390514584038,5.142300157401455,0.03425972780773965,0.0013717443870765525,0.06714771122840274,100.2500822545551,-124.19863415957293,324.69879866868314,0.9843670797785856,0.9043808535512415,True,True,False,,False,,True,True,False,,Sheet2,Sheet3,Sheet4,Sheet5,Sheet6
patient_10b_exp_2,2023_07_10_CGNs_isolated0807_CSF_9_480nm-fitc_svi_ROI_min0.1.xlsx,10b_1..25/2023_07_10_CGNs_isolated0807_CSF_9_480nm-fitc_svi_ROI_min0.1.xlsx,10b,SMA,1_25,ROI_132,EC,0.011686143572621035,False,5.727600648986075,11.706483957924092,514.0,113.92247157083534,1,False,True,3.2096160065051736e-14,,,4.152932345710464,3.6126435009519775,4.69322119046895,7.140700065945481,5.8157901487701995,8.465609983120762,1.8539217409620812,1.273982114196353,2.4338613677278094,100.00000067431003,8.728864455319922,191.27113689330014,0.9899884438323161,0.6913656109817297,True,True,0.179118781228838,16.29683178044246,282.0,8.097638222001757,1,False,True,0.009713575649771149,-0.11465139294426258,0.13407854424380486,0.13959701460185053,0.0847509999020416,0.19444302930165946,11.180081417953774,6.144531021737577,16.21563181416997,0.029780233815907383,-0.04364384761933346,0.10320431525114823,103.8471387119155,-822.5003342960614,1030.1946117198925,0.897212658314189,0.8241780753076329,True,True,False,,False,,True,True,False,,Sheet2,Sheet3,Sheet4,Sheet5,Sheet6
patient_10b_exp_2,2023_07_10_CGNs_isolated0807_CSF_9_480nm-fitc_svi_ROI_min0.1.xlsx,10b_1..25/2023_07_10_CGNs_isolated0807_CSF_9_480nm-fitc_svi_ROI_min0.1.xlsx,10b,SMA,1_25,ROI_133,ED,0.03005008347245409,False,2.8301508812957983,8.35013285340807,514.0,33.78669169804903,1,False,True,0.11991187960868599,-4.951634872943279,5.19145863216065,2.7541528978443677,2.3935971957864575,3.114708599902278,7.781094844576468,7.041184737994968,8.521004951157968,0.0039853153084386805,-4.70842926044683,4.716399891063708,112.20335739026966,-198653.84869982075,198878.2554146013,0.9996107106235267,0.998555070485796,True,True,,,,7.202187423684051,0,False,False,,,,,,,,,,,,,,,,,,False,False,False,,False,,True,False,False,,Sheet2,Sheet3,Sheet4,Sheet5,Sheet6
patient_10b_exp_2,2023_07_10_CGNs_isolated0807_CSF_9_480nm-fitc_svi_ROI_min0.1.xlsx,10b_1..25/2023_07_10_CGNs_isolated0807_CSF_9_480nm-fitc_svi_ROI_min0.1.xlsx,10b,SMA,1_25,ROI_134,EE,0.041736227045075125,False,2.7431904320506284,12.2940895925488,514.0,49.40218310097117,1,False,True,1.7843716498868244e-05,-8.662253314050128,8.662289001483126,2.1777823058006964,0.92960694291612,3.425957668685273,10.724206216690833,7.268610073045406,14.17980236033626,0.5629203323708297,-6.86120471015563,7.987045374897289,100.00000311577509,-2284.7810717216175,2484.781077953168,0.9991349485923007,0.7946072935711169,True,True,,,,6.810126299295135,0,False,False,,,,,,,,,,,,,,,,,,False,False,False,,False,,True,False,False,,Sheet2,Sheet3,Sheet4,Sheet5,Sheet6
patient_10b_exp_2,2023_07_10_CGNs_isolated0807_CSF_9_480nm-fitc_svi_ROI_min0.1.xlsx,10b_1..25/2023_07_10_CGNs_isolated0807_CSF_9_480nm-fitc_svi_ROI_min0.1.xlsx,10b,SMA,1_25,ROI_135,EF,0.021702838063439065,False,3.5450625874955617,9.405823205960417,514.0,45.3888998751742,1,False,True,0.1355092817788044,-5.64614957315871,5.917168136716319,3.4027305728247836,2.9239443237572296,3.8815168218923377,8.799137671761885,7.983368899610212,9.614906443913558,0.00035998860985232174,-5.305205254151973,5.305925231371678,112.44561150889656,-2562961.8979604295,2563186.7891834476,0.9997758437428396,0.9998942171525108,True,True,,,,7.413958182093649,0,False,False,,,,,,,,,,,,,,,,,,False,False,False,,False,,True,False,False,,Sheet2,Sheet3,Sheet4,Sheet5,Sheet6
patient_10b_exp_2,2023_07_10_CGNs_isolated0807_CSF_9_480nm-fitc_svi_ROI_min0.1.xlsx,10b_1..25/2023_07_10_CGNs_isolated0807_CSF_9_480nm-fitc_svi_ROI_min0.1.xlsx,10b,SMA,1_25,ROI_136,EG,0.08013355592654424,False,5.028013944745305,10.487857719220813,514.0,65.90802796106041,1,False,True,4.1248915979447966e-07,-0.0530792247487,0.05308004972701959,5.11822944211939,5.055838820251338,5.180620063987443,10.575065487028857,10.219006583628719,10.931124390428995,3.7702282922868965e-10,,,100.00002589785987,-16229772649.710796,16229772849.71085,0.9982435824359861,0.9999999999263373,True,True,,,,6.585858290202436,0,False,False,,,,,,,,,,,,,,,,,,False,False,False,,False,,True,False,False,,Sheet2,Sheet3,Sheet4,Sheet5,Sheet6
patient_10b_exp_2,2023_07_10_CGNs_isolated0807_CSF_9_480nm-fitc_svi_ROI_min0.1.xlsx,10b_1..25/2023_07_10_CGNs_isolated0807_CSF_9_480nm-fitc_svi_ROI_min0.1.xlsx,10b,SMA,1_25,ROI_137,EH,0.12687813021702837,False,3.880475944462219,11.497526869540877,514.0,57.045787786807665,1,False,True,0.03716835059801759,-5.450558238709321,5.524894939905356,3.8726170210817563,2.93531388575622,4.809920156407292,11.849336082729712,10.092405114984421,13.606267050475003,1.2899635209052861e-05,-4.650749649227998,4.650775448498416,102.73325451615933,-68865230.4363721,68865435.90288115,0.9991847158300614,0.9999966690245459,True,True,,,,3.3231659883446736,0,False,False,,,,,,,,,,,,,,,,,,False,False,False,,False,,True,False,False,,Sheet2,Sheet3,Sheet4,Sheet5,Sheet6
patient_10b_exp_2,2023_07_10_CGNs_isolated0807_CSF_9_480nm-fitc_svi_ROI_min0.1.xlsx,10b_1..25/2023_07_10_CGNs_isolated0807_CSF_9_480nm-fitc_svi_ROI_min0.1.xlsx,10b,SMA,1_25,ROI_138,EI,0.17696160267111852,False,3.5013445960870855,10.288649899747497,514.0,48.110150453068194,1,False,True,7.639991921354637e-10,,,3.282824713901002,2.8859083463298267,3.6797410814721774,10.626803921182418,9.350304454999872,11.903303387364964,0.11555051250506226,-0.2985517044354665,0.529652729445591,100.00000207334281,-731.2385498655182,931.2385540122037,0.9981603201378333,0.965998306600398,True,True,,,,2.2569811161648343,0,False,False,,,,,,,,,,,,,,,,,,False,False,False,,False,,True,False,False,,Sheet2,Sheet3,Sheet4,Sheet5,Sheet6
patient_10b_exp_2,2023_07_10_CGNs_isolated0807_CSF_9_480nm-fitc_svi_ROI_min0.1.xlsx,10b_1..25/2023_07_10_CGNs_isolated0807_CSF_9_480nm-fitc_svi_ROI_min0.1.xlsx,10b,SMA,1_25,ROI_139,EJ,0.00333889816360601,False,5.034278078041934,11.918617228914002,514.0,79.44773160579769,1,False,True,1.6987059686752386e-07,-0.10141444926312801,0.10141478900432174,4.927208775709301,4.829842849365432,5.024574702053169,14.016401240043582,13.233571297460593,14.79923118262657,8.448683661330595e-09,,,100.00000096863836,-610276391.5823722,610276591.5823741,0.996289108572883,0.9999999982853003,True,True,,,,3.5750553339851656,0,False,False,,,,,,,,,,,,,,,,,,False,False,False,,False,,True,False,False,,Sheet2,Sheet3,Sheet4,Sheet5,Sheet6
patient_10b_exp_2,2023_07_10_CGNs_isolated0807_CSF_9_480nm-fitc_svi_ROI_min0.1.xlsx,10b_1..25/2023_07_10_CGNs_isolated0807_CSF_9_480nm-fitc_svi_ROI_min0.1.xlsx,10b,SMA,1_25,ROI_140,EK,0.11519198664440734,False,4.8116562523725,11.083833756026195,514.0,84.43927630346502,1,False,True,6.26687873379615e-12,,,3.979961388491441,3.846949536948152,4.11297324003473,8.460419964331631,7.757837380106257,9.163002548557005,1.0354135019984,0.9214514321666034,1.1493755718301968,100.00000000000496,,,0.9908834508111843,0.7935521223026114,True,True,,,,1.4211172018353362,0,False,False,,,,,,,,,,,,,,,,,,False,False,False,,False,,True,False,False,,Sheet2,Sheet3,Sheet4,Sheet5,Sheet6
patient_10b_exp_2,2023_07_10_CGNs_isolated0807_CSF_9_480nm-fitc_svi_ROI_min0.1.xlsx,10b_1..25/2023_07_10_CGNs_isolated0807_CSF_9_480nm-fitc_svi_ROI_min0.1.xlsx,10b,SMA,1_25,ROI_141,EL,0.02671118530884808,False,3.5213018132685154,12.49212342668352,514.0,60.8227273007057,1,False,True,8.590815335373973e-07,-8.631490729300905,8.631492447463971,3.07903287332885,1.5417857576032348,4.6162799890544655,12.286341733258473,9.136865386225242,15.435818080291703,0.4346358276815633,-6.6723169239197055,7.541588579282832,100.00006808036532,-3090.2497415225653,3290.2498776832963,0.9997060646742123,0.8763014203483166,True,True,,,,3.838138443535473,0,False,False,,,,,,,,,,,,,,,,,,False,False,False,,False,,True,False,False,,Sheet2,Sheet3,Sheet4,Sheet5,Sheet6
patient_10b_exp_2,2023_07_10_CGNs_isolated0807_CSF_9_480nm-fitc_svi_ROI_min0.1.xlsx,10b_1..25/2023_07_10_CGNs_isolated0807_CSF_9_480nm-fitc_svi_ROI_min0.1.xlsx,10b,SMA,1_25,ROI_142,EM,0.09348914858096828,False,4.297548192792877,8.99522446910936,513.0,53.74275603694698,1,False,True,0.07866598241441965,-33.76188085130042,33.91921281612926,4.4994196662366965,1.0776163880986394,7.921222944374754,9.12105633879826,4.705903817296516,13.536208860300004,0.0015385700293962963,-30.439383679951547,30.44246082001034,105.33055910681763,-3391243.2665807637,3391453.9276989778,0.9950129810694845,0.9996581683391329,True,True,0.6331403066135541,10.448558650048852,205.0,40.35560865634732,5,True,True,0.07866598241441965,-33.76188085130042,33.91921281612926,4.4994196662366965,1.0776163880986394,7.921222944374754,9.12105633879826,4.705903817296516,13.536208860300004,0.0015385700293962963,-30.439383679951547,30.44246082001034,105.33055910681763,-3391243.2665807637,3391453.9276989778,0.9950129810694845,0.9996581683391329,True,True,True,"Sheet4:row_143, Sheet6:row_143, Sheet8:row_143",True,"Sheet4:row_143, Sheet6:row_143, Sheet8:row_143",False,False,False,,Sheet2,Sheet3,Sheet4,Sheet5,Sheet6
patient_10b_exp_2,2023_07_10_CGNs_isolated0807_CSF_9_480nm-fitc_svi_ROI_min0.1.xlsx,10b_1..25/2023_07_10_CGNs_isolated0807_CSF_9_480nm-fitc_svi_ROI_min0.1.xlsx,10b,SMA,1_25,ROI_143,EN,0.1318864774624374,False,5.944005117352213,12.316118641858054,514.0,93.31196531488362,1,False,True,0.027703038739129514,-37.4881780087622,37.54358408624045,5.887177316570154,-0.024236669981980263,11.79859130312229,13.268012425073907,6.597288312132955,19.938736538014858,0.000291006303979743,-31.645547100777968,31.646129113385925,110.93439383939,-22370651.90165977,22370873.770447448,0.9991150794159486,0.999950571911725,True,True,,,,3.680769880170491,0,False,False,0.027703038739129514,-37.4881780087622,37.54358408624045,5.887177316570154,-0.024236669981980263,11.79859130312229,13.268012425073907,6.597288312132955,19.938736538014858,0.000291006303979743,-31.645547100777968,31.646129113385925,110.93439383939,-22370651.90165977,22370873.770447448,0.9991150794159486,0.999950571911725,True,True,True,"Sheet4:row_144, Sheet6:row_144, Sheet8:row_144",True,"Sheet4:row_144, Sheet6:row_144, Sheet8:row_144",False,False,False,,Sheet2,Sheet3,Sheet4,Sheet5,Sheet6
patient_10b_exp_2,2023_07_10_CGNs_isolated0807_CSF_9_480nm-fitc_svi_ROI_min0.1.xlsx,10b_1..25/2023_07_10_CGNs_isolated0807_CSF_9_480nm-fitc_svi_ROI_min0.1.xlsx,10b,SMA,1_25,ROI_144,EO,0.008347245409015025,False,5.436306377763822,11.580264760308864,514.0,78.67541051162877,1,False,True,2.4709520062160962e-08,-1.2637224158394034,1.2637224652584433,5.487052132677155,4.860751911383682,6.113352353970628,11.928719116165414,10.531044826238126,13.326393406092702,4.974600721824915e-07,-1.874981032281622,1.8749820272017665,100.0000021923672,-131950835.27391405,131951035.27391843,0.998418520813421,0.9999999093392927,True,True,,,,9.690875191482473,0,False,False,2.4709520062160962e-08,-1.2637224158394034,1.2637224652584433,5.487052132677155,4.860751911383682,6.113352353970628,11.928719116165414,10.531044826238126,13.326393406092702,4.974600721824915e-07,-1.874981032281622,1.8749820272017665,100.0000021923672,-131950835.27391405,131951035.27391843,0.998418520813421,0.9999999093392927,True,True,True,"Sheet4:row_145, Sheet6:row_145, Sheet8:row_145",True,"Sheet4:row_145, Sheet6:row_145, Sheet8:row_145",False,False,False,,Sheet2,Sheet3,Sheet4,Sheet5,Sheet6
patient_10b_exp_2,2023_07_10_CGNs_isolated0807_CSF_9_480nm-fitc_svi_ROI_min0.1.xlsx,10b_1..25/2023_07_10_CGNs_isolated0807_CSF_9_480nm-fitc_svi_ROI_min0.1.xlsx,10b,SMA,1_25,ROI_145,EP,0.14524207011686144,False,4.248455322416736,10.169607076696991,514.0,58.35282658472394,1,False,True,,,,,,,,,,,,,,,,,,False,False,,,,0.0,0,False,False,,,,,,,,,,,,,,,,,,False,False,False,,False,,False,False,False,,Sheet2,Sheet3,Sheet4,Sheet5,Sheet6
patient_3_exp_1,2024_02_16_CGNs_iso1302_4.xlsx,3_1..25/2024_02_16_CGNs_iso1302_4.xlsx,3,ALS,1_25,ROI_001,B,0.07789142407553108,False,4.132504981519288,22.884204303219718,204.0,145.73483504474277,1,False,True,0.06175741972680309,-1.4130412438085902,1.5365560832621965,4.198517979491505,0.7397389034360593,7.65729705554695,28.455555673236038,17.79275575926447,39.1183555872076,1.7909751857098045e-05,-2.0728027697130478,2.072838589216762,100.00045211443519,-29575701.18548007,29575901.1863843,0.9968273641308668,0.999995734286349,True,True,2.4763201417878147,18.055572460537633,404.0,53.49958248288325,1,False,True,7.09083665794151e-08,-0.014270675859675166,0.014270817676408325,2.830691002299086,2.7821231441253955,2.8792588604727767,16.63445911341777,16.137859033619613,17.131059193215926,1.2535910448485858e-09,,,100.00000132034275,-1671598524.9391057,1671598724.9391086,0.9875474155595892,0.9999999995571431,True,True,False,,False,,True,True,False,,Sheet2,Sheet3,Sheet4,Sheet7,Sheet8
patient_3_exp_1,2024_02_16_CGNs_iso1302_4.xlsx,3_1..25/2024_02_16_CGNs_iso1302_4.xlsx,3,ALS,1_25,ROI_002,C,0.0952006294256491,False,2.346396923598419,17.9298241909448,204.0,60.76175308653334,1,False,True,0.04471788380979678,-633.2813118689998,633.3707476366193,2.528793140371761,2.230458492180583,2.8271277885629393,16.834815209400848,14.646294020177027,19.023336398624668,0.008393669168859195,-633.0110466125323,633.02783395087,3131.1946021255626,-243735940.24374828,243742202.63295254,0.9909928846497086,0.9966917417600878,True,True,1.034617996001099,13.775791556675074,404.0,19.35303098851366,1,False,True,0.007619439591341453,-0.033288065647818436,0.048526944830501344,1.1562839455987957,1.1156462392890985,1.1969216519084929,12.570237497580301,11.8857599896136,13.254715005547002,0.0012624796187180429,-0.02170329645683062,0.024228255694266704,110.71633134633578,-10261.09162080631,10482.52428349898,0.9919982408136088,0.99890934860908,True,True,False,,False,,True,True,False,,Sheet2,Sheet3,Sheet4,Sheet7,Sheet8
patient_3_exp_1,2024_02_16_CGNs_iso1302_4.xlsx,3_1..25/2024_02_16_CGNs_iso1302_4.xlsx,3,ALS,1_25,ROI_003,D,0.013375295043273014,False,6.263296219929233,9.635272258117482,203.0,136.56782578421013,1,False,True,1.9799602009986774e-09,,,5.94386057770572,5.765319377201346,6.122401778210094,7.050517520132889,6.605310747525857,7.495724292739921,1.0502570298265983,0.9079771273191908,1.1925369323340058,104.3980347682431,79.67756139590115,129.11850814058502,0.9871914978570118,0.8498370932888627,True,True,3.479419347158211,10.227863127851265,403.0,51.27683886619026,1,False,True,0.0076020054086139354,-1.0331360804900422,1.04834009130727,3.837539737511303,3.7601052289686785,3.914974246053928,9.07675248666386,8.693728697529641,9.45977627579808,0.03833144379294793,-0.9472157343084691,1.023878621894365,351.84215045183356,-12963.92072479816,13667.605025701827,0.9892489288600486,0.9901102379310632,True,True,False,,False,,True,True,False,,Sheet2,Sheet3,Sheet4,Sheet7,Sheet8
patient_3_exp_1,2024_02_16_CGNs_iso1302_4.xlsx,3_1..25/2024_02_16_CGNs_iso1302_4.xlsx,3,ALS,1_25,ROI_004,E,0.11801730920535011,False,4.667348027558255,12.775320960330504,204.0,96.06398365736837,1,False,True,0.08900485655730415,-404.5180633225308,404.69607303564544,4.782910291382763,4.656147628611876,4.909672954153649,12.487346399669844,12.00203361829557,12.972659181044119,0.06204975345383612,-404.41396139959454,404.5380609065022,3371.9148256547032,-22566820.60466333,22573564.434314642,0.9982343117959844,0.9871929277270378,True,True,2.4355168801878584,14.078715341892575,403.0,43.43496432746456,1,False,True,1.204878847140174e-06,-0.027179188119464903,0.02718159787715918,2.7914256445101158,2.740419434986891,2.8424318540333404,13.507178685606801,13.088005026576102,13.9263523446375,6.523811795567373e-09,,,100.00010550234661,-1103682246.501976,1103682446.5021873,0.9890592741369434,0.9999999976629105,True,True,False,,False,,True,True,False,,Sheet2,Sheet3,Sheet4,Sheet7,Sheet8
patient_3_exp_1,2024_02_16_CGNs_iso1302_4.xlsx,3_1..25/2024_02_16_CGNs_iso1302_4.xlsx,3,ALS,1_25,ROI_005,F,0.06058221872541306,False,4.415486664117939,10.662048759901097,204.0,77.23338002367998,1,False,True,1.874221071097737e-10,,,4.2444870144149105,4.199321866420817,4.289652162409004,11.085827892167638,10.841896813895188,11.329758970440087,0.2195889511691518,0.19417950449397248,0.24499839784433114,100.000000003934,,,0.9972905974663477,0.9508097637983582,True,True,2.421803397495237,10.084100672684713,403.0,34.923052488821476,1,False,True,0.020106327669223503,-0.020935256042393456,0.06114791138084046,2.5028175429744106,2.467348271363956,2.538286814584865,10.370744114488577,10.107288326278928,10.634199902698226,0.00020321026885932424,-0.022897540088216185,0.023303960625934837,110.9427009678351,-61047.1069598559,61268.99236179156,0.9975672002391224,0.999918813989618,True,True,False,,False,,True,True,False,,Sheet2,Sheet3,Sheet4,Sheet7,Sheet8
patient_3_exp_1,2024_02_16_CGNs_iso1302_4.xlsx,3_1..25/2024_02_16_CGNs_iso1302_4.xlsx,3,ALS,1_25,ROI_006,G,0.044846577498033044,False,4.728940865391623,9.452686766658417,203.0,63.711059484155754,1,False,True,6.4558979386762595e-09,,,4.7758471255781405,4.725304416142186,4.826389835014095,10.056507286190605,9.850629970382968,10.262384601998242,0.08674255157300492,0.03577954413655707,0.13770555900945278,100.00494806604043,13.750566060672426,186.25933007140844,0.9988936408309894,0.982161243836674,True,True,2.8075919179117506,10.278039912841393,403.0,156.4753909493292,1,False,True,0.4105348578756958,-18.17586590485898,18.996935620610373,2.555781578742483,2.513627467122504,2.597935690362462,7.847799051002832,7.608464407992173,8.087133694013492,1.2688382523994381e-05,-18.58662749190753,18.586652868672576,7856.087376742799,-11626609893.258492,11626625605.433247,0.9892889080799273,0.9999950354444851,True,True,False,,False,,True,True,False,,Sheet2,Sheet3,Sheet4,Sheet7,Sheet8
patient_3_exp_1,2024_02_16_CGNs_iso1302_4.xlsx,3_1..25/2024_02_16_CGNs_iso1302_4.xlsx,3,ALS,1_25,ROI_007,H,0.2690794649881983,False,3.734535032039969,14.45457423830075,204.0,83.07102714256148,1,False,True,0.04907807485180289,-14.19035121733966,14.288507367043266,3.6914506825122158,3.6086122436249384,3.774289121399493,15.963987092674998,15.559505323998579,16.368468861351417,0.044267223878446296,-14.10997953087526,14.198513978632151,890.9622828284026,-318177.008364698,319958.9329303548,0.999621385432432,0.9881502766034023,True,True,,,,10.562382444799626,0,False,False,,,,,,,,,,,,,,,,,,False,False,False,,False,,True,False,False,,Sheet2,Sheet3,Sheet4,Sheet7,Sheet8
patient_3_exp_1,2024_02_16_CGNs_iso1302_4.xlsx,3_1..25/2024_02_16_CGNs_iso1302_4.xlsx,3,ALS,1_25,ROI_008,I,0.04720692368214005,False,5.244413849275475,13.245994004451774,204.0,88.21232171531626,1,False,True,0.032352039893932476,-87.29530886561338,87.36001294540125,5.56420815490081,5.349575811968394,5.778840497833227,12.19250086864741,11.501074808114176,12.883926929180646,0.005146112311510413,-87.10170122100338,87.1119934456264,1210.6456449530162,-22081333.692220483,22083754.983510386,0.9961317899554737,0.99907599479857,True,True,2.6002842995972113,13.565758942644436,403.0,54.63586025359032,1,False,True,0.033473674138976395,-25.059448638641456,25.126395986919405,2.969118759611407,2.88865064179042,3.049586877432394,12.865852910943087,12.160667501316402,13.571038320569771,0.01168230713376753,-25.008844513372413,25.03220912763995,1611.0181725052166,-3747106.8910037507,3750328.9273487614,0.9865276420935485,0.996080816239601,True,True,False,,False,,True,True,False,,Sheet2,Sheet3,Sheet4,Sheet7,Sheet8
patient_3_exp_1,2024_02_16_CGNs_iso1302_4.xlsx,3_1..25/2024_02_16_CGNs_iso1302_4.xlsx,3,ALS,1_25,ROI_009,J,0.14240755310778913,False,5.700334149884663,24.42043983526119,204.0,170.13019139692364,1,False,True,1.0116787768315772e-09,,,5.6322038935465955,5.518237934458131,5.7461698526350595,28.28256820404519,27.355352009465104,29.209784398625278,1.1730624474993578e-09,,,100.00000000493249,,,0.9832960094668161,0.9999999997917223,True,True,3.0218902584841785,14.763921061106487,403.0,59.95451688763541,1,False,True,0.01379930859345712,-0.08356092110428665,0.1111595382912009,3.2610508683153805,3.1409714445413144,3.3811302920894466,15.370814571391673,14.652080381872926,16.089548760910418,0.0016735072885586317,-0.06212460544522965,0.06547162002234691,110.26639228967503,-19878.00106724033,20098.53385181968,0.9961238537274523,0.9994870828498197,True,True,False,,False,,True,True,False,,Sheet2,Sheet3,Sheet4,Sheet7,Sheet8
patient_3_exp_1,2024_02_16_CGNs_iso1302_4.xlsx,3_1..25/2024_02_16_CGNs_iso1302_4.xlsx,3,ALS,1_25,ROI_010,K,0.03619197482297404,False,5.480452942740591,15.318603333345465,203.0,156.63087097300684,1,False,True,6.22453754681356e-09,,,4.594968748970226,4.465411327889929,4.724526170050523,13.881252149743018,13.031075070145008,14.731429229341028,1.1613370616965064,1.0706820612249632,1.2519920621680496,100.00000000047497,,,0.9862107274700755,0.7982495892514104,True,True,2.8530989447681105,13.909019204942524,403.0,50.238697197209945,1,False,True,2.2295204654791272e-07,-0.012339726830955024,0.012340172735048121,3.1681539522580535,3.125248621204755,3.211059283311352,13.728609857596632,13.418775628134481,14.038444087058783,2.208986260620966e-09,,,100.00000803237405,-1066586648.3911457,1066586848.3911617,0.9926125802499575,0.9999999993027529,True,True,False,,False,,True,True,False,,Sheet2,Sheet3,Sheet4,Sheet7,Sheet8
patient_3_exp_1,2024_02_16_CGNs_iso1302_4.xlsx,3_1..25/2024_02_16_CGNs_iso1302_4.xlsx,3,ALS,1_25,ROI_011,L,0.05507474429583006,False,4.880571229755613,20.048367059840984,204.0,118.10563052322806,1,False,True,7.843667225158573e-08,-0.04215255276121764,0.04215270963456215,5.06993920972036,4.987731889721984,5.152146529718736,19.932779470334122,19.204523893841362,20.661035046826882,3.5063167895345905e-10,,,100.00000121166826,-16391353514.670488,16391353714.670492,0.9912532658627862,0.9999999999308411,True,True,3.0898229345656616,17.440630378555568,403.0,77.28282537138008,1,False,True,0.036123943683183994,-45.515806533672354,45.58805442103873,3.3629152096925874,3.2067229828995685,3.5191074364856063,16.696042784385696,15.336505486365738,18.055580082405655,0.02420466839714983,-45.37045852222937,45.41886785902366,1611.2031942398519,-3301042.196109001,3304264.6024974803,0.9805391539204799,0.9928539085511197,True,True,False,,False,,True,True,False,,Sheet2,Sheet3,Sheet4,Sheet7,Sheet8
patient_3_exp_1,2024_02_16_CGNs_iso1302_4.xlsx,3_1..25/2024_02_16_CGNs_iso1302_4.xlsx,3,ALS,1_25,ROI_012,M,0.14398111723052714,False,5.8300586009218724,17.189333148767872,204.0,163.20849991907193,1,False,True,1.2494118808129078e-12,,,5.4305935478090746,5.326053720107077,5.535133375511072,21.42974174275993,20.540915900422668,22.318567585097192,0.3349623717232,0.2291312792042018,0.4407934642421982,100.00000000222397,,,0.9943170193277742,0.941902849196479,True,True,4.012296907100228,20.627303777787915,404.0,104.11338106544328,1,False,True,6.944995877203246e-07,,,4.580679754567666,,,19.188053664778895,,,5.250566845868521e-12,,,100.00000007960617,,,0.9873805914857149,0.9999999999988537,True,True,False,,False,,True,True,False,,Sheet2,Sheet3,Sheet4,Sheet7,Sheet8
patient_3_exp_1,2024_02_16_CGNs_iso1302_4.xlsx,3_1..25/2024_02_16_CGNs_iso1302_4.xlsx,3,ALS,1_25,ROI_013,N,0.0,False,6.063224254693868,16.490759715020374,204.0,172.35406506231243,1,False,True,0.06943672353823281,-0.6631565372645504,0.802029984341016,5.613411136697198,4.9240795342429635,6.302742739151432,17.21519410629057,15.621371978381871,18.80901623419927,0.5185053356537248,0.2959081664943215,0.7411025048131281,100.0084156183478,-275.2379690260714,475.254800262767,0.998312667556334,0.9154415527361327,True,True,3.6111349235374086,15.437726996872073,403.0,116.50137284680213,1,False,True,0.17671219611100533,0.1564416913500218,0.19698270087198885,3.7971534554370243,3.7239187550515687,3.87038815582248,14.343847078613747,13.8597614263698,14.827932730857693,2.046987695256949e-09,,,100.00000674311288,-1230903085.309924,1230903285.3099372,0.9842758298089895,0.9999999994609151,True,True,False,,False,,True,True,False,,Sheet2,Sheet3,Sheet4,Sheet7,Sheet8
patient_3_exp_1,2024_02_16_CGNs_iso1302_4.xlsx,3_1..25/2024_02_16_CGNs_iso1302_4.xlsx,3,ALS,1_25,ROI_014,O,0.07867820613690008,False,5.4708373211414445,24.786011911749057,204.0,220.4134787506382,1,False,True,1.9590249497439033e-09,,,5.080748534533476,,,41.52952636648873,,,1.957237186213346e-11,,,100.000000029912,,,0.9743388007334642,0.9999999999961476,True,True,3.5910114980241477,14.430850591298338,403.0,71.38342662157781,1,False,True,0.02499336693451293,-29.739969336166393,29.78995607003542,3.999502786685495,3.9032405961293546,4.095764977241635,13.930078174371937,13.273973939127718,14.586182409616157,0.008527583133240531,-29.66589143682209,29.68294660308857,1610.5761947544981,-6097800.055592575,6101021.207982085,0.9910875799115777,0.9978723756193429,True,True,False,,False,,True,True,False,,Sheet2,Sheet3,Sheet4,Sheet7,Sheet8
patient_3_exp_1,2024_02_16_CGNs_iso1302_4.xlsx,3_1..25/2024_02_16_CGNs_iso1302_4.xlsx,3,ALS,1_25,ROI_015,P,0.03147128245476003,False,4.964405305277004,14.999069305858256,204.0,146.1381284446913,1,False,True,5.234086894179383e-10,,,4.473102658129242,4.384754533778608,4.561450782479875,12.823207959713425,12.281994162717448,13.364421756709403,0.9006931021618259,0.8434977676569174,0.9578884366667343,100.00000000023036,,,0.9924733913052259,0.8323916385476771,True,True,4.096271888273419,14.350920235839851,403.0,99.91762589163824,1,False,True,9.537824522531075e-08,-0.8768024249274612,0.8768026156839516,4.394428387601381,4.2765951745231465,4.512261600679615,13.66498964945839,13.009890967807767,14.320088331109012,0.1947810589525276,-0.5717940593804373,0.9613561772854925,269.3483272700783,-1673.3662765510037,2212.0629310911604,0.9925343621337109,0.9575567292752806,True,True,False,,False,,True,True,False,,Sheet2,Sheet3,Sheet4,Sheet7,Sheet8
patient_3_exp_1,2024_02_16_CGNs_iso1302_4.xlsx,3_1..25/2024_02_16_CGNs_iso1302_4.xlsx,3,ALS,1_25,ROI_016,Q,0.0015735641227380016,False,6.15545542039755,15.872803147861788,204.0,218.04931602207867,1,False,True,2.2228459504095444e-14,,,4.040774727640832,3.8220636029117316,4.259485852369933,11.029419707091941,9.796386354371968,12.262453059811914,2.220552919387126,2.0980995885903813,2.343006250183871,100.00000000000003,,,0.9656910037226132,0.6453543011055893,True,True,4.142456865920872,12.22597678131251,403.0,92.47420626329239,1,False,True,2.5676402740440474e-07,-2.7231231980619803,2.723123711590035,4.265368007584317,4.214842872316274,4.315893142852359,12.116943423394325,11.826333102032114,12.407553744756536,0.1361122562249351,-2.5427528540487017,2.814977366498572,680.0966753584853,-15698.011904712439,17058.20525542941,0.9973412036381636,0.9690757999430089,True,True,False,,False,,True,True,False,,Sheet2,Sheet3,Sheet4,Sheet7,Sheet8
patient_3_exp_1,2024_02_16_CGNs_iso1302_4.xlsx,3_1..25/2024_02_16_CGNs_iso1302_4.xlsx,3,ALS,1_25,ROI_017,R,0.02753737214791503,False,2.8794518940401206,13.907983080051451,204.0,73.37684891382308,1,False,True,0.0018003188120010792,-0.07608448678268906,0.0796851244066912,2.5082425629912946,2.4590350820982354,2.5574500438843537,12.954814450141285,12.694937143544074,13.214691756738496,0.3905918594768103,0.355657539945349,0.4255261790082716,100.15823728354123,52.701927812845085,147.61454675423738,0.9998066915118674,0.8652589963574893,True,True,0.7779596310879556,15.73838380067798,402.0,37.3772931786481,1,False,True,0.06562742054737862,0.05115725482424494,0.0800975862705123,0.6997196869419916,0.6763520641589685,0.7230873097250147,15.531128006956077,14.909150101630994,16.15310591228116,0.0476844895478633,0.03338431625598301,0.06198466283974359,100.14615715341596,-5.534608344395608,205.8269226512275,0.9977280611905182,0.9361998620722043,True,True,False,,False,,True,True,False,,Sheet2,Sheet3,Sheet4,Sheet7,Sheet8
patient_3_exp_1,2024_02_16_CGNs_iso1302_4.xlsx,3_1..25/2024_02_16_CGNs_iso1302_4.xlsx,3,ALS,1_25,ROI_018,S,0.04799370574350905,False,3.8536193465084305,15.563286914661177,204.0,97.96208802268372,1,False,True,0.08898534967367376,-0.5862544686346649,0.7642251679820125,3.708164489848232,3.1660752024362684,4.250253777260196,18.69028438050071,16.72496118840149,20.65560757259993,0.04658127809122387,-0.16364721067758928,0.25680976686003704,110.93379328185638,-3903.1635632971283,4125.031149860841,0.9980812257411344,0.987594026075223,True,True,0.6939722023387831,25.21488791125097,408.0,46.162385233943766,1,False,True,0.0730704266722647,0.04754333710600751,0.09859751623852188,0.556003635543051,0.514732900677733,0.597274370408369,18.110700702597416,16.702673362292792,19.51872804290204,0.09514068873696373,0.07127306442698131,0.11900831304694615,107.80430177855806,8.679865551960503,206.9287380051556,0.9948149109518792,0.8538869415130618,True,True,False,,False,,True,True,False,,Sheet2,Sheet3,Sheet4,Sheet7,Sheet8
patient_3_exp_1,2024_02_16_CGNs_iso1302_4.xlsx,3_1..25/2024_02_16_CGNs_iso1302_4.xlsx,3,ALS,1_25,ROI_019,T,0.02989771833202203,False,3.110534589463938,17.548260012078572,204.0,95.93365949280704,1,False,True,0.048159686537542594,-0.08175854518822676,0.17807791826331196,2.6907435613216175,2.5644056757350593,2.8170814469081757,17.678488108820236,17.06924539611325,18.287730821527223,0.3825493539219856,0.3433764426150534,0.42172226522891776,100.28981521681592,8.996237833086823,191.58339260054504,0.9998014867594985,0.8755246035857721,True,True,,,,20.002582566523323,0,False,False,,,,,,,,,,,,,,,,,,False,False,False,,False,,True,False,False,,Sheet2,Sheet3,Sheet4,Sheet7,Sheet8
patient_3_exp_1,2024_02_16_CGNs_iso1302_4.xlsx,3_1..25/2024_02_16_CGNs_iso1302_4.xlsx,3,ALS,1_25,ROI_020,U,0.22108575924468923,False,6.176986518595245,13.962614130270623,204.0,116.23950861904223,1,False,True,0.048942785199308864,-980.2281356421996,980.3260212125982,6.469682370841098,6.21738420745485,6.721980534227346,13.609332918801115,12.895864450714967,14.322801386887264,0.01853756577651112,-979.9988667114301,980.035941842983,3850.5894346343534,-208464580.67248723,208472281.85135648,0.9972900726218386,0.9971428888111683,True,True,3.4599619377124586,15.565959221536048,405.0,80.28332243914275,1,False,True,0.04593097636569166,-0.0354263568748961,0.12728830960627943,3.6624427695091124,3.5725914012984954,3.7522941377197294,14.67572802566313,14.191177649741602,15.160278401584657,0.003572207306775856,-0.043518387593423066,0.05066280220697478,112.75852704643708,-7572.559498951633,7798.076553044507,0.9978113850317315,0.9990255884579395,True,True,False,,False,,True,True,False,,Sheet2,Sheet3,Sheet4,Sheet7,Sheet8
patient_3_exp_1,2024_02_16_CGNs_iso1302_4.xlsx,3_1..25/2024_02_16_CGNs_iso1302_4.xlsx,3,ALS,1_25,ROI_021,V,0.03619197482297404,False,5.747829745576287,15.455332750349129,205.0,208.17134040040114,1,False,True,1.9789263376698336e-09,,,4.401975573403103,4.217627286352265,4.586323860453941,8.957675929716945,8.180241704423507,9.735110155010384,1.773124263699713,1.6038132372477596,1.9424352901516666,115.94692887270429,96.5893272308135,135.3045305145951,0.9844653983927193,0.7128590127327216,True,True,4.139721789366215,19.306777627092913,404.0,95.77306590061593,1,False,True,7.559662526849558e-11,,,5.003949888426678,4.88439864427374,5.123501132579617,16.362760899589116,15.772013070775527,16.953508728402703,1.4316770441711027e-12,,,100.00000000309142,,,0.9754594329872077,0.9999999999997139,True,True,False,,False,,True,True,False,,Sheet2,Sheet3,Sheet4,Sheet7,Sheet8
patient_3_exp_1,2024_02_16_CGNs_iso1302_4.xlsx,3_1..25/2024_02_16_CGNs_iso1302_4.xlsx,3,ALS,1_25,ROI_022,W,0.021243115656963022,False,6.228568353512244,20.47907616752329,204.0,238.05299350019789,1,False,True,2.452128981206828e-13,,,4.537594005770645,4.251271189026923,4.8239168225143665,24.70809445237205,21.596308436120847,27.81988046862325,1.4585464333631593,1.149122186916538,1.7679706798097805,100.00000000000003,,,0.9696982891762855,0.7567524563227443,True,True,4.85801284622375,17.08542385109007,403.0,113.83799699641217,1,False,True,0.04006098404376146,-0.29835652457202644,0.37847849265954936,5.405612119572239,5.083742161792466,5.727482077352012,17.05824858485719,15.829815137924554,18.286682031789827,0.0028088321128379133,-0.15104815932824392,0.15666582355391975,127.58015991354064,-42857.82260378969,43112.982923616764,0.9920342023397363,0.9994806557888282,True,True,False,,False,,True,True,False,,Sheet2,Sheet3,Sheet4,Sheet7,Sheet8
patient_3_exp_1,2024_02_16_CGNs_iso1302_4.xlsx,3_1..25/2024_02_16_CGNs_iso1302_4.xlsx,3,ALS,1_25,ROI_023,X,0.13453973249409915,False,5.9330758056107005,18.262276816727933,203.0,234.91075362918954,1,False,True,2.2231371953985172e-14,,,3.6390722940028946,3.4030594003873604,3.8750851876184287,12.08308414021522,10.430482382133787,13.735685898296653,2.5608544808756086,2.416659243887604,2.7050497178636133,100.00000000000003,,,0.9587588446034381,0.5869540764171699,True,True,4.680590249822286,16.648667994821437,403.0,95.37867880284202,1,False,True,7.08766496128884e-13,,,5.282857360120847,5.206697817676664,5.359016902565029,16.342782344792997,15.983510954759604,16.702053734826393,4.053076746019329e-09,,,100.0000040941452,-374822455.3296785,374822655.3296867,0.9908909755348766,0.9999999992327869,True,True,False,,False,,True,True,False,,Sheet2,Sheet3,Sheet4,Sheet7,Sheet8
patient_3_exp_1,2024_02_16_CGNs_iso1302_4.xlsx,3_1..25/2024_02_16_CGNs_iso1302_4.xlsx,3,ALS,1_25,ROI_024,Y,0.10306845003933911,False,5.030792240848572,15.12172678598381,204.0,179.57730748713035,1,False,True,8.64929848330657e-06,-2.9821987957368035,2.98221609433377,4.520681469493868,4.110064487741697,4.93129845124604,10.694665253465127,9.309911470824462,12.079419036105792,1.1299701209114936,-1.4469110030115802,3.706851244834567,173.49036284242746,-562.4501592094043,909.4308848942592,0.9836323346610653,0.8000283502118324,True,True,3.2593436715512145,11.939698551861568,403.0,67.7419474477645,1,False,True,6.605561273390176e-07,-0.5757679335735084,0.5757692546857631,3.598960956769038,3.51233411401549,3.6855877995225863,10.829402533155037,10.309930385544696,11.348874680765377,0.13468192006525742,-0.36940731305026714,0.638771153180782,248.04297071868962,-1468.6814059025132,1964.7673473398927,0.9896332678776258,0.9639274765937302,True,True,False,,False,,True,True,False,,Sheet2,Sheet3,Sheet4,Sheet7,Sheet8
patient_3_exp_1,2024_02_16_CGNs_iso1302_4.xlsx,3_1..25/2024_02_16_CGNs_iso1302_4.xlsx,3,ALS,1_25,ROI_025,Z,0.1982690794649882,False,6.11286523018716,12.779772995605725,204.0,204.5234328112893,1,False,True,0.13585984162648704,-148.86413818634225,149.1358578695952,5.956816244576414,5.678991306985147,6.234641182167681,9.1533570853148,8.369153408022438,9.937560762607163,0.7214952234206129,-148.00843778698615,149.4514282338274,1283.1822748467919,-280901.2698769181,283467.63442661165,0.9850137317148581,0.8919644244090632,True,True,3.8802232967272094,12.447561463892214,403.0,67.10766359096925,1,False,True,0.026212770591628888,-7.7701214643956495,7.822547005578907,4.423674548286855,4.322439348992399,4.524909747581312,11.482434894823514,10.940160274890433,12.024709514756596,0.010073140924451005,-7.701147581373571,7.721293863222473,810.8488678081173,-731296.0909299428,732917.788665559,0.9887487090368702,0.9977280752919337,True,True,False,,False,,True,True,False,,Sheet2,Sheet3,Sheet4,Sheet7,Sheet8
patient_3_exp_1,2024_02_16_CGNs_iso1302_4.xlsx,3_1..25/2024_02_16_CGNs_iso1302_4.xlsx,3,ALS,1_25,ROI_026,AA,0.12352478363493312,False,5.609595735145511,17.25228910516344,204.0,124.31437500120246,1,False,True,0.031119160078703578,-2.3902369798913763,2.4524753000487833,6.073734139869799,5.031511232153724,7.115957047585875,16.295971628263104,13.857627950251091,18.734315306275114,0.0016897269965123261,-1.41991095282559,1.4232904068186147,130.61479853207496,-388748.60775688937,389009.83735395357,0.9925608390442505,0.9997218750438586,True,True,1.6355592216681996,17.63682919810452,406.0,41.30700511465023,1,False,True,0.021949650223852552,-2.367100229086245,2.4109995295339504,1.818860091141525,1.7684271510877194,1.8692930311953304,14.793075796033513,14.03938985638136,15.546761735685665,0.009383159667389075,-2.3307167602273,2.3494830795620785,651.0091976853167,-202447.7803386345,203749.79873400513,0.9910899370633677,0.9948676634450928,True,True,False,,False,,True,True,False,,Sheet2,Sheet3,Sheet4,Sheet7,Sheet8
patient_3_exp_1,2024_02_16_CGNs_iso1302_4.xlsx,3_1..25/2024_02_16_CGNs_iso1302_4.xlsx,3,ALS,1_25,ROI_027,AB,0.07081038552321008,False,5.521313385332619,13.321090215372578,204.0,126.94951228657713,1,False,True,4.004998381647643e-10,,,5.026934551416999,4.881022429315896,5.172846673518102,11.037672566939529,10.448862283812511,11.626482850066546,0.7278987338031969,0.5756861331996891,0.8801113344067047,100.00000007946589,70.58652644040556,129.4134737185262,0.9944994361493718,0.8735152353287772,True,True,2.701489557452724,16.582104748465326,406.0,65.65933926257816,1,False,True,0.029581605370903083,-5.071354491989595,5.130517702731401,3.1105079195110577,3.0065973923202365,3.214418446701879,12.776797612094915,11.93040378517957,13.623191439010261,0.0185649535581953,-4.988259472987719,5.0253893801041105,650.95651302745,-216926.28655851472,218228.19958456964,0.9813032122602942,0.9940669475236653,True,True,False,,False,,True,True,False,,Sheet2,Sheet3,Sheet4,Sheet7,Sheet8
patient_3_exp_1,2024_02_16_CGNs_iso1302_4.xlsx,3_1..25/2024_02_16_CGNs_iso1302_4.xlsx,3,ALS,1_25,ROI_028,AC,0.03461841070023604,False,5.056473606255312,13.214485236395603,204.0,97.44406329584703,1,False,True,0.09370176788430906,-0.3147675917529699,0.5021711275215881,5.081075698578302,4.888919789265969,5.273231607890636,12.892814780749562,12.372881657977082,13.412747903522042,0.018243384621877134,-0.21147519156350275,0.24796196080725702,112.19168158528673,-5332.808302918224,5557.191666088797,0.9989616390318404,0.9964223881023683,True,True,2.7543533255316226,15.907734454184663,404.0,61.161422556439256,1,False,True,0.01832625668599999,-0.11709501916361864,0.15374753253561863,3.105113197326318,2.943382737170312,3.2668436574823243,15.050314517282692,14.031079859681071,16.069549174884312,0.00012986585296197157,-0.08554736422729498,0.08580709593321892,110.59949345150318,-355223.4157735846,355444.6147604876,0.9914712396816502,0.9999581785224796,True,True,False,,False,,True,True,False,,Sheet2,Sheet3,Sheet4,Sheet7,Sheet8
patient_3_exp_1,2024_02_16_CGNs_iso1302_4.xlsx,3_1..25/2024_02_16_CGNs_iso1302_4.xlsx,3,ALS,1_25,ROI_029,AD,0.010228166797797011,False,4.530204890892315,23.8676579867913,203.0,159.77121478285196,1,False,True,5.733649077682506e-06,-0.28036279023938365,0.28037425753753903,4.739328962013726,3.999311994478981,5.479345929548471,30.55927883297132,26.511269888123103,34.607287777819536,5.8715781864448296e-08,-1.0322126083320236,1.0322127257635871,100.00000778217864,-271857222.60558933,271857422.60560495,0.9944831004200579,0.9999999876109505,True,True,4.085033875970981,16.562640488735383,404.0,86.64482800569715,1,False,True,0.010773525784974492,-0.3243116627271506,0.3458587142970996,4.715993739986578,4.436667153905306,4.99532032606785,14.40999530870912,13.19045228038697,15.629538337031272,5.11250478996627e-05,-0.1599244387478089,0.16002668884360824,125.00456004358865,-2206547.8851589807,2206797.894279068,0.9841491689487785,0.9999891593380973,True,True,False,,False,,True,True,False,,Sheet2,Sheet3,Sheet4,Sheet7,Sheet8
patient_3_exp_1,2024_02_16_CGNs_iso1302_4.xlsx,3_1..25/2024_02_16_CGNs_iso1302_4.xlsx,3,ALS,1_25,ROI_030,AE,0.17466561762391816,False,5.1724644873405365,14.687914209683044,203.0,134.27653679059975,1,False,True,5.209931451760039e-10,,,4.49573664075574,4.386947441060877,4.604525840450603,15.838554527669018,14.988620367649016,16.68848868768902,0.755177273135437,0.6686986888854963,0.8416558573853777,100.00000000003472,,,0.9891939053984068,0.8561817455933467,True,True,3.4391229423550596,12.082365354083663,403.0,52.75033922566256,1,False,True,0.0075608973405404825,-0.1626022684568004,0.1777240631378814,3.845320545741137,3.7379966724554774,3.952644419026796,11.477095236376593,10.91611808644376,12.038072386309427,0.0006389724541219457,-0.09394842059393911,0.09522636550218301,130.31346229057098,-84560.10065893682,84820.72758351798,0.991700392761854,0.9998338587675978,True,True,False,,False,,True,True,False,,Sheet2,Sheet3,Sheet4,Sheet7,Sheet8
patient_3_exp_1,2024_02_16_CGNs_iso1302_4.xlsx,3_1..25/2024_02_16_CGNs_iso1302_4.xlsx,3,ALS,1_25,ROI_031,AF,0.022029897718332022,False,4.977223944291301,10.68074395589025,204.0,79.4260382298241,1,False,True,4.362117799447656e-06,-0.21245650792724854,0.21246523216284743,4.75899376486646,4.657285271268988,4.860702258463933,10.11349371458312,9.827590404747466,10.399397024418773,0.22692461143395629,0.10485587714469616,0.3489933457232164,100.0084769061497,-107.05115812356101,307.06811193586043,0.9991577556337128,0.9544868980381632,True,True,2.2994832040619118,13.453449507580956,405.0,42.98583004106369,1,False,True,0.021198553401195155,-0.06759718134181263,0.10999428814420294,2.5628611198823186,2.4845053867739595,2.6412168529906777,10.945243177616316,10.365573195307952,11.52491315992468,0.0019445646480174834,-0.04733817126106667,0.05122730055710163,111.4216072016644,-13924.12043526709,14146.963649670419,0.9903320889584191,0.999241827690984,True,True,False,,False,,True,True,False,,Sheet2,Sheet3,Sheet4,Sheet7,Sheet8
patient_3_exp_1,2024_02_16_CGNs_iso1302_4.xlsx,3_1..25/2024_02_16_CGNs_iso1302_4.xlsx,3,ALS,1_25,ROI_032,AG,0.03147128245476003,False,6.303577622974827,20.28050930834985,204.0,172.23016804054376,1,False,True,0.016074851230072438,-1.3938472337121985,1.4259969361723432,6.952444693980652,5.172712638788863,8.73217674917244,20.381309018114653,16.937665568287755,23.82495246794155,3.1034169300036567e-06,-0.7859354550223894,0.7859416618562494,100.360311899333,-130230836.35976689,130231037.08039068,0.9930978256698458,0.9999995536224047,True,True,3.419405747562602,14.884002092750904,403.0,76.87095030045698,1,False,True,0.02537432276753146,-0.0756725234491011,0.126421168984164,3.7392098489735424,3.574617277879734,3.903802420067351,15.640773389271898,14.818835658754988,16.462711119788807,7.4468710003937e-06,-0.10123231354992171,0.10124720729192249,100.11228133188142,-4742141.471577325,4742341.6961399885,0.9956985560960957,0.9999980084412295,True,True,False,,False,,True,True,False,,Sheet2,Sheet3,Sheet4,Sheet7,Sheet8
patient_3_exp_1,2024_02_16_CGNs_iso1302_4.xlsx,3_1..25/2024_02_16_CGNs_iso1302_4.xlsx,3,ALS,1_25,ROI_033,AH,0.004720692368214005,False,3.6029238370860757,12.123572341801378,204.0,69.39427064290352,1,False,True,0.1071890561912878,-0.4022054439783521,0.6165835563609278,3.781027393069694,3.5961631947386317,3.9658915914007564,10.567779973699581,9.888157400281447,11.247402547117716,0.0021976254618436006,-0.33445787681618716,0.33885312773987436,114.08980812334055,-53658.182119613855,53886.36173586053,0.9955320430239952,0.9994191132033969,True,True,1.625057477558154,14.078772214001617,405.0,36.6313711505031,1,False,True,0.025365101689379808,-7.870013048304918,7.920743251683677,1.8578770618017058,1.8121680145788968,1.9035861090245147,11.057608151950044,10.488938646945453,11.626277656954635,0.003823623093154995,-7.854515400181761,7.862162646368072,1211.1731944727592,-2770461.0457868474,2772883.3921757927,0.9857799253843544,0.9979461665754444,True,True,False,,False,,True,True,False,,Sheet2,Sheet3,Sheet4,Sheet7,Sheet8
patient_3_exp_1,2024_02_16_CGNs_iso1302_4.xlsx,3_1..25/2024_02_16_CGNs_iso1302_4.xlsx,3,ALS,1_25,ROI_034,AI,0.15342250196695514,False,4.312738103769984,11.161538036804103,204.0,72.61255668076133,1,False,True,0.00014084361301380484,-2.08379728785161,2.084078975077637,4.439992695002117,4.312111089260238,4.567874300743997,9.760103935535655,9.305363710465413,10.214844160605898,0.15321683230047306,-1.8046372852294656,2.111070949830412,242.26318395582223,-4355.377180891646,4839.903548803291,0.9965661631839975,0.9666427513507202,True,True,2.4814917372776666,14.705644345941039,406.0,43.09270799559843,1,False,True,1.950946192814712e-06,-0.05660974165472531,0.05661364354711093,2.7112902377936843,2.637306133280611,2.7852743423067574,12.711216452379867,12.157286598106563,13.265146306653172,2.1374573470954875e-07,-0.05118407475071512,0.051184502242184536,100.0000357923707,-83893401.50687225,83893601.50694384,0.9941696286771923,0.999999921164575,True,True,False,,False,,True,True,False,,Sheet2,Sheet3,Sheet4,Sheet7,Sheet8
patient_3_exp_1,2024_02_16_CGNs_iso1302_4.xlsx,3_1..25/2024_02_16_CGNs_iso1302_4.xlsx,3,ALS,1_25,ROI_035,AJ,0.0999213217938631,False,4.666899282816968,12.447635147755022,204.0,79.7551506849621,1,False,True,0.07017867920874292,-4.0700269758455,4.210384334262986,5.093034905035338,4.843169741104356,5.342900068966319,10.759375996103737,9.967999418991317,11.550752573216156,0.0002972361100091391,-3.8889940868331805,3.8895885590531987,251.67560412746667,-4877174.9687485425,4877678.319956797,0.9927990315342353,0.9999416421113384,True,True,2.9839164724608698,13.483842607243275,405.0,51.63153058620932,1,False,True,0.010324823201283608,-0.08185232654523816,0.10250197294780539,3.3421162644287605,3.25904266178483,3.425189867072691,11.140144384649213,10.667025411944893,11.613263357353533,0.000438120430226912,-0.050799131528342,0.05167537238879582,110.95391787112524,-64851.838528452994,65073.74636419525,0.9939465988446611,0.999868926461687,True,True,False,,False,,True,True,False,,Sheet2,Sheet3,Sheet4,Sheet7,Sheet8
patient_3_exp_1,2024_02_16_CGNs_iso1302_4.xlsx,3_1..25/2024_02_16_CGNs_iso1302_4.xlsx,3,ALS,1_25,ROI_036,AK,0.0,False,6.220509224647839,14.530908255389875,204.0,131.6753901152569,1,False,True,0.11406874420364965,-3512.4272117667865,3512.6553492551934,6.420362797531436,6.102969611181374,6.737755983881499,13.379439055399004,12.457730638620909,14.3011474721771,0.029597262168605292,-3512.18136031071,3512.2405548350466,6411.215096708964,-771648152.7425631,771660975.1727566,0.9952432421100232,0.9954112487682627,True,True,4.80475836445879,17.25882777284903,403.0,134.31080259832459,1,False,True,0.06523756033472806,0.00799868871281155,0.12247643195664458,5.356465528026902,5.236885786099113,5.4760452699546915,18.005170467035743,17.25412589503188,18.756215039039606,7.586356284956742e-08,-0.16105488721762118,0.16105503894474688,100.00000042131957,-149025560.08127823,149025760.08127907,0.9931754837018063,0.9999999858370112,True,True,False,,False,,True,True,False,,Sheet2,Sheet3,Sheet4,Sheet7,Sheet8
patient_3_exp_1,2024_02_16_CGNs_iso1302_4.xlsx,3_1..25/2024_02_16_CGNs_iso1302_4.xlsx,3,ALS,1_25,ROI_037,AL,0.007867820613690008,False,4.78751285584415,12.677348293635845,204.0,98.07557289610355,1,False,True,0.10857223369601109,-473.66298678424704,473.88013125163906,4.728297667685935,4.665293156542573,4.791302178829298,12.890642365450555,12.643236386896652,13.138048344004458,0.025651382123398736,-473.68024554874916,473.7315483129959,5211.459448901161,-97910610.39527391,97921033.31417172,0.9996029003640897,0.9946041949851299,True,True,3.2124279714285664,14.113942662294221,403.0,75.15339584740215,1,False,True,0.05487830740446487,-240.88420630760328,240.9939629224122,3.5157571865515105,3.447251100764668,3.584263272338353,13.561146971269046,13.03231751947873,14.089976423059364,0.013390328517006306,-240.86255659542752,240.88933725246153,5371.049562448034,-99026067.20276996,99036809.30189487,0.9934444995297803,0.9962057895115369,True,True,False,,False,,True,True,False,,Sheet2,Sheet3,Sheet4,Sheet7,Sheet8
patient_3_exp_1,2024_02_16_CGNs_iso1302_4.xlsx,3_1..25/2024_02_16_CGNs_iso1302_4.xlsx,3,ALS,1_25,ROI_038,AM,0.07395751376868608,False,4.156482226941027,19.139117183115786,204.0,102.83607998994097,1,False,True,0.012918123031541513,-2.7335992342958737,2.7594354803589565,4.662934066965103,3.1137358081188715,6.212132325811334,18.40715369325506,13.752602371556065,23.061705014954057,0.0004193648184525327,-1.2888702908569665,1.2897090204938715,125.52573943196892,-1834061.7625636067,1834312.8140424709,0.9868769510224829,0.9999100722635358,True,True,2.1534905244437326,13.979041179607975,403.0,48.27665098832041,1,False,True,0.036116495452643754,-17.91529548870207,17.987528479607356,2.438853377296659,2.3749936833428666,2.5027130712504517,13.020985800955934,12.335155245254745,13.706816356657123,0.006261685342016199,-17.88726600950312,17.899789380187148,1531.110443767387,-4774603.029052559,4777665.249940094,0.9877631415438995,0.9974391040169459,True,True,False,,False,,True,True,False,,Sheet2,Sheet3,Sheet4,Sheet7,Sheet8
patient_3_exp_1,2024_02_16_CGNs_iso1302_4.xlsx,3_1..25/2024_02_16_CGNs_iso1302_4.xlsx,3,ALS,1_25,ROI_039,AN,0.07867820613690008,False,5.1640277772028895,10.938532515718208,204.0,81.5571834079268,1,False,True,0.0001858566066251393,-1.3957827087320323,1.3961544219452824,5.247766976216881,5.14741947719187,5.348114475241892,10.260054468516897,9.957649905274032,10.562459031759762,0.125791699472567,-1.170489954871372,1.422073353816506,228.83889431797144,-3401.7938700088375,3859.4716586447807,0.9987593210742172,0.976590615816356,True,True,2.29413414589719,13.675724402137007,404.0,47.11899048350929,1,False,True,0.03179665035902823,-0.05254480015387622,0.11613810087193269,2.525842543150564,2.4446570869279447,2.6070279993731833,12.380192994591644,11.753709622658882,13.006676366524406,0.01028857469731695,-0.0362565020043152,0.056833651398949095,111.55586799708314,-2500.8045710983356,2723.916307092502,0.9928769525599417,0.9959432007971072,True,True,False,,False,,True,True,False,,Sheet2,Sheet3,Sheet4,Sheet7,Sheet8
patient_3_exp_1,2024_02_16_CGNs_iso1302_4.xlsx,3_1..25/2024_02_16_CGNs_iso1302_4.xlsx,3,ALS,1_25,ROI_040,AO,0.0055074744295830055,False,6.819824594940962,10.945326517740625,203.0,164.18295352242765,1,False,True,9.54252984441316e-10,,,6.328492127254277,6.076584432285928,6.580399822222626,8.38571662215674,7.699113142938011,9.072320101375471,1.3328324453751503,1.1024511235688497,1.563213767181451,100.00000080834599,72.62098554498296,127.37901607170902,0.9832311023857527,0.8260310690742984,True,True,4.371129342327139,10.333482729118145,403.0,77.40243025025218,1,False,True,9.804034302145142e-05,-2.2287522273168356,2.2289483080028782,4.647621930403658,4.578323381361388,4.716920479445928,9.691001692293455,9.387881892459715,9.994121492127194,0.09948061654677669,-2.0779730487774324,2.2769342818709855,536.1452343351322,-14483.263719496621,15555.554188166885,0.9942233574167173,0.9790439293099569,True,True,False,,False,,True,True,False,,Sheet2,Sheet3,Sheet4,Sheet7,Sheet8
patient_3_exp_1,2024_02_16_CGNs_iso1302_4.xlsx,3_1..25/2024_02_16_CGNs_iso1302_4.xlsx,3,ALS,1_25,ROI_041,AP,0.0,False,7.0254580606453345,12.920549351065574,204.0,136.62735298719053,1,False,True,0.11156324385542167,-1589.6338022371856,1589.8569287248965,7.218528410862286,7.0217503791884734,7.415306442536098,12.688187865868112,12.184994168425938,13.191381563310287,0.024966520408192888,-1589.5164016349997,1589.5663346758163,5371.125435870294,-347692454.66750443,347703196.9183762,0.9981760724410054,0.996553249412737,True,True,4.024366257660738,10.773924584746737,403.0,68.56873504349572,1,False,True,0.05442611564655967,-0.04827004185568443,0.15712227314880378,4.3803430387784354,4.292602681858477,4.468083395698394,10.291118007190962,9.919538953726981,10.662697060654942,0.0004765674132991078,-0.057325131728376055,0.05827826655497427,111.30684132081348,-65033.53914187873,65256.152824520366,0.9950275831707857,0.9998912150108564,True,True,False,,False,,True,True,False,,Sheet2,Sheet3,Sheet4,Sheet7,Sheet8
patient_3_exp_1,2024_02_16_CGNs_iso1302_4.xlsx,3_1..25/2024_02_16_CGNs_iso1302_4.xlsx,3,ALS,1_25,ROI_042,AQ,0.0967741935483871,False,4.176941926845279,12.723059214633992,204.0,85.20955523843561,1,False,True,0.0038752327834134844,-1.867676822265093,1.87542728783192,4.131266178848417,4.050043360124955,4.212488997571879,12.694254391840076,12.366527591179862,13.02198119250029,0.16645360335786435,-1.6223548701382842,1.9552620768540128,311.97387125088926,-4336.595758172836,4960.543500674616,0.9993750674268631,0.9612693214557572,True,True,1.5480124588145057,15.879183411094687,404.0,34.69536034090438,1,False,True,0.013236942806886724,-0.056355428922243544,0.082829314536017,1.7263907733320765,1.6444489468422467,1.8083325998219062,14.968873061135394,14.038570874507073,15.899175247763715,0.0003231318991604434,-0.04297228472901386,0.04361854852733475,110.94071940974574,-73120.70668861113,73342.58812743062,0.9927017179941899,0.9998128630931961,True,True,False,,False,,True,True,False,,Sheet2,Sheet3,Sheet4,Sheet7,Sheet8
patient_3_exp_1,2024_02_16_CGNs_iso1302_4.xlsx,3_1..25/2024_02_16_CGNs_iso1302_4.xlsx,3,ALS,1_25,ROI_043,AR,0.13847364280094415,False,4.8617066647046725,15.572292457674592,204.0,130.22267053684294,1,False,True,0.050420058198462576,-7.444390495913239,7.5452306123101645,4.833398834988083,4.542384697698483,5.124412972277683,15.008223971386457,13.988395727041128,16.028052215731787,0.27759881345728893,-6.9203076853607355,7.475505312275314,353.310583900786,-12065.113117518487,12771.734285320059,0.9971936476888905,0.9456859829427378,True,True,2.1908789413745646,16.326229914224086,406.0,61.397421948305734,1,False,True,1.8618978115249145e-07,-0.16690316052153195,0.16690353290109425,2.2343748696788457,2.182457474233822,2.2862922651238695,13.356667844364761,12.827946902231462,13.88538878649806,0.15226763599080323,0.031720855826426114,0.2728144161551803,184.15264317982172,-211.85388561614025,580.1591719757837,0.9954790158348215,0.936200065309706,True,True,False,,False,,True,True,False,,Sheet2,Sheet3,Sheet4,Sheet7,Sheet8
patient_3_exp_1,2024_02_16_CGNs_iso1302_4.xlsx,3_1..25/2024_02_16_CGNs_iso1302_4.xlsx,3,ALS,1_25,ROI_044,AS,0.003933910306845004,False,5.532803815777182,12.954242614872328,204.0,138.04258395753635,1,False,True,4.5409658992216326e-14,,,4.645330495366231,4.513906834081531,4.776754156650931,12.56106345709982,11.805102146174185,13.317024768025455,0.9180370216776513,0.8346551765647304,1.0014188667905723,100.00000000000166,,,0.9848823366237943,0.8349853719235406,True,True,4.677413065774206,13.343495861426788,403.0,89.1037735496842,1,False,True,0.03613820531132732,-27.731033557801855,27.80330996842451,5.18246350005566,5.072335429440441,5.292591570670879,12.91708317100317,12.3637474577099,13.470418884296441,0.016416594222953124,-27.65135445694643,27.684187645392335,1450.812475253358,-2680600.337832492,2683501.9627829986,0.9918050091243524,0.9968422825829317,True,True,False,,False,,True,True,False,,Sheet2,Sheet3,Sheet4,Sheet7,Sheet8
patient_3_exp_1,2024_02_16_CGNs_iso1302_4.xlsx,3_1..25/2024_02_16_CGNs_iso1302_4.xlsx,3,ALS,1_25,ROI_045,AT,0.05586152635719906,False,4.218526228013836,11.279029788559455,204.0,71.47186617272024,1,False,True,0.00011330749472946875,-0.17688328651192423,0.17710990150138314,4.139383091254279,4.048792497834062,4.229973684674497,10.802308872169688,10.5096151367616,11.095002607577776,0.19373511418189562,0.09728159616528001,0.2901886321985112,100.07794486918652,-105.6231694667051,305.77905920507817,0.9993368296933921,0.9552896770877743,True,True,2.46754950508141,14.144439449704123,403.0,49.073237641988165,1,False,True,0.013145780469229458,-0.11351859157206018,0.1398101525105191,2.81125712004254,2.672671790579949,2.9498424495051307,13.967362930264867,13.000262091845979,14.934463768683756,0.0001357787426056113,-0.0742663106560265,0.07453786814123771,110.88023656901935,-309208.0549791039,309429.815452242,0.9894966973892502,0.9999517041027369,True,True,False,,False,,True,True,False,,Sheet2,Sheet3,Sheet4,Sheet7,Sheet8
patient_3_exp_1,2024_02_16_CGNs_iso1302_4.xlsx,3_1..25/2024_02_16_CGNs_iso1302_4.xlsx,3,ALS,1_25,ROI_046,AU,0.16837136113296616,False,2.330835300188856,11.204751068824692,204.0,48.55727262762715,1,False,True,2.666227803814025e-06,-0.10834925663759927,0.1083545890932069,2.1512626252711717,2.099500576621406,2.2030246739209374,10.090449341561992,9.76858594319101,10.412312739932975,0.2505915608459913,0.18823756619499374,0.3129455554969889,100.00015344451496,4.4346679404129645,195.56563894861696,0.9990159351816343,0.8956674546296677,True,True,2.2157662487035017,16.36213136413795,406.0,43.04421245546304,1,False,True,0.0011873251179374575,-0.11482171419696484,0.11719636443283975,2.5448509832328194,2.423881682897633,2.665820283568006,13.109186663105328,12.181892708215818,14.036480617994838,3.658675825799734e-05,-0.06667617278431,0.066749346300826,110.26987305818291,-1028619.9744535985,1028840.5141997149,0.9876052977560676,0.9999856234284416,True,True,False,,False,,True,True,False,,Sheet2,Sheet3,Sheet4,Sheet7,Sheet8
patient_3_exp_1,2024_02_16_CGNs_iso1302_4.xlsx,3_1..25/2024_02_16_CGNs_iso1302_4.xlsx,3,ALS,1_25,ROI_047,AV,0.1038552321007081,False,3.7480543353639533,13.754514555770072,205.0,81.6606691573141,1,False,True,0.027717181968868333,-0.08412997898395633,0.13956434292169298,3.4882874466823957,3.4212915107582407,3.5552833826065506,12.619010981590563,12.363420186920534,12.874601776260592,0.23544349656097951,0.1827060980678014,0.28818089505415767,100.9661222736571,-11.277320081321477,213.2095646286357,0.9997601782821268,0.9367721513316674,True,True,3.5798196954856847,15.814328204372998,403.0,83.3998753976564,1,False,True,0.05921048148449975,-0.11922704918390545,0.23764801215290496,3.9117036536762115,3.7021349889312685,4.121272318421155,15.548979378591689,14.492883091231185,16.605075665952192,0.008133435726110234,-0.10028365861737584,0.11655053006959631,112.91509190952911,-7450.747368390321,7676.577552209379,0.9919370336293971,0.9979250577152556,True,True,False,,False,,True,True,False,,Sheet2,Sheet3,Sheet4,Sheet7,Sheet8
patient_3_exp_1,2024_02_16_CGNs_iso1302_4.xlsx,3_1..25/2024_02_16_CGNs_iso1302_4.xlsx,3,ALS,1_25,ROI_048,AW,0.07710464201416208,False,5.620617890229565,17.50251345658441,204.0,131.1893601598054,1,False,True,0.02794934768981935,-2.205385295561701,2.2612839909413394,6.002616455777615,4.937592278946395,7.0676406326088355,17.505305565492066,14.99031656335753,20.020294567626603,0.002114794040527116,-1.2143625290856297,1.2185921171666838,130.313607291008,-292919.4701753966,293180.09738997865,0.9946953968222106,0.9996478120414479,True,True,4.32511368235523,10.337387960874707,403.0,63.4312008883639,1,False,True,1.0205371014600757e-10,,,4.583925927824781,4.5383615673623945,4.629490288287168,10.053072816506843,9.847821081269739,10.258324551743947,0.05788125436940501,0.03002849644323216,0.08573401229557785,236.94710928432534,-31.259016977760382,505.15323554641105,0.9964883056547496,0.9875304483582525,True,True,False,,False,,True,True,False,,Sheet2,Sheet3,Sheet4,Sheet7,Sheet8
patient_3_exp_1,2024_02_16_CGNs_iso1302_4.xlsx,3_1..25/2024_02_16_CGNs_iso1302_4.xlsx,3,ALS,1_25,ROI_049,AX,0.006294256490952006,False,6.320283070915228,14.966508585461924,203.0,186.52174080318275,1,False,True,8.267948412321003e-09,,,5.657591087018003,5.276159777561673,6.039022396474333,11.936453825413423,10.534632535355605,13.338275115471241,1.4672329769495087,1.0613390698408092,1.8731268840582083,100.00000079962034,62.53797354697991,137.46202805226076,0.979923311645166,0.7940674795929671,True,True,4.4871413375352525,10.990369843173255,404.0,70.76985220726705,1,False,True,0.02973827097509851,-0.05177749034251043,0.11125403229270746,4.876234144447813,4.791131492593843,4.961336796301783,9.90629870851937,9.59466156660707,10.217935850431672,2.1213579663475953e-05,-0.05173179555635556,0.051774222715682515,100.98653329416763,-1140529.772086182,1140731.7451527703,0.9962235257019718,0.9999956496167436,True,True,False,,False,,True,True,False,,Sheet2,Sheet3,Sheet4,Sheet7,Sheet8
patient_3_exp_1,2024_02_16_CGNs_iso1302_4.xlsx,3_1..25/2024_02_16_CGNs_iso1302_4.xlsx,3,ALS,1_25,ROI_050,AY,0.021243115656963022,False,5.990428410138714,10.298148565919746,204.0,98.67546928862927,1,False,True,1.1059473636581815e-08,,,5.911115969679084,5.8453927295664405,5.976839209791728,9.687252006201673,9.472233553559109,9.902270458844237,0.2792245074757757,0.21485149707351436,0.34359751787803705,106.45055747690027,67.81345284645577,145.08766210734478,0.9986333480767143,0.9548935137725882,True,True,3.7026219684328145,9.16149446804252,403.0,52.78028631434114,1,False,True,0.00015286639938814255,-0.17489655218927133,0.1752022849880476,3.8717111365694303,3.817852056720184,3.9255702164186768,8.225159953434984,7.988866942472047,8.461452964397921,0.0944736122686686,-0.04509382111276761,0.2340410456501048,176.9650294502273,-435.0278503510014,788.9579092514559,0.9952173228447263,0.9761802290484969,True,True,False,,False,,True,True,False,,Sheet2,Sheet3,Sheet4,Sheet7,Sheet8
patient_3_exp_1,2024_02_16_CGNs_iso1302_4.xlsx,3_1..25/2024_02_16_CGNs_iso1302_4.xlsx,3,ALS,1_25,ROI_051,AZ,0.016522423288749016,False,3.416665594322211,15.593122290753996,204.0,99.54031204201539,1,False,True,0.12213823309103569,-0.04752186068387568,0.2917983268659471,3.1411673124629313,3.011162115993576,3.2711725089322865,16.09807365188629,15.550992408826282,16.645154894946295,0.22146065091805722,0.1621205105171104,0.28080079131900404,104.0035074411495,-94.27080492475135,302.2778198070503,0.9996875204455558,0.9341406027280558,True,True,,,,39.460298737260196,0,False,False,,,,,,,,,,,,,,,,,,False,False,False,,False,,True,False,False,,Sheet2,Sheet3,Sheet4,Sheet7,Sheet8
patient_3_exp_1,2024_02_16_CGNs_iso1302_4.xlsx,3_1..25/2024_02_16_CGNs_iso1302_4.xlsx,3,ALS,1_25,ROI_052,BA,0.12195121951219512,False,3.007430227782394,16.9223535619779,204.0,92.26062918978823,1,False,True,6.7479590719035735e-12,,,2.415990041454372,2.3939177487120493,2.4380623341966943,17.476951800019375,17.120811704996598,17.833091895042152,0.5455131773448606,0.5263200357612035,0.5647063189285177,100.00000000888312,,,0.9986311342071893,0.8157985532880684,True,True,,,,6.9035284264813965,0,False,False,,,,,,,,,,,,,,,,,,False,False,False,,False,,True,False,False,,Sheet2,Sheet3,Sheet4,Sheet7,Sheet8
patient_3_exp_1,2024_02_16_CGNs_iso1302_4.xlsx,3_1..25/2024_02_16_CGNs_iso1302_4.xlsx,3,ALS,1_25,ROI_053,BB,0.2022029897718332,False,2.5924553918079076,16.51461565689408,204.0,74.78175177938914,1,False,True,1.658896287914794e-06,-0.02638208385795512,0.026385401650530948,2.163766627953955,2.1280052359143706,2.199528019993539,17.0149073401935,16.559332469493654,17.470482210893344,0.3990718913116988,0.3344872429389689,0.46365653968442866,100.0000000006066,,,0.9991035349005225,0.844285198496998,True,True,,,,6.776485895956205,0,False,False,,,,,,,,,,,,,,,,,,False,False,False,,False,,True,False,False,,Sheet2,Sheet3,Sheet4,Sheet7,Sheet8
patient_3_exp_1,2024_02_16_CGNs_iso1302_4.xlsx,3_1..25/2024_02_16_CGNs_iso1302_4.xlsx,3,ALS,1_25,ROI_054,BC,0.02753737214791503,False,5.38669016712328,16.842886666188747,204.0,120.97321843219143,1,False,True,0.0761471201844245,-1775.6780322477275,1775.8303264880965,5.365010277725583,4.824932617614418,5.905087937836748,16.527464010495628,14.655468671384169,18.399459349607085,0.012382788347836413,-1775.1854141243316,1775.2101797010273,3850.8637016165785,-566305646.6662968,566313348.3937,0.9926454443680589,0.9976972506573937,True,True,3.888992991780816,12.704084551854635,403.0,82.28578471712287,1,False,True,0.059616119262858425,-237.96495111079435,238.08418334932009,4.154126269314847,4.08646290316027,4.221789635469423,12.322243966340492,11.907090073047012,12.737397859633973,0.015933088737566225,-237.94988750064758,237.98175367812271,5371.09329442904,-82172452.03537376,82183194.22196262,0.9944273578003311,0.9961791697984348,True,True,False,,False,,True,True,False,,Sheet2,Sheet3,Sheet4,Sheet7,Sheet8
patient_3_exp_1,2024_02_16_CGNs_iso1302_4.xlsx,3_1..25/2024_02_16_CGNs_iso1302_4.xlsx,3,ALS,1_25,ROI_055,BD,0.0007867820613690008,False,5.673385419200393,14.00015215645098,204.0,107.2592400625999,1,False,True,0.05440468817606795,-1278.9889206226387,1279.0977299989906,6.119627372898421,5.8043817956318815,6.43487295016496,12.52145687793168,11.554225045579802,13.488688710283558,0.006335229504547788,-1278.705497482301,1278.7181679413104,3771.3081903788684,-779444264.1088326,779451806.7252133,0.9931318387595925,0.9989658393438343,True,True,3.4966721563872616,12.19958747640436,403.0,77.47015613044586,1,False,True,0.0696063136364079,-304.52484227150495,304.6640548987778,3.8146551460749474,3.7533121687389084,3.8759981234109864,11.560270589986294,11.17148772096305,11.949053459009537,0.013515196210437863,-304.5302172319392,304.5572476243601,6411.58014179008,-147373364.50941035,147386187.66969392,0.9939740572037363,0.9964695415820055,True,True,False,,False,,True,True,False,,Sheet2,Sheet3,Sheet4,Sheet7,Sheet8
patient_3_exp_1,2024_02_16_CGNs_iso1302_4.xlsx,3_1..25/2024_02_16_CGNs_iso1302_4.xlsx,3,ALS,1_25,ROI_056,BE,0.03697875688434304,False,5.411571047408957,14.55967828461769,204.0,114.97186182421183,1,False,True,2.0138770916961293e-08,-1.5746265676440958,1.5746266079216376,5.583867304692513,4.623361884815637,6.544372724569389,12.55270843935841,10.270189391384537,14.835227487332283,0.4023528529885082,-0.3302699372645591,1.1349756432415754,100.00000040491837,-821.5872816065533,1021.5872824163902,0.9810480997786585,0.9327868266802313,True,True,3.6755366395023072,14.003374838519392,403.0,71.27751964684118,1,False,True,0.009502178286257029,-0.15170606434327571,0.17071042091578975,4.1762767115504715,4.001531422406344,4.351022000694599,13.724651609583649,12.905694620307633,14.543608598859665,3.3361528117486416e-05,-0.09445453027923693,0.09452125333547191,110.52338340344618,-1592259.1791976877,1592480.2259644945,0.9918975153794471,0.9999920117214637,True,True,False,,False,,True,True,False,,Sheet2,Sheet3,Sheet4,Sheet7,Sheet8
patient_3_exp_1,2024_02_16_CGNs_iso1302_4.xlsx,3_1..25/2024_02_16_CGNs_iso1302_4.xlsx,3,ALS,1_25,ROI_057,BF,0.1093627065302911,False,5.83657638994708,11.524171672150828,204.0,123.80729194939218,1,False,True,2.1975454155283654e-12,,,5.272112538280392,5.1593851024509885,5.384839974109795,9.029802745201511,8.647999089653077,9.411606400749946,0.8462411706301738,0.7935882494598598,0.8988940918004877,100.00000000015785,,,0.9907424481795671,0.8616880927629704,True,True,3.3807534020549457,9.843255665692368,403.0,42.49127453931411,1,False,True,0.0008257304981448498,-0.004275520073922779,0.0059269810702124795,3.573282526067145,3.544721455154293,3.6018435969799967,9.530228311417051,9.404308856801014,9.656147766033088,2.959150898271302e-12,,,100.26542978497095,-107208189267.63605,107208189468.1669,0.9973540284435141,0.9999999999991719,True,True,False,,False,,True,True,False,,Sheet2,Sheet3,Sheet4,Sheet7,Sheet8
patient_3_exp_1,2024_02_16_CGNs_iso1302_4.xlsx,3_1..25/2024_02_16_CGNs_iso1302_4.xlsx,3,ALS,1_25,ROI_058,BG,0.03383162863886703,False,5.50606874491916,15.009983433167548,204.0,103.56985081980017,1,False,True,0.006609752639022227,-1.3359973667056733,1.3492168719837179,5.976715315481725,5.255795604479744,6.697635026483706,13.890784194284207,12.249379143411089,15.532189245157324,0.0002634954463590195,-0.6797462973848091,0.6802732882775272,110.42723105344123,-1262802.9979743073,1263023.852436414,0.992949938997939,0.9999559149438715,True,True,4.210414399650231,13.528910544617531,403.0,69.94513185230142,1,False,True,2.093304441115582e-08,-0.01592488413660428,0.015924926002693105,4.7394333239241595,4.675644262101631,4.803222385746688,12.993695365372096,12.699985316670022,13.28740541407417,1.4541176171501197e-09,,,100.00000023585606,-1641350827.9312923,1641351027.9312928,0.9926041345031685,0.9999999996931874,True,True,False,,False,,True,True,False,,Sheet2,Sheet3,Sheet4,Sheet7,Sheet8
patient_3_exp_1,2024_02_16_CGNs_iso1302_4.xlsx,3_1..25/2024_02_16_CGNs_iso1302_4.xlsx,3,ALS,1_25,ROI_059,BH,0.02753737214791503,False,5.975196542166505,15.363869965571837,204.0,165.11384393124376,1,False,True,1.5758013177157122e-10,,,5.359446644233053,5.270788184168562,5.448105104297544,16.635182175841422,16.02233674326124,17.248027608421605,0.7095512123094653,0.63578587914661,0.7833165454723205,100.00000000000023,,,0.9947774218337968,0.8830859346004624,True,True,4.038659389077878,14.193584657853592,404.0,94.3596155853171,1,False,True,0.06703535361725182,-184.3708249568885,184.504895664123,4.4506378197075955,4.36010689793379,4.5411687414814015,12.591380626569816,12.066304909342035,13.116456343797596,0.006724032672689509,-184.35140452963762,184.36485259498298,4090.6881424514845,-115790213.98081484,115798395.35709974,0.9917122176773652,0.9984914770450825,True,True,False,,False,,True,True,False,,Sheet2,Sheet3,Sheet4,Sheet7,Sheet8
patient_3_exp_1,2024_02_16_CGNs_iso1302_4.xlsx,3_1..25/2024_02_16_CGNs_iso1302_4.xlsx,3,ALS,1_25,ROI_060,BI,0.11014948859166011,False,2.9749193816403134,11.280669758810546,204.0,59.633311839744785,1,False,True,1.998023409121772e-08,-0.025965592508606423,0.025965632469074608,2.626600642069452,2.59629065290989,2.6569106312290143,11.646492947535155,11.368617756189566,11.924368138880743,0.27753235848263325,0.2230058754145991,0.3320588415506674,100.0000000033945,,,0.9985384298833448,0.9044353828044812,True,True,0.5035285734205545,11.939663025678499,402.0,10.97893268459751,1,False,True,0.005824030243156059,-0.0052351537700233725,0.016883214256335488,0.506810451675294,0.4925250485435652,0.5210958548070228,12.804771731994583,12.27619983260807,13.333343631381096,0.015309676609931946,0.006949231993494153,0.023670121226369738,100.35281250992468,-132.40458969083227,333.11021471068165,0.9960451143969667,0.9706778655321855,True,True,False,,False,,True,True,False,,Sheet2,Sheet3,Sheet4,Sheet7,Sheet8
patient_3_exp_1,2024_02_16_CGNs_iso1302_4.xlsx,3_1..25/2024_02_16_CGNs_iso1302_4.xlsx,3,ALS,1_25,ROI_061,BJ,0.1093627065302911,False,3.7172060634076334,12.776310090282152,204.0,81.15638693467582,1,False,True,9.582190720919422e-08,-0.04758842135396271,0.04758861299777713,3.1816428817130356,3.124285383093536,3.239000380332535,13.748918140650021,13.275195204655477,14.222641076644566,0.35928195679076863,0.25312571684404594,0.4654381967374913,100.00000000040339,,,0.9976280716180861,0.8985344300777136,True,True,0.6675051090813128,10.567882774602197,402.0,13.863628586395865,1,False,True,0.00040613108841683625,-0.012234239735454113,0.013046501912287787,0.594461128660664,0.5797611109662525,0.6091611463550756,11.259375553716728,10.80374854834401,11.715002559089445,0.06746103760858527,0.0587899337654389,0.07613214145173164,100.01728210158434,42.242782073984564,157.79178212918413,0.9958716107041915,0.8980831266177235,True,True,False,,False,,True,True,False,,Sheet2,Sheet3,Sheet4,Sheet7,Sheet8
patient_3_exp_1,2024_02_16_CGNs_iso1302_4.xlsx,3_1..25/2024_02_16_CGNs_iso1302_4.xlsx,3,ALS,1_25,ROI_062,BK,0.044059795436664044,False,3.0983841815573494,14.582683627301037,204.0,77.48465243442624,1,False,True,1.4521901342481722e-12,,,2.6840831177299527,2.65905639533719,2.709109840122715,16.036842488383787,15.704814684828612,16.36887029193896,0.3271885042190916,0.30706015213682275,0.3473168563013605,100.00000000000837,,,0.9982711898995063,0.8913454031067052,True,True,,,,14.4019040336208,0,False,False,,,,,,,,,,,,,,,,,,False,False,False,,False,,True,False,False,,Sheet2,Sheet3,Sheet4,Sheet7,Sheet8
patient_3_exp_1,2024_02_16_CGNs_iso1302_4.xlsx,3_1..25/2024_02_16_CGNs_iso1302_4.xlsx,3,ALS,1_25,ROI_063,BL,0.003147128245476003,False,4.812091198666661,14.08783675603297,204.0,104.62453059399968,1,False,True,0.017281954509222694,-41.12021401737027,41.15477792638872,4.9017561414349435,4.731296970621036,5.072215312248851,13.36042590427863,12.736124891752945,13.984726916804314,0.14923694479160435,-40.81231517975191,41.11078906933512,971.5096315270496,-292803.8851033728,294746.9043664269,0.9979173222248392,0.970453939998739,True,True,1.4629649479999973,16.89472171746519,405.0,64.71726313533293,1,False,True,0.027302930916522472,-0.4594207640560961,0.514026625889141,1.419313480819424,1.391132951271142,1.4474940103677063,14.532099371847467,14.014178487702194,15.05002025599274,0.1384679920891565,-0.3210939239820535,0.5980299081603665,402.4007695175027,-1554.1551336545253,2358.956672689531,0.9960427317587117,0.9111120561534098,True,True,False,,False,,True,True,False,,Sheet2,Sheet3,Sheet4,Sheet7,Sheet8
patient_3_exp_1,2024_02_16_CGNs_iso1302_4.xlsx,3_1..25/2024_02_16_CGNs_iso1302_4.xlsx,3,ALS,1_25,ROI_064,BM,0.5861526357199056,True,1.827038798237885,21.12865478641251,205.0,58.48755843876646,1,False,True,0.0015963855081294548,-0.19481514371952333,0.19800791473578225,1.5869808442565843,1.3338268627787948,1.8401348257343737,20.929596355624543,18.87156901386314,22.987623697385946,0.25066170359706247,0.16448604224284438,0.3368373649512806,100.09494215011189,-129.32322724523044,329.5131115454542,0.9992331196404753,0.8635960492480795,True,True,,,,-14.373155642290817,0,False,False,,,,,,,,,,,,,,,,,,False,False,False,,False,,True,False,True,majority_negative_normalized_trace,Sheet2,Sheet3,Sheet4,Sheet7,Sheet8
patient_3_exp_1,2024_02_16_CGNs_iso1302_4.xlsx,3_1..25/2024_02_16_CGNs_iso1302_4.xlsx,3,ALS,1_25,ROI_065,BN,0.07789142407553108,False,4.441631121229457,13.887541360303857,204.0,92.34509482477827,1,False,True,0.0010736169107167688,-0.4726618634418728,0.47480909726330633,4.371383794038309,4.258712286673515,4.484055301403102,13.856822084739193,13.47310877967244,14.240535389805945,0.1996002458637133,-0.16304606391053159,0.5622465556379582,153.31691015421066,-500.0874473710246,806.7212676794459,0.9995509125945153,0.9563332000021615,True,True,1.1172312907017707,20.624560174176054,408.0,44.95516316184844,1,False,True,0.04067473634152783,-0.01434080863624096,0.09569028131929662,1.058778422151178,1.0333660160116491,1.084190828290707,15.915902891952218,15.372581700654395,16.459224083250042,0.06659203929492212,0.034177401172510044,0.0990066774173342,165.07170433976532,-134.64768465506043,464.7910933345911,0.9977173632839998,0.9408265619400109,True,True,False,,False,,True,True,False,,Sheet2,Sheet3,Sheet4,Sheet7,Sheet8
patient_3_exp_1,2024_02_16_CGNs_iso1302_4.xlsx,3_1..25/2024_02_16_CGNs_iso1302_4.xlsx,3,ALS,1_25,ROI_066,BO,0.014948859166011016,False,3.8983497479446876,18.217417092195745,204.0,87.03483240790852,1,False,True,4.677669565420248e-09,,,4.155039537794176,4.088779206184245,4.221299869404106,17.40472798457636,16.96828250681585,17.841173462336872,1.1770736401568872e-10,,,100.00000007110599,-1764556301.7311726,1764556501.7311726,0.9917990390124531,0.9999999999716711,True,True,1.9204910880129518,13.000896487410671,403.0,38.12720044786845,1,False,True,0.026980480661304387,-0.0617976214315286,0.11575858275413738,2.1478863376609523,2.0693414016447726,2.226431273677132,11.925690400683733,11.211886254545552,12.639494546821913,0.0018595747864416172,-0.04569275114436475,0.049411900717247985,114.09866592038983,-14952.075451109406,15180.272782950186,0.9891698835223057,0.9991349792663057,True,True,False,,False,,True,True,False,,Sheet2,Sheet3,Sheet4,Sheet7,Sheet8
patient_3_exp_1,2024_02_16_CGNs_iso1302_4.xlsx,3_1..25/2024_02_16_CGNs_iso1302_4.xlsx,3,ALS,1_25,ROI_067,BP,0.010228166797797011,False,5.170152654794514,12.970001859217234,204.0,94.82217958767093,1,False,True,0.0888358664772769,-0.4433376665756259,0.6210093995301798,5.239423462782073,5.004604967624863,5.474241957939282,12.229253963950896,11.611177966372455,12.847329961529336,0.01566844947598588,-0.2975945545104634,0.3289314534624352,112.28694021122178,-8026.954373594135,8251.528254016579,0.9981083531329438,0.9970184252268857,True,True,2.1195638931506817,16.137432462420065,404.0,44.43551930902529,1,False,True,0.008860196083549383,-0.11010111062024788,0.12782150278734666,2.421101420660266,2.2884366110000998,2.553766230320432,14.098835742601159,13.025522068429598,15.172149416772719,0.00016153869910882421,-0.07097089026694242,0.07129396766516008,110.47863171509464,-244887.96324472627,245108.92050815644,0.9876126908545084,0.9999332832898284,True,True,False,,False,,True,True,False,,Sheet2,Sheet3,Sheet4,Sheet7,Sheet8
patient_3_exp_1,2024_02_16_CGNs_iso1302_4.xlsx,3_1..25/2024_02_16_CGNs_iso1302_4.xlsx,3,ALS,1_25,ROI_068,BQ,0.14634146341463414,False,5.19450214585884,12.22078013941561,204.0,88.766353772339,1,False,True,0.07921209662914187,-0.5466339314419673,0.705058124700251,5.417090358376832,5.1928625406400215,5.641318176113643,11.185000513456085,10.605167315358184,11.764833711553987,0.00038885544436669076,-0.4138532224073375,0.41463093329607087,117.45541412423287,-381820.6556651941,382055.5664934426,0.9974221820947041,0.9999282220698927,True,True,3.28547849142951,11.739580459844944,403.0,54.614680608822965,1,False,True,0.030832525825769373,-0.056063726247057064,0.1177287778985958,3.5469213236045642,3.4669448980317337,3.626897749177395,11.585684356408375,11.151910960309655,12.019457752507096,0.005404248961007501,-0.04261383944184838,0.053422337363863384,111.23702022523344,-4910.686832348034,5133.1608727985,0.9955910175227972,0.9984786729564588,True,True,False,,False,,True,True,False,,Sheet2,Sheet3,Sheet4,Sheet7,Sheet8
patient_3_exp_1,2024_02_16_CGNs_iso1302_4.xlsx,3_1..25/2024_02_16_CGNs_iso1302_4.xlsx,3,ALS,1_25,ROI_069,BR,0.08418568056648308,False,4.8276665541330255,9.764322723055272,204.0,63.16616431353391,1,False,True,0.004009899167099147,-4.742831355183859,4.750851153518057,5.027561864272291,4.93890041196673,5.116223316577851,8.454782125758804,8.177653972713262,8.731910278804346,0.05199176706499181,-4.610960215237923,4.714943749367907,411.4576291564074,-45032.69615804249,45855.61141635531,0.9976047233252009,0.9897645008127802,True,True,2.4076650107153905,10.722305089409815,403.0,35.08401940165182,1,False,True,0.009616763964731354,-0.0548309634558944,0.0740644913853571,2.6385454775358332,2.583635225095946,2.6934557299757205,10.170828185422314,9.786751949691858,10.55490442115277,0.0026023059565415145,-0.03380807094635389,0.03901268285943691,111.15849918776863,-7351.833451059801,7574.1504494353385,0.9944865925658416,0.9990147064193808,True,True,False,,False,,True,True,False,,Sheet2,Sheet3,Sheet4,Sheet7,Sheet8
patient_3_exp_1,2024_02_16_CGNs_iso1302_4.xlsx,3_1..25/2024_02_16_CGNs_iso1302_4.xlsx,3,ALS,1_25,ROI_070,BS,0.17309205350118018,False,2.013975032065043,17.129923063550365,204.0,55.72732178198086,1,False,True,0.06513431598994555,-181.5790896521292,181.7093582841091,2.0803509133571443,1.843914628480227,2.3167871982340618,16.03376724047932,13.941497068897318,18.126037412061326,0.0035127651309838086,-181.39681341545543,181.40383894571738,1852.2886356606368,-100868899.42332348,100872604.0005948,0.9898051538581061,0.9983143018580121,True,True,1.2329255267509993,16.662804729264053,403.0,23.76004731948562,1,False,True,2.4517547314331127e-08,-0.009373181671092329,0.009373230706186956,1.4876020110774746,1.4534507031583233,1.521753318996626,14.793998785613434,14.214228750865015,15.373768820361853,1.2500114976614247e-09,,,100.0000007701805,-1261494493.2057166,1261494693.205718,0.9785822952018424,0.9999999991597138,True,True,False,,False,,True,True,False,,Sheet2,Sheet3,Sheet4,Sheet7,Sheet8
patient_3_exp_1,2024_02_16_CGNs_iso1302_4.xlsx,3_1..25/2024_02_16_CGNs_iso1302_4.xlsx,3,ALS,1_25,ROI_071,BT,0.043273013375295044,False,5.403960145846101,11.84948994352709,204.0,126.05934076515135,1,False,True,1.1023509003935171e-07,-0.6766456747635912,0.6766458952337713,4.9829245295609566,4.7106239807221835,5.25522507839973,8.287864885114555,7.569898141671266,9.005831628557843,0.8949694064333011,0.45465769462856126,1.335281118238041,100.00006600050703,-59.478557826011084,259.47868982702516,0.9901039874471994,0.8477397829598783,True,True,3.0299818858987724,9.798647886980177,403.0,42.73401970595212,1,False,True,0.02014090138771991,-0.02377448324741731,0.06405628602285714,3.174790303204479,3.1379644848924766,3.2116161215164816,9.632047147967514,9.423352000456644,9.840742295478384,0.0010007187086985196,-0.024230055784311456,0.0262314932017085,110.77138266602886,-12928.23023611672,13149.773001448779,0.9980280875533278,0.9996848915115026,True,True,False,,False,,True,True,False,,Sheet2,Sheet3,Sheet4,Sheet7,Sheet8
patient_3_exp_1,2024_02_16_CGNs_iso1302_4.xlsx,3_1..25/2024_02_16_CGNs_iso1302_4.xlsx,3,ALS,1_25,ROI_072,BU,0.06451612903225806,False,5.27579507439152,12.825549876300585,204.0,109.04270420188209,1,False,True,6.900221339154742e-13,,,5.026963982008578,4.9852502401831265,5.068677723834029,11.760640506971399,11.556098123315898,11.965182890626899,0.45276564019134474,0.42793699103218613,0.47759428935050335,100.00000000002423,,,0.9984419821999201,0.9173744561488829,True,True,2.18640788868281,10.131020915878992,403.0,31.28374234580144,1,False,True,0.00025729717116005583,-0.06316847935289288,0.063683073695213,2.289378657140779,2.2618203277359243,2.3169369865456333,9.737802688791765,9.507916277280245,9.967689100303286,0.032636195793090225,-0.010820976954050092,0.07609336854023055,149.9038885141901,-468.9527820427266,768.7605590711069,0.997434202810695,0.9859448806919325,True,True,False,,False,,True,True,False,,Sheet2,Sheet3,Sheet4,Sheet7,Sheet8
patient_3_exp_1,2024_02_16_CGNs_iso1302_4.xlsx,3_1..25/2024_02_16_CGNs_iso1302_4.xlsx,3,ALS,1_25,ROI_073,BV,0.003147128245476003,False,4.480074833681749,14.74215942847104,204.0,92.11813546468551,1,False,True,0.05617025855956445,-526.2855833610525,526.3979238781716,4.630347805523662,4.4163528844155255,4.844342726631799,14.374540292624392,13.516916439746415,15.232164145502368,0.010795989481400045,-526.1085617103516,526.1301536893144,3130.9601632484055,-157214027.1123448,157220289.03267127,0.9970958899331349,0.9976738515421525,True,True,1.7764430912188982,12.516536263363548,403.0,37.95325315344941,1,False,True,0.03439815114179429,-0.0300833768762983,0.09887967915988688,1.9318349766226386,1.8705557052825201,1.993114247962757,12.067394700213654,11.452316813333397,12.682472587093912,0.020127941234235357,-0.01555542099300699,0.0558113034614777,111.18632298348726,-901.5453090433263,1123.9179550103008,0.9925356143631442,0.9896883588053329,True,True,False,,False,,True,True,False,,Sheet2,Sheet3,Sheet4,Sheet7,Sheet8
patient_3_exp_1,2024_02_16_CGNs_iso1302_4.xlsx,3_1..25/2024_02_16_CGNs_iso1302_4.xlsx,3,ALS,1_25,ROI_074,BW,0.0015735641227380016,False,5.656627820839801,13.453312818296922,204.0,112.18058671850648,1,False,True,0.09803044850340525,-1511.3246946753122,1511.5207555723189,5.952297947423038,5.7523575879299464,6.15223830691613,12.349855074373938,11.726025591684254,12.973684557063622,0.021014223158111373,-1511.1933049072709,1511.235333353587,5131.386738608581,-375443791.14810383,375454053.92158103,0.9969125111338974,0.9964819814270536,True,True,3.168437373561423,11.256293785092964,403.0,73.93076312845966,1,False,True,0.11612477011732515,0.040367281093582466,0.19188225914106782,3.285815688795,3.2296971929166216,3.3419341846733785,10.470995959315333,10.146515838191815,10.795476080438851,0.0005919479588373727,-0.041423177051610104,0.04260707296928485,118.95221798441102,-39080.60917698232,39318.513612951145,0.9963031982367693,0.9998198799344862,True,True,False,,False,,True,True,False,,Sheet2,Sheet3,Sheet4,Sheet7,Sheet8
patient_3_exp_1,2024_02_16_CGNs_iso1302_4.xlsx,3_1..25/2024_02_16_CGNs_iso1302_4.xlsx,3,ALS,1_25,ROI_075,BX,0.0015735641227380016,False,6.935911926394383,8.841210509934257,203.0,130.65048487570908,1,False,True,0.0004507469838325542,-28.862107265285026,28.863008759252693,7.451722571581479,7.175043806207575,7.7284013369553834,6.935833619636306,6.411414305236233,7.4602529340363795,0.48139418538521417,-28.147196750223543,29.10998512099397,562.5015901271487,-37979.73292764289,39104.73610789719,0.9833190739513883,0.9393184040859521,True,True,2.8830466320135653,6.146953473898975,402.0,32.691340024546655,1,False,True,8.231073255455544e-09,,,2.9875711168369072,2.9555280940050186,3.019614139668796,6.226921196639476,6.09229213164095,6.361550261638002,0.10926375538430165,0.09032966983041586,0.12819784093818742,100.00000008394007,75.15416077849005,124.84583938939008,0.996201024283837,0.9647176036525538,True,True,False,,False,,True,True,False,,Sheet2,Sheet3,Sheet4,Sheet7,Sheet8
patient_3_exp_1,2024_02_16_CGNs_iso1302_4.xlsx,3_1..25/2024_02_16_CGNs_iso1302_4.xlsx,3,ALS,1_25,ROI_076,BY,0.08103855232100708,False,2.6829144824381372,13.541749955740443,204.0,63.67855551941798,1,False,True,7.525847080429787e-09,,,2.510705987032692,2.466539203909974,2.5548727701554106,12.855459109752836,12.371946235023417,13.338971984482255,0.3092948407079788,0.2806315144350867,0.3379581669808709,100.00000000431146,,,0.9934264932205287,0.89032101066588,True,True,1.4930180878081063,10.952335847850406,403.0,29.27700214366959,1,False,True,0.032666171778248286,-0.025861453926630903,0.09119379748312748,1.6377011907667625,1.591925406683007,1.6834769748505178,9.70311172404288,9.194713406283519,10.211510041802242,0.0207963652038795,-0.012571830950985532,0.054164561358744534,114.44617680789212,-727.0218000058844,955.9141536216687,0.9887461390253515,0.9874607200179393,True,True,False,,False,,True,True,False,,Sheet2,Sheet3,Sheet4,Sheet7,Sheet8
patient_3_exp_1,2024_02_16_CGNs_iso1302_4.xlsx,3_1..25/2024_02_16_CGNs_iso1302_4.xlsx,3,ALS,1_25,ROI_077,BZ,0.06294256490952006,False,5.234190776276203,12.71880198273692,204.0,91.59018121383947,1,False,True,0.06309245550172493,-0.4321757330375038,0.5583606440409536,5.409234152032932,5.185607264846922,5.632861039218941,12.180277517790143,11.611926918463341,12.748628117116946,0.011839186743966305,-0.27573295020438016,0.2994113236923127,111.04813290934447,-9873.68181091861,10095.778076737297,0.9983784453729371,0.9978160806902794,True,True,2.830189781928011,17.149049546917524,406.0,58.420597232948744,1,False,True,3.0749812173074833e-06,-0.09374175842977754,0.09374790839221216,3.2017567025724665,3.0723523654260667,3.3311610397188662,13.944739668324585,13.1214433305653,14.76803600608387,2.8486787745753486e-07,-0.0908563658243851,0.09085693556014,100.00005363208282,-106303772.17000525,106303972.1701125,0.9901232192496509,0.9999999110276394,True,True,False,,False,,True,True,False,,Sheet2,Sheet3,Sheet4,Sheet7,Sheet8
patient_3_exp_1,2024_02_16_CGNs_iso1302_4.xlsx,3_1..25/2024_02_16_CGNs_iso1302_4.xlsx,3,ALS,1_25,ROI_078,CA,0.16994492525570418,False,3.8642761772852072,12.144636349778324,204.0,73.88119380347595,1,False,True,6.597686850760253e-11,,,3.585090090770709,3.544647970440219,3.6255322111011985,12.79850213354267,12.490116261642898,13.10688800544244,0.2565813580744119,0.2304490491827031,0.2827136669661207,100.00000000014946,,,0.9970888004112329,0.9332110094548701,True,True,2.0794030796270127,16.67153618181527,404.0,48.61310793419657,1,False,True,0.00046760452059114587,-0.16445444535781173,0.165389654398994,2.221106717470308,2.149570818465895,2.292642616474721,16.70373959957788,15.964486629514576,17.442992569641184,0.05194491854557326,-0.04789275237796378,0.1517825894691103,172.6654536684778,-1006.8165812780417,1352.1474886149972,0.9962841089902529,0.9771474973456299,True,True,False,,False,,True,True,False,,Sheet2,Sheet3,Sheet4,Sheet7,Sheet8
patient_3_exp_1,2024_02_16_CGNs_iso1302_4.xlsx,3_1..25/2024_02_16_CGNs_iso1302_4.xlsx,3,ALS,1_25,ROI_079,CB,0.3154996066089693,False,4.521200458136787,13.437326283719756,204.0,91.74794950404969,1,False,True,0.022426313032822155,-25.832579433812764,25.877432059878405,4.556774320494476,4.407583633097354,4.705965007891598,12.72168690031241,12.139580416837198,13.303793383787621,0.11640974546661763,-25.584931734585997,25.817751225519235,811.5160686779923,-200190.18661756304,201813.21875491904,0.9977788775377593,0.9750898437075202,True,True,2.2270113825035613,17.76627686079081,406.0,57.388970030600646,1,False,True,0.0076705235870442555,-1.080486064137652,1.0958271113117404,2.465088087532468,2.381491369184859,2.548684805880077,13.633233323225095,12.780532226353206,14.485934420096985,0.07004832355526949,-0.9395470602359758,1.0796437073465148,348.37420975180197,-7464.729203666732,8161.477623170335,0.9863024363204441,0.9723690120780466,True,True,False,,False,,True,True,False,,Sheet2,Sheet3,Sheet4,Sheet7,Sheet8
patient_3_exp_1,2024_02_16_CGNs_iso1302_4.xlsx,3_1..25/2024_02_16_CGNs_iso1302_4.xlsx,3,ALS,1_25,ROI_080,CC,0.015735641227380016,False,3.9210946711864363,15.195954984218531,204.0,80.51790093078161,1,False,True,0.030260065993737727,-475.86637143908996,475.9268915710774,4.2933942327652685,3.9908702555995426,4.5959182099309945,14.123890508089698,12.824074582198143,15.423706433981252,0.00547088214349768,-475.57727948664956,475.5882212509365,2490.597854199208,-224778549.33424497,224783530.52995336,0.992683991272861,0.9987273659449039,True,True,2.1900527195188593,10.823360901839862,403.0,37.55675742897727,1,False,True,0.016769449096670393,-0.046152890537856255,0.07969178873119703,2.3804205329544725,2.3258466600964827,2.4349944058124624,10.344846936802679,9.91925341704362,10.770440456561737,3.4884676070849694e-05,-0.035450660877849684,0.035520430229991386,110.70512038611044,-545601.2927645965,545822.7030053687,0.9936294874680469,0.99998534537727,True,True,False,,False,,True,True,False,,Sheet2,Sheet3,Sheet4,Sheet7,Sheet8
patient_3_exp_1,2024_02_16_CGNs_iso1302_4.xlsx,3_1..25/2024_02_16_CGNs_iso1302_4.xlsx,3,ALS,1_25,ROI_081,CD,0.043273013375295044,False,6.075833802643712,13.049140656302,204.0,138.95119416490112,1,False,True,1.3565806286954516e-06,-0.16282633013907258,0.16282904330032996,5.390343529108319,5.291357106022166,5.489329952194471,12.518035992263144,12.27431538204518,12.761756602481109,0.6786782840392842,0.6026631221876,0.7546934458909684,100.00000834930589,43.55270997789563,156.44730672071614,0.9997913660302525,0.8881733655052891,True,True,,,,35.462225075283634,0,False,False,,,,,,,,,,,,,,,,,,False,False,False,,False,,True,False,False,,Sheet2,Sheet3,Sheet4,Sheet7,Sheet8
patient_3_exp_1,2024_02_16_CGNs_iso1302_4.xlsx,3_1..25/2024_02_16_CGNs_iso1302_4.xlsx,3,ALS,1_25,ROI_082,CE,0.02989771833202203,False,6.101575269170699,16.947022870050063,204.0,143.01778047877428,1,False,True,0.053210822233041466,-1888.3358755630293,1888.4422972074954,6.60022472608365,5.997654037467642,7.202795414699658,16.645746867126025,14.924876568592175,18.366617165659875,0.007613320807062085,-1887.7571742205384,1887.7724008621524,3770.5710193428945,-959707130.1750667,959714671.3171053,0.9942419086337235,0.9988478348359878,True,True,4.484098201044606,13.53578982581729,403.0,92.90529218863031,1,False,True,0.04635560956502388,-77.76150566483237,77.85421688396242,4.958018823054345,4.854268672905308,5.061768973203382,13.238136672916857,12.681984754333948,13.794288591499766,0.003288611061522423,-77.71006884558801,77.71664606771105,2490.780719777921,-62088004.16560204,62092985.7270416,0.9922399524375884,0.9993371483010892,True,True,False,,False,,True,True,False,,Sheet2,Sheet3,Sheet4,Sheet7,Sheet8
patient_3_exp_1,2024_02_16_CGNs_iso1302_4.xlsx,3_1..25/2024_02_16_CGNs_iso1302_4.xlsx,3,ALS,1_25,ROI_083,CF,0.08261211644374508,False,5.946045315756862,14.938427676555648,204.0,142.32261810481066,1,False,True,2.1369300156963398e-11,,,5.648943678658096,5.570702176782538,5.727185180533654,16.249953632574112,15.749576441628399,16.750330823519825,0.41560369596309815,0.35189603675770414,0.47931135516849216,100.00000000000014,,,0.9959760449156577,0.9314699564055995,True,True,3.8299991845523547,13.695916734049774,404.0,68.72672480068545,1,False,True,0.007757412996505581,-0.11589075256245311,0.13140557855546428,4.242011144002608,4.120137367008308,4.363884920996908,12.387287618153394,11.82919756169816,12.945377674608627,5.818620912466918e-05,-0.06935445821036483,0.06947083062861416,110.51598182067444,-676944.0256394745,677165.0576031158,0.9943518594580153,0.9999862835317871,True,True,False,,False,,True,True,False,,Sheet2,Sheet3,Sheet4,Sheet7,Sheet8
patient_3_exp_1,2024_02_16_CGNs_iso1302_4.xlsx,3_1..25/2024_02_16_CGNs_iso1302_4.xlsx,3,ALS,1_25,ROI_084,CG,0.2682926829268293,False,4.292943177455158,13.903715794627203,204.0,86.86348687958971,1,False,True,0.07742672923580717,-0.3840435925627166,0.5388970510343309,4.291895243984708,4.043469743259531,4.540320744709885,14.081686478450052,13.292735922053184,14.87063703484692,0.030999027814225408,-0.20176878815826793,0.2637668437867187,111.0615809762653,-3599.333130440681,3821.4562923932117,0.9984806581230913,0.9928291034049914,True,True,,,,8.67594592245899,0,False,False,,,,,,,,,,,,,,,,,,False,False,False,,False,,True,False,False,,Sheet2,Sheet3,Sheet4,Sheet7,Sheet8
patient_3_exp_1,2024_02_16_CGNs_iso1302_4.xlsx,3_1..25/2024_02_16_CGNs_iso1302_4.xlsx,3,ALS,1_25,ROI_085,CH,0.04012588512981904,False,6.584294857561418,9.580952213988326,203.0,114.72757425497633,1,False,True,1.7860265012722472e-12,,,6.513800935482157,6.301846835105632,6.725755035858683,8.42722564176818,7.8637702053357605,8.9906810782006,0.6684378766251518,0.47398622153114645,0.862889531719157,100.00000002443183,54.01109836476905,145.9889016840946,0.9872165330619167,0.9069318224982513,True,True,4.905724595776379,10.611818238549404,403.0,69.85899748247698,1,False,True,0.010700265245686942,-15.48106057445359,15.502461104944963,5.427485808647288,5.346179855115242,5.508791762179333,9.877509441997246,9.565077197068458,10.189941686926034,0.01093410866516401,-15.421038235180108,15.442906452510437,1290.6460110077198,-2008319.768881909,2010901.0609039245,0.9938449611322788,0.9979894695828182,True,True,False,,False,,True,True,False,,Sheet2,Sheet3,Sheet4,Sheet7,Sheet8
patient_3_exp_1,2024_02_16_CGNs_iso1302_4.xlsx,3_1..25/2024_02_16_CGNs_iso1302_4.xlsx,3,ALS,1_25,ROI_086,CI,0.004720692368214005,False,5.781007289706376,11.395360783395091,204.0,119.56787758854665,1,False,True,5.737352462315427e-09,,,5.574164048157131,5.424058770397238,5.7242693259170245,8.651751304244,8.175955170965693,9.127547437522306,0.7190684959413651,0.5790938653802269,0.8590431265025034,100.00000071266021,69.5463734033109,130.45362802200953,0.9917710723620154,0.8857394048443872,True,True,2.9504984149508062,8.90433212771461,403.0,40.343515303494925,1,False,True,0.023979464162511812,0.0022919719694117144,0.04566695635561191,3.0290722443654094,3.008384760068784,3.049759728662035,9.14052052664338,9.022699986693333,9.258341066593427,0.0001370333997866589,-0.013060045810922127,0.013334112610495445,103.59301470866502,-45958.85452755146,46166.04055696879,0.9992737948908826,0.9999547626501766,True,True,False,,False,,True,True,False,,Sheet2,Sheet3,Sheet4,Sheet7,Sheet8
patient_3_exp_1,2024_02_16_CGNs_iso1302_4.xlsx,3_1..25/2024_02_16_CGNs_iso1302_4.xlsx,3,ALS,1_25,ROI_087,CJ,0.040912667191188044,False,4.058095900969413,9.286219650130903,204.0,50.757952260346485,1,False,True,0.033856407171040416,-0.1455632227956961,0.21327603713777693,4.187626491525199,4.115607774127331,4.259645208923067,8.625075086257244,8.396688649041543,8.853461523472944,2.1421070273064623e-05,-0.11601992409428853,0.11606276623483465,101.3697408315698,-1789290.2929632063,1789493.0324448696,0.9988919484260307,0.9999948847012164,True,True,4.388517239103999,11.74035032685157,403.0,69.55916475848477,1,False,True,0.008346044117148337,-0.11666890045009709,0.13336098868439378,4.865235495078895,4.7469700156467125,4.983500974511078,11.775898984564567,11.307622203908121,12.244175765221012,0.00018231470993183203,-0.06952450885776028,0.06988913827762396,110.52369220076882,-214995.74490036702,215216.79228476857,0.9951737824425156,0.9999625284575634,True,True,False,,False,,True,True,False,,Sheet2,Sheet3,Sheet4,Sheet7,Sheet8
patient_3_exp_1,2024_02_16_CGNs_iso1302_4.xlsx,3_1..25/2024_02_16_CGNs_iso1302_4.xlsx,3,ALS,1_25,ROI_088,CK,0.0904799370574351,False,2.4246145209303567,16.446281968289668,204.0,73.52554243343674,1,False,True,8.992160111167757e-09,,,1.936989060288495,1.9246757030052397,1.9493024175717502,16.758268739887335,16.52092185632239,16.99561562345228,0.44259200602345866,0.4322780592394281,0.45290595280748924,100.00000000000097,,,0.999314146428223,0.8140042328083322,True,True,,,,3.7317363378019497,0,False,False,,,,,,,,,,,,,,,,,,False,False,False,,False,,True,False,False,,Sheet2,Sheet3,Sheet4,Sheet7,Sheet8
patient_3_exp_1,2024_02_16_CGNs_iso1302_4.xlsx,3_1..25/2024_02_16_CGNs_iso1302_4.xlsx,3,ALS,1_25,ROI_089,CL,0.0055074744295830055,False,4.703747554127202,16.579568384158335,204.0,113.18010347434316,1,False,True,0.005117070083759285,-1.1113365436953848,1.1215706838629034,4.735546898309791,3.3868687144005163,6.084225082219066,20.14060994017458,16.463207240111856,23.818012640237306,2.0964237422632577e-05,-0.4329866279444581,0.4330285564193034,100.01454379110551,-15260493.488528797,15260693.517616378,0.9960621876124376,0.999995573025658,True,True,3.5309968168820833,14.945860638549334,404.0,71.19665960600716,1,False,True,0.012750256745907238,-0.1292186765593316,0.1547191900511461,3.955522954274486,3.8017646844299513,4.10928122411902,14.113174804975774,13.34655705306758,14.879792556883968,1.8119501844969152e-05,-0.08210488606416128,0.0821411250678512,111.72498377915726,-2607432.9039284494,2607656.353896008,0.9936212117391182,0.9999954192102908,True,True,False,,False,,True,True,False,,Sheet2,Sheet3,Sheet4,Sheet7,Sheet8
patient_3_exp_1,2024_02_16_CGNs_iso1302_4.xlsx,3_1..25/2024_02_16_CGNs_iso1302_4.xlsx,3,ALS,1_25,ROI_090,CM,0.05271439811172305,False,4.4570169437440015,10.00924478402564,204.0,107.05559693814732,1,False,True,0.0009419521669515399,-0.5184192327469709,0.5203031370808741,4.128322448083667,4.027812711913644,4.228832184253689,6.875878991526319,6.560088649212711,7.191669333839927,0.628467353489718,0.19464178569961166,1.0622929212798244,132.76839615385032,-56.15288885688153,321.68968116458217,0.9955042314894201,0.8678799401054379,True,True,2.7605152618455424,14.212174271798574,405.0,80.22997572135426,1,False,True,3.6755797886004794e-11,,,2.54771552474119,2.509753426212769,2.5856776232696106,10.041657157442078,9.755864289788402,10.327450025095754,0.49407701214815913,0.4774362859470084,0.5107177383493099,100.00000000643728,,,0.993858849281253,0.8375704436919222,True,True,False,,False,,True,True,False,,Sheet2,Sheet3,Sheet4,Sheet7,Sheet8
patient_3_exp_1,2024_02_16_CGNs_iso1302_4.xlsx,3_1..25/2024_02_16_CGNs_iso1302_4.xlsx,3,ALS,1_25,ROI_091,CN,0.3878835562549174,False,3.510750857814299,15.34203470857338,204.0,92.5680226420013,1,False,True,0.002513540313497183,-0.2471159583014553,0.2521430389284497,3.047837844605479,2.8428148023700737,3.252860886840884,15.70040803609698,14.822415700980677,16.578400371213284,0.40771967306984014,0.324057162155556,0.49138218398412425,100.0114359953888,-56.339771809426324,256.3626438002039,0.9991763154615129,0.8820104509954364,True,True,0.6821005487166454,14.32417243684688,402.0,16.3418500472959,1,False,True,0.007302982545408763,-0.027331129493680394,0.041937094584497916,0.6091948363597236,0.5662040489895303,0.652185623729917,16.092842683745747,14.708699686015558,17.476985681475938,0.05650777429666702,0.034134281608534364,0.07888126698479968,112.29670262771984,-101.91561790800179,326.5090231634415,0.989845175848862,0.9151155885644647,True,True,False,,False,,True,True,False,,Sheet2,Sheet3,Sheet4,Sheet7,Sheet8
patient_3_exp_1,2024_02_16_CGNs_iso1302_4.xlsx,3_1..25/2024_02_16_CGNs_iso1302_4.xlsx,3,ALS,1_25,ROI_092,CO,0.003933910306845004,False,3.40635120550852,15.992198971444935,204.0,84.61844030500285,1,False,True,0.09460537358160644,-0.1852372609405588,0.37444800810377166,3.3491221928106376,3.156950318318361,3.541294067302914,16.941977338258678,16.167149816413524,17.71680486010383,0.03233674064693122,-0.07558230385991709,0.1402557851537795,111.37464762400708,-2191.814747852354,2414.564043100368,0.9994632866414529,0.9904370446948274,True,True,,,,34.264624509467225,0,False,False,,,,,,,,,,,,,,,,,,False,False,False,,False,,True,False,False,,Sheet2,Sheet3,Sheet4,Sheet7,Sheet8
patient_3_exp_1,2024_02_16_CGNs_iso1302_4.xlsx,3_1..25/2024_02_16_CGNs_iso1302_4.xlsx,3,ALS,1_25,ROI_093,CP,0.05114083398898505,False,4.300172688154845,19.278796490211107,204.0,143.3425440611525,1,False,True,0.004314293559087139,-171.59029087879793,171.59891946591608,4.132054417483771,3.4881725289539682,4.775936306013574,17.912753062792802,15.061178513862695,20.764327611722912,0.4142928766982315,-170.5208696992315,171.34945545262795,1163.8980382978025,-524103.6231938619,526431.4192704575,0.9895568540433303,0.9088734648080217,True,True,0.646715299370754,23.47414266447629,408.0,43.503013695149136,1,False,True,0.09721108999929799,0.05189881256156555,0.14252336743703042,0.5738929117741853,0.523709025005764,0.6240767985426067,16.28899534850449,14.537947021375244,18.040043675633736,0.017419293138263004,-0.007364846230035586,0.0422034325065616,117.89351484703849,-793.9434511900713,1029.7304808841482,0.9823121914534286,0.9705412927493318,True,True,False,,False,,True,True,False,,Sheet2,Sheet3,Sheet4,Sheet7,Sheet8
patient_3_exp_1,2024_02_16_CGNs_iso1302_4.xlsx,3_1..25/2024_02_16_CGNs_iso1302_4.xlsx,3,ALS,1_25,ROI_094,CQ,0.0983477576711251,False,3.4863542877745393,15.12195737344706,204.0,97.54564183730713,1,False,True,1.326514554914716e-09,,,3.102447850563161,2.9374484545887682,3.2674472465375537,11.564461971769443,10.46838802054397,12.660535922994917,0.6963918738406152,0.5220550776381752,0.8707286700430552,100.00000035279321,65.56649318161516,134.43350752397126,0.9855763435368581,0.8166830073490629,True,True,2.403833243553469,9.054116935144293,403.0,29.01727783655126,1,False,True,0.0023583827224214838,-0.05335681686926189,0.05807358231410486,2.6193570108937054,2.5741368644967664,2.6645771572906445,8.244764314264103,7.962363698241026,8.52716493028718,2.215986231869734e-05,-0.03369379072606504,0.033738110450702435,110.4525359926042,-720498.8274406805,720719.7325126657,0.994008200284479,0.9999915400326282,True,True,False,,False,,True,True,False,,Sheet2,Sheet3,Sheet4,Sheet7,Sheet8
patient_3_exp_1,2024_02_16_CGNs_iso1302_4.xlsx,3_1..25/2024_02_16_CGNs_iso1302_4.xlsx,3,ALS,1_25,ROI_095,CR,0.25727773406766324,False,6.131215672816587,11.562767205375167,203.0,203.1271532081771,1,False,True,2.7851566718268736e-09,,,5.768348535921742,5.590892582886878,5.945804488956607,8.228010147501594,7.686132426017081,8.769887868986107,1.1717190277160292,1.049618331870927,1.2938197235611315,342.6229866991728,172.31951004401057,512.926463354335,0.981762349366956,0.8311660488933554,True,True,4.257873953969902,10.518557136837046,403.0,61.5496047165845,1,False,True,8.479078572162839e-11,,,4.548280545775521,4.500075245784967,4.596485845766074,10.34218539835759,10.113703095457764,10.570667701257415,0.05608227390990703,0.018439521718327898,0.09372502610148616,133.75044659279934,0.2834067378656755,267.217486447733,0.996710347043532,0.9878197535454561,True,True,False,,False,,True,True,False,,Sheet2,Sheet3,Sheet4,Sheet7,Sheet8
patient_3_exp_1,2024_02_16_CGNs_iso1302_4.xlsx,3_1..25/2024_02_16_CGNs_iso1302_4.xlsx,3,ALS,1_25,ROI_096,CS,0.12509834775767112,False,4.168490841122454,14.957238666254483,204.0,105.91545472690073,1,False,True,0.02356173261259689,-0.13528063352928102,0.1824040987544748,3.812618148352181,3.6865027673785975,3.938733529325764,15.398563690222023,14.965872296359807,15.831255084084239,0.37946198386495306,0.32437916662201566,0.43454480110789045,100.24415956121744,-5.8437570067147675,206.33207612914964,0.9997666185854737,0.9094812188944822,True,True,,,,16.89745746769181,0,False,False,,,,,,,,,,,,,,,,,,False,False,False,,False,,True,False,False,,Sheet2,Sheet3,Sheet4,Sheet7,Sheet8
patient_3_exp_1,2024_02_16_CGNs_iso1302_4.xlsx,3_1..25/2024_02_16_CGNs_iso1302_4.xlsx,3,ALS,1_25,ROI_097,CT,0.08969315499606609,False,3.2640784017743423,12.307099995332266,204.0,59.8817930522781,1,False,True,0.062019610515587624,-0.24246184682769445,0.3665010678588697,3.290991779187009,3.170133350215747,3.4118502081582713,12.550804585625908,12.036830822387808,13.064778348864008,0.005202912930238581,-0.18482389805125823,0.1952297239117354,118.59376009919046,-14220.910277345707,14458.09779754409,0.9988046366866004,0.998421539558121,True,True,1.4705292310282911,13.728075836373762,403.0,28.581897196813987,1,False,True,0.018164859019461802,-0.05122894676027248,0.08755866479919608,1.629582700681288,1.5622847389158059,1.69688066244677,13.101737222070703,12.286512588480837,13.916961855660569,0.008789853675259886,-0.028685486805662682,0.04626519415618245,113.47951067589673,-2449.7969175096205,2676.7559388614136,0.9902657423759819,0.9946350092035617,True,True,False,,False,,True,True,False,,Sheet2,Sheet3,Sheet4,Sheet7,Sheet8
patient_3_exp_1,2024_02_16_CGNs_iso1302_4.xlsx,3_1..25/2024_02_16_CGNs_iso1302_4.xlsx,3,ALS,1_25,ROI_098,CU,0.0055074744295830055,False,5.429500230399995,10.6067942945227,204.0,118.55439605706646,1,False,True,9.90085822162774e-08,-0.5403588355250442,0.5403590335422086,5.062727403437456,4.855318162238415,5.270136644636496,7.728898960918114,7.199093471330737,8.258704450505492,0.794780027159668,0.43121587401673556,1.1583441803026004,100.00000372197879,-41.338853985235616,241.33886142919317,0.9928070007402567,0.8643142946762516,True,True,2.7476549695999974,10.286850228125672,403.0,69.0496073498664,1,False,True,0.10697943764166458,-3.4049985049335625,3.6189573802168917,3.0568107290092805,2.9807345979444664,3.1328868600740947,8.667787475633604,8.214337708621205,9.121237242646004,0.01970946728765718,-3.4417398391800478,3.481158773755362,653.4174134460546,-138784.4389028558,140091.27372974792,0.981777845893406,0.9935935842997616,True,True,False,,False,,True,True,False,,Sheet2,Sheet3,Sheet4,Sheet7,Sheet8
patient_3_exp_1,2024_02_16_CGNs_iso1302_4.xlsx,3_1..25/2024_02_16_CGNs_iso1302_4.xlsx,3,ALS,1_25,ROI_099,CV,0.05428796223446106,False,7.052301923917471,11.684458698384901,204.0,152.17288793837946,1,False,True,4.141771817075193e-11,,,6.934487688870614,6.783456324988307,7.085519052752921,9.295102346230902,8.879664562808479,9.710540129653324,0.7215361341652002,0.5792976825431494,0.8637745857872511,114.91933951418173,76.17678668245037,153.6618923459131,0.994358443590016,0.9057557616273074,True,True,1.9885527227006095,11.864876375489075,404.0,61.01381642430242,1,False,True,0.0752228341428112,-0.037115551890005455,0.18756122017562785,2.054641406485945,2.0100396232098765,2.0992431897620136,9.47090569397019,9.061849358750102,9.879962029190278,0.09066409726783528,0.010482456551923591,0.17084573798374697,156.09124836427156,-241.82035595432416,554.0028526828673,0.9913990535448349,0.9577383747400104,True,True,False,,False,,True,True,False,,Sheet2,Sheet3,Sheet4,Sheet7,Sheet8
patient_3_exp_1,2024_02_16_CGNs_iso1302_4.xlsx,3_1..25/2024_02_16_CGNs_iso1302_4.xlsx,3,ALS,1_25,ROI_100,CW,0.42722265932336745,False,2.7784498593296623,11.966025101493244,204.0,65.77029196638301,1,False,True,6.50239447808812e-10,,,2.3296150884627482,2.3110254542040845,2.348204722721412,11.320123855255323,11.132437864317746,11.5078098461929,0.3817115657806728,0.3710437136983308,0.3923794178630148,100.00000000004535,,,0.9986820188894195,0.8592159431681657,True,True,,,,-1.0196366895449702,0,False,False,,,,,,,,,,,,,,,,,,False,False,False,,False,,True,False,False,,Sheet2,Sheet3,Sheet4,Sheet7,Sheet8
patient_3_exp_1,2024_02_16_CGNs_iso1302_4.xlsx,3_1..25/2024_02_16_CGNs_iso1302_4.xlsx,3,ALS,1_25,ROI_101,CX,0.14162077104642015,False,3.340286835325598,11.394619367413952,204.0,61.449146476003335,1,False,True,2.6142648052088886e-07,-0.48431313659660397,0.484313659449565,3.337493846349374,3.255895535876694,3.419092156822054,9.87464844627183,9.512339100972968,10.236957791570694,0.18094660022090286,-0.22427101731892013,0.5861642177607258,154.2899174208565,-539.6237081185448,848.2035429602577,0.9981927907774406,0.9485719303854392,True,True,1.713187679571808,12.134518951811003,402.0,32.3662306415697,1,False,True,0.01888301982717132,-0.082421370545982,0.12018741020032464,1.9207188985412904,1.8554152808064965,1.9860225162760843,12.096923715034338,11.402462944285624,12.791384485783052,0.00038632175834220947,-0.05430243442237914,0.05507507793906356,130.9169242162695,-84415.41166028567,84677.24550871822,0.9895083074832313,0.9997989065074312,True,True,False,,False,,True,True,False,,Sheet2,Sheet3,Sheet4,Sheet7,Sheet8
patient_3_exp_1,2024_02_16_CGNs_iso1302_4.xlsx,3_1..25/2024_02_16_CGNs_iso1302_4.xlsx,3,ALS,1_25,ROI_102,CY,0.3131392604248623,False,4.697237264776988,14.912418258144697,204.0,121.35704126513951,1,False,True,7.626239378150539e-12,,,4.151965730612945,4.068594802515182,4.2353366587107075,13.798197980863932,13.19705585633441,14.399340105393454,0.6997749634387337,0.6417802665616895,0.7577696603157779,100.00000000000124,,,0.9921023583618758,0.8557682680163285,True,True,3.3553676351667954,12.124065592032935,403.0,51.131713206392206,1,False,True,0.009936007441824785,-0.09513864242186242,0.11501065730551198,3.720059590214784,3.6203171297267054,3.819802050702863,11.78209140917874,11.265792219207915,12.298390599149565,0.0013206681387582077,-0.05738749840697623,0.06002883468449265,110.38507478745511,-24849.467365906305,25070.237515481218,0.9941601411799437,0.9996451133592721,True,True,False,,False,,True,True,False,,Sheet2,Sheet3,Sheet4,Sheet7,Sheet8
patient_3_exp_1,2024_02_16_CGNs_iso1302_4.xlsx,3_1..25/2024_02_16_CGNs_iso1302_4.xlsx,3,ALS,1_25,ROI_103,CZ,0.2958300550747443,False,4.53220179813028,15.194411315450736,203.0,116.71368780788546,1,False,True,2.548123259175838e-12,,,4.247711588600919,4.139108607474061,4.356314569727777,18.302557296046093,17.260347239856273,19.344767352235912,0.43162332248455076,0.33341092954433255,0.5298357154247689,100.00000000028828,,,0.988234018182029,0.9077596857916659,True,True,2.5668141189873372,11.955222932311926,403.0,37.51316168987302,1,False,True,6.788460745143932e-08,-0.007591866704252197,0.007592002473467101,2.8321161274025934,2.7954997598700673,2.8687324949351196,11.312492240248115,11.069033517410311,11.55595096308592,1.7901880274626993e-10,,,100.00000399818732,-3134759943.3087854,3134760143.308793,0.9931147347682747,0.9999999999367897,True,True,False,,False,,True,True,False,,Sheet2,Sheet3,Sheet4,Sheet7,Sheet8
patient_3_exp_1,2024_02_16_CGNs_iso1302_4.xlsx,3_1..25/2024_02_16_CGNs_iso1302_4.xlsx,3,ALS,1_25,ROI_104,DA,0.0,False,5.819935589826993,19.699192775858194,204.0,155.5667055965235,1,False,True,0.00015266708322268698,-0.19867939577014815,0.1989847299365935,6.030473712308448,5.695474202653126,6.365473221963771,21.86268412058283,20.346162838396335,23.379205402769326,3.2830640295880575e-08,-0.5502262994390612,0.5502263651003418,100.00028597763938,-293664617.5548986,293664817.5554706,0.9957073161916774,0.9999999945558771,True,True,3.9296146468415736,16.183489048286447,404.0,94.6150356885181,1,False,True,0.06749096416781877,-0.1178671333426122,0.2528490616782497,4.316062998833117,4.108108162463234,4.524017835203001,14.784497740938603,13.834263453256419,15.734732028620787,0.0070812906762572955,-0.10186888879190711,0.1160314701444217,112.42578442112516,-8744.49811047908,8969.349679321329,0.9919159653170416,0.9983620045499195,True,True,False,,False,,True,True,False,,Sheet2,Sheet3,Sheet4,Sheet7,Sheet8
patient_3_exp_1,2024_02_16_CGNs_iso1302_4.xlsx,3_1..25/2024_02_16_CGNs_iso1302_4.xlsx,3,ALS,1_25,ROI_105,DB,0.011014948859166011,False,4.117074954623722,16.65429877511565,204.0,97.22077557564293,1,False,True,0.055446315417252284,-0.7952936368938256,0.9061862677283302,4.161700318745774,3.6177542269377883,4.7056464105537605,17.58543183416946,15.794906350170649,19.37595731816827,0.0017524242363377374,-0.35066835121816514,0.35417319969084066,116.74684407119018,-131843.1103468995,132076.6040350419,0.9975759571276119,0.9995790935205663,True,True,2.2429208587534775,14.882942442346916,405.0,47.565598568290596,1,False,True,0.03055805097761129,-66.39372447913682,66.45484058109206,2.4718085648199275,2.415861374946069,2.527755754693786,12.162879590545336,11.593999517510056,12.731759663580615,0.005795507438132259,-66.37028447123421,66.38187548611049,3131.025629609169,-37376721.639990814,37382983.69125003,0.9891989586136813,0.9976608419791422,True,True,False,,False,,True,True,False,,Sheet2,Sheet3,Sheet4,Sheet7,Sheet8
patient_3_exp_1,2024_02_16_CGNs_iso1302_4.xlsx,3_1..25/2024_02_16_CGNs_iso1302_4.xlsx,3,ALS,1_25,ROI_106,DC,0.07867820613690008,False,4.897927798747065,12.946488458836512,204.0,107.51220883972917,1,False,True,6.064886241568428e-10,,,4.544382599671039,4.487943468427791,4.600821730914286,12.06733529428901,11.808401605643006,12.326268982935016,0.4977745918010053,0.43758548544110987,0.5579636981609007,100.00000002990394,83.71453512836108,116.28546493144681,0.9991806943275404,0.9012774546888568,True,True,1.689242580670252,15.829786891395486,405.0,39.587985526099764,1,False,True,0.02313264962559448,-0.02134092931473865,0.06760622856592761,1.781579005650826,1.7319501222759142,1.831207889025738,14.383281268189059,13.835800102099912,14.930762434278206,0.014844369274618102,-0.01150259997096327,0.041191338520199475,111.3624397822679,-892.4317132475481,1115.156592812084,0.9970286222857845,0.9917367089062543,True,True,False,,False,,True,True,False,,Sheet2,Sheet3,Sheet4,Sheet7,Sheet8
patient_3_exp_1,2024_02_16_CGNs_iso1302_4.xlsx,3_1..25/2024_02_16_CGNs_iso1302_4.xlsx,3,ALS,1_25,ROI_107,DD,0.06136900078678206,False,5.241330174659532,15.287116200033836,204.0,120.36911962443406,1,False,True,0.0808778698290369,-1749.2906098023734,1749.4523655420314,5.102061753767738,4.810388910608403,5.393734596927073,16.695801319946572,15.62980152094394,17.761801118949204,0.02336705716691774,-1749.0476971608296,1749.0944312751635,5210.817597853837,-397450031.47137904,397460453.1065748,0.9976780296405183,0.9954409556685158,True,True,3.2442740342005374,9.020623789514786,402.0,46.49277833898672,1,False,True,0.0005662189707900658,-0.024780433063666604,0.025912871005246738,3.2844727185120175,3.256813802073462,3.312131634950573,10.261079837004475,10.109753817936136,10.412405856072814,0.09222372755272058,0.07562110673185968,0.10882634837358149,100.01002912212826,17.657427517703255,182.36263072655328,0.9992508552698026,0.9726881794008462,True,True,False,,False,,True,True,False,,Sheet2,Sheet3,Sheet4,Sheet7,Sheet8
patient_3_exp_1,2024_02_16_CGNs_iso1302_4.xlsx,3_1..25/2024_02_16_CGNs_iso1302_4.xlsx,3,ALS,1_25,ROI_108,DE,0.023603461841070025,False,6.525717632386782,11.238773741810377,203.0,154.50649983269759,1,False,True,7.501715884616379e-07,-22.36555968969325,22.365561190036424,6.776405525625061,6.468343605851938,7.084467445398184,9.216934106873508,8.472442242219014,9.961425971528001,0.5880159142315008,-21.476841989673083,22.652873818136086,483.78794950524684,-21237.683206323476,22205.25910533397,0.9876664477107119,0.920154499707318,True,True,3.0239326951958594,11.45252780023884,405.0,53.258862306883046,1,False,True,7.89840823534364e-05,-1.4479373436913459,1.4480953118560527,3.4455911029846367,3.3617063912503533,3.52947581471892,8.743217426473922,8.296862172627916,9.189572680319928,0.06505209652186165,-1.3255418601477769,1.4556460531915003,400.3280794195055,-11522.03581148719,12322.691970326201,0.9836061656186531,0.9814700347414952,True,True,False,,False,,True,True,False,,Sheet2,Sheet3,Sheet4,Sheet7,Sheet8
patient_3_exp_1,2024_02_16_CGNs_iso1302_4.xlsx,3_1..25/2024_02_16_CGNs_iso1302_4.xlsx,3,ALS,1_25,ROI_109,DF,0.32572777340676634,False,3.094128314094325,15.004289735310635,204.0,57.216017107464054,1,False,True,2.0917110500799445e-08,-0.03201569488205456,0.03201573671627556,3.2511624235590966,3.185218223830433,3.31710662328776,15.080408154200217,14.485815537308659,15.675000771091776,4.563993126087698e-09,,,100.00000024705206,-1324899040.6395555,1324899240.639556,0.9892020119654064,0.9999999985961965,True,True,1.7987543194967317,32.18130749590529,412.0,65.86542532360122,1,False,True,0.00011874155468837543,-0.02403038948643879,0.024267872595815546,1.9851912137087713,1.9231884460064947,2.0471939814110476,24.00521314071736,22.538673052839723,25.471753228594995,4.302175867075263e-09,,,100.00005229254543,-659033265.7756068,659033465.7757114,0.9542905860037633,0.9999999978328658,True,True,False,,False,,True,True,False,,Sheet2,Sheet3,Sheet4,Sheet7,Sheet8
patient_3_exp_1,2024_02_16_CGNs_iso1302_4.xlsx,3_1..25/2024_02_16_CGNs_iso1302_4.xlsx,3,ALS,1_25,ROI_110,DG,0.998426435877262,True,,,,-132.18217737021988,0,False,False,,,,,,,,,,,,,,,,,,False,False,,,,-232.0471480416522,0,False,False,,,,,,,,,,,,,,,,,,False,False,False,,False,,False,False,True,majority_negative_normalized_trace,Sheet2,Sheet3,Sheet4,Sheet7,Sheet8
patient_3_exp_1,2024_02_16_CGNs_iso1302_4.xlsx,3_1..25/2024_02_16_CGNs_iso1302_4.xlsx,3,ALS,1_25,ROI_111,DH,0.33280881195908735,False,3.07820936343402,12.113885869695537,204.0,58.258855554000924,1,False,True,0.003610884650229668,-0.9442285843531035,0.9514503536535628,3.0601633636470664,2.984433139669007,3.1358935876251257,12.141734803254266,11.744382753523405,12.539086852985127,0.11606169094563534,-0.7553523434811338,0.9874757253724045,232.16957353525234,-2516.8823699624513,2981.221517032956,0.9989554094868016,0.963459235743445,True,True,0.7947199932167452,18.42224567760303,409.0,17.657608331144335,1,False,True,5.220032834284149e-10,,,0.7654248793087761,0.740435510983923,0.7904142476336292,15.049018539830923,14.20819932545662,15.889837754205226,0.04291873595756074,0.0164814564700224,0.06935601544509908,100.0000002316953,37.77889500855899,162.22110545483162,0.9900963172919152,0.9469053319071251,True,True,False,,False,,True,True,False,,Sheet2,Sheet3,Sheet4,Sheet7,Sheet8
patient_3_exp_1,2024_02_16_CGNs_iso1302_4.xlsx,3_1..25/2024_02_16_CGNs_iso1302_4.xlsx,3,ALS,1_25,ROI_112,DI,0.0,False,5.694868465470197,12.578202063914318,204.0,133.34286209585315,1,False,True,3.92519276927087e-07,-0.6871401394775793,0.6871409245161333,5.18559642105604,4.866504064465439,5.504688777646641,9.80369072188775,8.981087556116831,10.626293887658667,0.8468151513468587,0.44289328077078655,1.2507370219229308,100.00002935319571,-78.0207700287375,278.02082873512893,0.9932243177987442,0.8596224509579432,True,True,3.4517144401964446,14.037936512246517,404.0,75.00565193477937,1,False,True,0.05682447820950837,-0.08751952797492105,0.20116848439393778,3.8251594488990555,3.704213310512693,3.946105587285418,12.331646540179173,11.703679631385574,12.959613448972773,0.004146902300359028,-0.07067467764935265,0.07896848225007069,117.95675583802453,-11006.12361452544,11242.037126201489,0.992443297024103,0.9989170617547849,True,True,False,,False,,True,True,False,,Sheet2,Sheet3,Sheet4,Sheet7,Sheet8
patient_3_exp_1,2024_02_16_CGNs_iso1302_4.xlsx,3_1..25/2024_02_16_CGNs_iso1302_4.xlsx,3,ALS,1_25,ROI_113,DJ,0.09284028324154209,False,2.993903259313363,12.193564442526196,204.0,69.22816539956149,1,False,True,3.763710559447249e-12,,,2.588624702083614,2.5746192717273786,2.6026301324398498,11.942989204063178,11.807083166529035,12.078895241597321,0.40264875348612994,0.39418793015471904,0.41110957681754084,100.00000000013075,,,0.9993914444261759,0.8653921951748013,True,True,0.6832721022644249,22.09910135741268,408.0,24.541410723880674,1,False,True,4.041087681956265e-05,-0.023186012372918386,0.02326683412655751,0.6378891479305653,0.5848671699057061,0.6909111259554245,19.79844151388259,18.30565559110444,21.29122743666074,0.08342220563672641,0.04719077560841323,0.11965363566503959,100.00101225374573,-9.560828094410795,209.56285260190225,0.9963583017193123,0.8843464681040212,True,True,False,,False,,True,True,False,,Sheet2,Sheet3,Sheet4,Sheet7,Sheet8
patient_3_exp_1,2024_02_16_CGNs_iso1302_4.xlsx,3_1..25/2024_02_16_CGNs_iso1302_4.xlsx,3,ALS,1_25,ROI_114,DK,0.0015735641227380016,False,6.185411799999988,8.25036496419446,204.0,85.22947939999958,1,False,True,0.00012391855454930856,-0.24631720382009695,0.24656504092919554,6.0942429690888815,6.040248718524457,6.148237219653306,7.061653447012394,6.9460355284552175,7.17727136556957,0.27436191101380125,0.0743070253599149,0.4744167966676876,125.90243240827446,-75.11633765104013,326.92120246758907,0.9993899526429237,0.9569196211448154,True,True,4.204451599999992,11.78517735839148,403.0,95.71489759999938,1,False,True,0.11018347614620788,-13.985071563391148,14.205438515683564,4.563188439484556,4.481859147102202,4.64451773186691,11.079595563568974,10.666909678395927,11.492281448742022,0.018593418511545234,-14.010650784589922,14.047837621613011,1212.9124653389617,-1017697.355233076,1020123.1801637539,0.9925087132473874,0.995941880454414,True,True,False,,False,,True,True,False,,Sheet2,Sheet3,Sheet4,Sheet7,Sheet8
patient_3_exp_1,2024_02_16_CGNs_iso1302_4.xlsx,3_1..25/2024_02_16_CGNs_iso1302_4.xlsx,3,ALS,1_25,ROI_115,DL,0.003147128245476003,False,5.971926422918519,14.766512366589097,204.0,126.903995261593,1,False,True,0.1064080475386548,-2235.4277743113025,2235.6405904063795,6.096412463745872,5.769771405015729,6.423053522476015,14.392841231130129,13.400644099607254,15.385038362653004,0.017356952725144186,-2235.178261458348,2235.2129753637983,5212.667832821056,-683387653.2057816,683398078.5414473,0.9960686698494362,0.9971610063215038,True,True,4.083369257654422,11.874674083909781,402.0,71.01164136794917,1,False,True,0.029505755459053148,-0.0713124356070257,0.130323946525132,4.421802380601481,4.320752498231601,4.522852262971361,12.988605150309045,12.54065238645109,13.436557914167,0.00294493842644277,-0.053210448251402136,0.05910032510428768,111.62808968403907,-10965.656707387423,11188.912886755503,0.9969466718600254,0.9993344391862156,True,True,False,,False,,True,True,False,,Sheet2,Sheet3,Sheet4,Sheet7,Sheet8
patient_3_exp_1,2024_02_16_CGNs_iso1302_4.xlsx,3_1..25/2024_02_16_CGNs_iso1302_4.xlsx,3,ALS,1_25,ROI_116,DM,0.04956726986624705,False,2.221358108150062,15.56123099136886,204.0,60.429869787133626,1,False,True,8.325881315025363e-05,-0.09804701217724555,0.09821352980354607,1.9009207793686755,1.816338029522241,1.98550352921511,16.229840646884067,15.650364785908584,16.80931650785955,0.2938850424444199,0.262478528521279,0.32529155636756074,100.00104746532445,13.557196300754882,186.444898629894,0.9997101953277268,0.8660997526416045,True,True,,,,16.46152876176381,0,False,False,,,,,,,,,,,,,,,,,,False,False,False,,False,,True,False,False,,Sheet2,Sheet3,Sheet4,Sheet7,Sheet8
patient_3_exp_1,2024_02_16_CGNs_iso1302_4.xlsx,3_1..25/2024_02_16_CGNs_iso1302_4.xlsx,3,ALS,1_25,ROI_117,DN,0.007081038552321007,False,6.993518588369783,10.956120549499332,203.0,187.53016437286178,1,False,True,0.650999956704167,-31.77365983006049,33.075659743468826,7.462661017105988,7.232101317065059,7.693220717146918,8.93044459406462,8.359362101199071,9.501527086930167,8.286001794449716e-06,-32.384051718468946,32.384068290472534,1221.7912039105934,-5064222209.454766,5064224653.037173,0.9802857181449326,0.999998889673191,True,True,4.284492065319955,9.733990637819716,403.0,63.645390192881976,1,False,True,0.0034458660727970654,-0.3939224993406761,0.4008142314862702,4.651682693752626,4.587008300587603,4.716357086917649,9.057081904019276,8.796428905615597,9.317734902422954,0.07474898265828452,-0.2759577813043561,0.4254557466209251,239.76958771794637,-1817.8102588299548,2297.3494342658473,0.995294483186162,0.9841849014698874,True,True,False,,False,,True,True,False,,Sheet2,Sheet3,Sheet4,Sheet7,Sheet8
patient_3_exp_1,2024_02_16_CGNs_iso1302_4.xlsx,3_1..25/2024_02_16_CGNs_iso1302_4.xlsx,3,ALS,1_25,ROI_118,DO,0.07867820613690008,False,6.507942306028146,13.287225846470903,204.0,124.16749335824426,1,False,True,0.07432498623306139,-1092.688593010278,1092.837242982744,6.874374657591714,6.602520511068837,7.146228804114591,13.202643346089085,12.469174926349421,13.936111765828748,0.012534867670801954,-1092.4671834144335,1092.4922531497753,3851.0935311061294,-343648508.4706061,343656210.65766835,0.9968351492468507,0.9981798994708988,True,True,4.665653493967333,11.122262523681513,403.0,78.5386585971649,1,False,True,0.008373149472251451,-0.06578539591443533,0.08253169485893824,4.832905708170161,4.747395544151774,4.918415872188548,11.136854515359028,10.811597337301984,11.462111693416071,0.11465446419404812,0.0641383507670092,0.16517057762108706,100.02500747432784,-98.71082127210114,298.7608362207568,0.9974128753902101,0.976826059673922,True,True,False,,False,,True,True,False,,Sheet2,Sheet3,Sheet4,Sheet7,Sheet8
patient_3_exp_1,2024_02_16_CGNs_iso1302_4.xlsx,3_1..25/2024_02_16_CGNs_iso1302_4.xlsx,3,ALS,1_25,ROI_119,DP,0.0,False,6.268835430276526,14.308193651617302,204.0,140.14372248780592,1,False,True,0.1408104092666674,-4735.204793943341,4735.4864147618755,6.518200586674645,6.221079761947364,6.815321411401926,13.787556800613674,12.935487552138168,14.639626049089179,0.043301408047698296,-4734.9927217389495,4735.079324555046,7771.469082435266,-859879621.1124252,859895164.0505902,0.9963923953380006,0.9934006865985063,True,True,3.399430380796761,11.766535415104727,403.0,57.64056040128069,1,False,True,0.032964966416499944,-0.06317658355512565,0.12910651638812554,3.6930430087572867,3.606657351556283,3.7794286659582905,11.290501473634812,10.842957209083613,11.738045738186011,0.005432060282076456,-0.04764689242985982,0.05851101299401273,111.51672389154224,-5376.443523841608,5599.476971624692,0.9948330703324446,0.9985312702720239,True,True,False,,False,,True,True,False,,Sheet2,Sheet3,Sheet4,Sheet7,Sheet8
patient_3_exp_1,2024_02_16_CGNs_iso1302_4.xlsx,3_1..25/2024_02_16_CGNs_iso1302_4.xlsx,3,ALS,1_25,ROI_120,DQ,0.06451612903225806,False,4.67413185459839,13.101936019466763,204.0,89.52858077309111,1,False,True,0.05636273291867917,-236.34390923982662,236.45663470566396,4.798964581881507,4.670804484110318,4.927124679652697,13.519917155063364,13.031286255155802,14.008548054970927,0.017789713542604012,-236.25003499925592,236.28561442634114,2651.015246915823,-36448020.13774685,36453322.168240674,0.9987232211610715,0.9963067010581161,True,True,2.765209018536434,12.34343482083375,403.0,49.20226781612951,1,False,True,0.02960594307510362,-0.7412263377732768,0.8004382239234842,3.0539696707839243,2.9906392204106087,3.11730012115724,11.90758256756399,11.421714379821562,12.393450755306418,0.005735307711109169,-0.7095012351276608,0.7209718505498792,331.9947752042357,-64406.810521226274,65070.800071634745,0.992724836428959,0.9981255357129464,True,True,False,,False,,True,True,False,,Sheet2,Sheet3,Sheet4,Sheet7,Sheet8
patient_3_exp_1,2024_02_16_CGNs_iso1302_4.xlsx,3_1..25/2024_02_16_CGNs_iso1302_4.xlsx,3,ALS,1_25,ROI_121,DR,0.023603461841070025,False,3.0805248945860053,11.982137731522386,204.0,71.5034345276006,1,False,True,1.6509825767806337e-11,,,2.5689239080927364,2.541989992720348,2.5958578234651246,12.60952316599532,12.328052964298964,12.890993367691676,0.3882369508479697,0.37108436648406035,0.4053895352118791,100.00000000011876,,,0.9977226064026543,0.8687129414437599,True,True,0.5718906217348276,24.25861789197512,408.0,34.20226869515991,1,False,True,0.01966375422267067,-0.0008092855011046021,0.04013679394644594,0.4071517384226011,0.37653407794399624,0.437769398901206,14.794923095640552,13.384194870688692,16.205651320592413,0.1746268057390926,0.1563539126440256,0.19289969883415958,100.78967339267793,60.83632343871149,140.74302334664435,0.9918943837529905,0.6998397285504593,True,True,False,,False,,True,True,False,,Sheet2,Sheet3,Sheet4,Sheet7,Sheet8
patient_3_exp_1,2024_02_16_CGNs_iso1302_4.xlsx,3_1..25/2024_02_16_CGNs_iso1302_4.xlsx,3,ALS,1_25,ROI_122,DS,0.0,False,2.78766378279484,11.114232728150569,204.0,66.558991411035,1,False,True,0.05869305207126803,-0.11244081609097172,0.22982692023350776,2.4227380801223823,2.329608377159726,2.5158677830850387,11.402352422035722,10.88933876616795,11.915366077903494,0.23678819767431306,0.1482083824192209,0.3253680129294052,100.01806777793456,-65.21916484374256,265.25530039961166,0.9985093714587102,0.9109660244190247,True,True,1.0442718850423487,24.742729658628036,407.0,64.99443338886819,1,False,True,0.12105838752948783,0.09411326868662548,0.14800350637235019,0.9208347919195472,0.8737190607508054,0.967950523088289,19.01548275877957,18.05360994673584,19.9773555708233,0.062253907864646844,0.034132774599766574,0.09037504112952711,107.43709044113675,-56.38488400148671,271.2590648837602,0.9977453484114502,0.9366751872152405,True,True,False,,False,,True,True,False,,Sheet2,Sheet3,Sheet4,Sheet7,Sheet8
patient_3_exp_1,2024_02_16_CGNs_iso1302_4.xlsx,3_1..25/2024_02_16_CGNs_iso1302_4.xlsx,3,ALS,1_25,ROI_123,DT,0.24626278520849726,False,2.1259491779829585,9.433390691503092,204.0,43.93241972737843,1,False,True,0.0858757605282534,0.0426630577549931,0.1290884633015137,1.9682788348317504,1.9511665712338384,1.9853910984296623,8.25287944695196,8.138587245847349,8.367171648056571,0.07572624803725828,0.047382001785480146,0.1040704942890364,100.55745485291561,-19.902348081130455,221.0172577869617,0.9996879395988612,0.9629520255737488,True,True,1.494222584891653,15.282443598442967,403.0,30.075153875573143,1,False,True,0.007433855196061953,-0.0680441931746183,0.08291190356674219,1.6823630298404881,1.5954933955402004,1.7692326641407758,14.641764840439974,13.629309067879618,15.65422061300033,0.00024437924641438653,-0.0458268570710095,0.04631561556383827,110.86452019500368,-104050.25936253698,104271.98840292697,0.9905325082823787,0.9998547615771245,True,True,False,,False,,True,True,False,,Sheet2,Sheet3,Sheet4,Sheet7,Sheet8
patient_3_exp_1,2024_02_16_CGNs_iso1302_4.xlsx,3_1..25/2024_02_16_CGNs_iso1302_4.xlsx,3,ALS,1_25,ROI_124,DU,0.013375295043273014,False,4.062395661797747,10.925669457211939,204.0,70.61947183089853,1,False,True,0.0006885523629960397,-1.1169824842555836,1.1183595889815756,4.0893712666077615,4.015769737211213,4.16297279600431,10.105793258811593,9.820588266588901,10.390998251034285,0.1497313334734559,-0.8949345638609726,1.1943972308078843,237.03242180369713,-2258.171239472658,2732.236083080052,0.9988273865942786,0.9646785304345813,True,True,3.4561809101123537,14.608859045116333,403.0,68.25145678678697,1,False,True,0.0022875827743232815,-0.1213433199285992,0.12591848547724577,3.9192698840987927,3.730608889545734,4.107930878651851,14.821920534992234,13.9176875713237,15.726153498660768,2.7404148329773096e-06,-0.11422549999029376,0.11423098081995971,100.06765968095485,-15410489.879758434,15410690.015077798,0.9934323672911304,0.9999993007848406,True,True,False,,False,,True,True,False,,Sheet2,Sheet3,Sheet4,Sheet7,Sheet8
patient_3_exp_1,2024_02_16_CGNs_iso1302_4.xlsx,3_1..25/2024_02_16_CGNs_iso1302_4.xlsx,3,ALS,1_25,ROI_125,DV,0.006294256490952006,False,5.5408747027960015,18.198798416096622,204.0,140.97438922591328,1,False,True,0.027068994825795792,-1.3102811453228995,1.3644191349744912,5.785044719355881,4.569155974142896,7.000933464568865,20.014387984297013,17.196570672185576,22.83220529640845,0.000407820293591541,-0.3612994614714704,0.3621151020586535,110.23407173836883,-935969.7467477232,936190.2148911998,0.9973919168805655,0.9999295093528473,True,True,2.560255833781157,15.732688923099488,404.0,50.69157782589218,1,False,True,1.7101585056942831e-06,-0.017259779642142273,0.01726319995915366,2.9520567949615297,2.9003362680340876,3.003777321888972,13.90206811299184,13.497200358415679,14.306935867568,3.5740587956019287e-09,,,100.00009418558388,-1073354556.4007972,1073354756.4009856,0.9879980027457707,0.9999999987892988,True,True,False,,False,,True,True,False,,Sheet2,Sheet3,Sheet4,Sheet7,Sheet8
patient_3_exp_1,2024_02_16_CGNs_iso1302_4.xlsx,3_1..25/2024_02_16_CGNs_iso1302_4.xlsx,3,ALS,1_25,ROI_126,DW,0.023603461841070025,False,4.914376130966762,14.521913487845922,204.0,100.87356854930317,1,False,True,0.055429529680506295,-3.159208974621474,3.270068033982487,4.978163228558644,4.828576561377732,5.127749895739557,15.293158146521707,14.787970048578105,15.798346244465309,0.019910824432470015,-3.042417167707408,3.082238816572348,328.0963609823701,-70175.98550387986,70832.17822584459,0.9993632436734651,0.9960163006347306,True,True,2.4707232888706034,15.807135370506671,404.0,54.442784842500686,1,False,True,0.016376504827866598,-0.08828022436340022,0.1210332340191334,2.7396470001166455,2.6138392976347404,2.8654547025985506,15.117314370488149,14.21914106477624,16.015487676200056,0.0007588397957649858,-0.06590570992633125,0.06742338951786121,110.53839116490434,-46966.89421170532,47187.97099403513,0.9934962760423445,0.9997230921841163,True,True,False,,False,,True,True,False,,Sheet2,Sheet3,Sheet4,Sheet7,Sheet8
patient_3_exp_1,2024_02_16_CGNs_iso1302_4.xlsx,3_1..25/2024_02_16_CGNs_iso1302_4.xlsx,3,ALS,1_25,ROI_127,DX,0.2147915027537372,False,1.7481236778408282,19.275127167871574,204.0,49.41340261173306,1,False,True,0.045418420521105646,-0.22432342357611137,0.3151602646183227,1.6659488852602997,1.3033611421186673,2.028536628401932,21.817809865851157,18.99796882538974,24.637650906312572,0.020336868751413214,-0.10810855992412763,0.14878229742695406,101.15942613179602,-3870.4064251375257,4072.7252774011176,0.9986644284614059,0.9879398442980193,True,True,,,,4.256315204199041,0,False,False,,,,,,,,,,,,,,,,,,False,False,False,,False,,True,False,False,,Sheet2,Sheet3,Sheet4,Sheet7,Sheet8
patient_3_exp_1,2024_02_16_CGNs_iso1302_4.xlsx,3_1..25/2024_02_16_CGNs_iso1302_4.xlsx,3,ALS,1_25,ROI_128,DY,0.14398111723052714,False,4.82294121811125,11.438286482989838,203.0,79.13066873997387,1,False,True,0.09189422008469438,-6.437249363746584,6.621037803915973,5.19755604761863,4.983616699405243,5.411495395832018,10.508301530334668,9.829554667477286,11.18704839319205,0.003146767939379713,-6.311207120404052,6.317500656282811,331.64476563925774,-883125.5482160416,883788.8377473201,0.9938613424343674,0.9993949340981442,True,True,2.669947293143593,11.968135626191952,404.0,52.92161303285869,1,False,True,0.00018521107640161676,-0.37579608118085683,0.3761665033336601,2.8956959073775765,2.8211275031542167,2.9702643116009364,9.457437938110731,8.959093290024182,9.95578258619728,0.12306225564015259,-0.1971491590588163,0.4432736703391215,217.31845224425282,-910.8401113171202,1345.4770158056258,0.9858377345494648,0.9592341456338681,True,True,False,,False,,True,True,False,,Sheet2,Sheet3,Sheet4,Sheet7,Sheet8
patient_3_exp_1,2024_02_16_CGNs_iso1302_4.xlsx,3_1..25/2024_02_16_CGNs_iso1302_4.xlsx,3,ALS,1_25,ROI_129,DZ,0.0023603461841070024,False,5.89202031490773,9.875200346122512,204.0,123.21626945728127,1,False,True,3.9702389013099367e-11,,,5.131530420145727,5.031871000667326,5.231189839624127,7.781730798459459,7.49108998655286,8.072371610366059,0.9010430066600793,0.859912170255308,0.9421738430648506,100.00000000027208,,,0.9925491772368402,0.8506370427823913,True,True,2.578044623695838,13.480618688296886,403.0,62.82499254518103,1,False,True,8.893147628835738e-05,-0.740277763211105,0.7404556261636819,2.781834101557884,2.715452465143361,2.8482157379724065,12.418296432660762,11.847762262644682,12.988830602676842,0.12543027344886554,-0.5552592979187749,0.8061198448165061,319.791932267464,-2467.6140229520443,3107.197887486972,0.9916929834092182,0.9568562547915601,True,True,False,,False,,True,True,False,,Sheet2,Sheet3,Sheet4,Sheet7,Sheet8
patient_3_exp_1,2024_02_16_CGNs_iso1302_4.xlsx,3_1..25/2024_02_16_CGNs_iso1302_4.xlsx,3,ALS,1_25,ROI_130,EA,0.0007867820613690008,False,5.310770509451159,9.238141143444238,204.0,117.15879621673548,1,False,True,2.546562351734276e-14,,,4.44258688987412,4.355654101791519,4.529519677956721,6.951001025855352,6.694056095119861,7.2079459565908435,0.9246275079172168,0.8917473668896746,0.957507648944759,100.00000000003023,,,0.9927860382748722,0.8277267425169916,True,True,2.1825701474467043,14.120148191769886,406.0,61.81529890248867,1,False,True,0.028623574323905714,-0.20776486910138736,0.2650120177491988,2.1759760269713144,2.1497486122406406,2.2022034417019882,10.51320122528443,10.255823771208197,10.770578679360662,0.11325895651167489,-0.10189078293990558,0.3284086959632554,286.61415545335547,-620.9509161105402,1194.1792270172512,0.9971188843746258,0.9505254124941969,True,True,False,,False,,True,True,False,,Sheet2,Sheet3,Sheet4,Sheet7,Sheet8
patient_3_exp_1,2024_02_16_CGNs_iso1302_4.xlsx,3_1..25/2024_02_16_CGNs_iso1302_4.xlsx,3,ALS,1_25,ROI_131,EB,0.05507474429583006,False,4.503660916144096,15.812175489567352,203.0,140.77400884818238,1,False,True,3.1766701122027454e-12,,,3.902962369371706,3.782705122265793,4.023219616477619,13.408384524544418,12.517162961727841,14.299606087360996,1.0573320942295918,0.9759981119385908,1.138666076520593,100.00000001052005,,,0.9836526175986334,0.7868408615681372,True,True,2.977334911965914,14.05241184028904,403.0,52.79258659581129,1,False,True,3.0078991424729265e-06,-0.03997523171322843,0.03998124751151338,3.484645997203567,3.4145592231366515,3.554732771270482,12.836264555128658,12.280670126888245,13.39185898336907,3.1622570464603044e-09,,,100.00078079608609,-3496712001.713933,3496712201.715494,0.9847895914816956,0.9999999990925169,True,True,False,,False,,True,True,False,,Sheet2,Sheet3,Sheet4,Sheet7,Sheet8
patient_3_exp_1,2024_02_16_CGNs_iso1302_4.xlsx,3_1..25/2024_02_16_CGNs_iso1302_4.xlsx,3,ALS,1_25,ROI_132,EC,0.03461841070023604,False,4.424755361085962,9.855345064389837,203.0,82.36157957813286,1,False,True,1.373348544349891e-12,,,4.062199230305632,3.9575780822823354,4.166820378328929,10.142512505426161,9.639282505455816,10.645742505396507,0.443525632536891,0.33765508598396626,0.5493961790898158,100.0000001158336,65.09203254527915,134.90796768638805,0.9943830256231331,0.9015639778197455,True,True,2.1783871619674575,12.304467119219623,402.0,36.030341392330016,1,False,True,0.0027491482309391193,-0.07433366109060856,0.0798319575524868,2.4223252317152184,2.3440908484616627,2.500559614968774,12.719048814626369,12.089432125960222,13.348665503292516,3.06320445829424e-05,-0.04380313482709371,0.043864398916259595,110.19950411347907,-808441.5631657738,808661.9621740008,0.9935475647489884,0.9999873544407569,True,True,False,,False,,True,True,False,,Sheet2,Sheet3,Sheet4,Sheet7,Sheet8
patient_3_exp_1,2024_02_16_CGNs_iso1302_4.xlsx,3_1..25/2024_02_16_CGNs_iso1302_4.xlsx,3,ALS,1_25,ROI_133,ED,0.0983477576711251,False,4.225968010097085,15.940013666696785,203.0,117.18111295611638,1,False,True,0.0007152623387408556,-1.860763816133633,1.8621943408111146,4.127134122406925,3.6921297524013337,4.562138492412517,15.490593311446906,13.904642740565276,17.076543882328536,0.44353289789584466,-0.9876766111705411,1.8747424069622303,163.02923612939793,-1052.9877777334113,1379.0462499922073,0.9957712192325576,0.9029610129275039,True,True,3.1117129763106774,13.40857265116108,403.0,52.50684503692177,1,False,True,2.1460414432236387e-06,-0.018677209674380194,0.018681501757266645,3.47064254556761,3.4223187806726507,3.5189663104625692,12.96424449381393,12.672597784316139,13.25589120331172,1.3495604348034294e-08,,,100.00011882330358,-349714147.3980244,349714347.3982621,0.9926542511332009,0.9999999961114969,True,True,False,,False,,True,True,False,,Sheet2,Sheet3,Sheet4,Sheet7,Sheet8
patient_3_exp_1,2024_02_16_CGNs_iso1302_4.xlsx,3_1..25/2024_02_16_CGNs_iso1302_4.xlsx,3,ALS,1_25,ROI_134,EE,0.08339889850511409,False,5.019803931500495,12.159329524345566,204.0,97.81293798407468,1,False,True,0.16330771647273948,-23.012826405143908,23.33944183808939,5.284014621996002,5.102651637009656,5.465377606982348,10.25645407732875,9.66970135149186,10.84320680316564,0.011019143142751287,-22.983065494703883,23.005103780989383,652.112475238767,-1556691.816625323,1557996.0415758004,0.9945741788866954,0.9979189664067303,True,True,3.1302585458407823,8.205649201004746,403.0,44.041049173936436,1,False,True,9.42109657465949e-11,,,3.242700438288943,3.205770806540107,3.279630070037779,7.436509560453595,7.266146905890017,7.606872215017172,0.1114817629818332,0.09041604630245177,0.13254747966121463,142.64656527340654,96.24997924212182,189.04315130469126,0.9955466415927778,0.9667633550319369,True,True,False,,False,,True,True,False,,Sheet2,Sheet3,Sheet4,Sheet7,Sheet8
patient_3_exp_1,2024_02_16_CGNs_iso1302_4.xlsx,3_1..25/2024_02_16_CGNs_iso1302_4.xlsx,3,ALS,1_25,ROI_135,EF,0.13690007867820614,False,4.692193269302856,15.97163657082092,204.0,162.5053830691705,1,False,True,0.33549175877497844,-28540.237791100815,28540.908774618365,4.791190811031633,4.373152936976629,5.209228685086638,13.233044345917728,11.620168259667091,14.845920432168365,0.19315749700110463,-28539.947813424416,28540.334128418417,15854.738802220458,-2355968317.726126,2356000027.203731,0.9846684730786527,0.9612471911945212,True,True,3.3786926428192197,9.857058560915505,403.0,48.33378699283709,1,False,True,9.103123096396246e-06,-0.10730491644505452,0.1073231226912473,3.5363351995359267,3.487061540655504,3.5856088584163492,9.254433044993553,8.998118824228998,9.510747265758107,0.08636823202269857,0.013172725636703325,0.1595637384086938,145.59485953638253,-243.1031945040418,534.2929135768069,0.9963371511789825,0.976159176798654,True,True,False,,False,,True,True,False,,Sheet2,Sheet3,Sheet4,Sheet7,Sheet8
patient_3_exp_1,2024_02_16_CGNs_iso1302_4.xlsx,3_1..25/2024_02_16_CGNs_iso1302_4.xlsx,3,ALS,1_25,ROI_136,EG,0.057435090479937057,False,5.514098009622688,16.32986536355625,204.0,135.16391446410603,1,False,True,0.09476679555322673,-1595.0806172206985,1595.2701508118048,5.833699643447246,5.391146562504501,6.276252724389991,17.05135285763009,15.639109282275909,18.463596432984268,0.01197230694374225,-1594.709401814529,1594.7333464284166,4090.951235077628,-558276926.4891622,558285108.3916323,0.9962743000725292,0.9979519365702788,True,True,3.4763147608299954,11.234981020907469,403.0,51.893446296861235,1,False,True,0.002159136630560464,-0.08573075373348732,0.09004902699460823,3.785839088670411,3.7041686468938795,3.867509530446943,11.38834336966408,10.97547033921162,11.80121640011654,1.4237372258731476e-05,-0.049192839556217366,0.04922131430073483,110.15497632442509,-1917019.404817531,1917239.7147701797,0.9957658255599207,0.9999962393228071,True,True,False,,False,,True,True,False,,Sheet2,Sheet3,Sheet4,Sheet7,Sheet8
patient_3_exp_1,2024_02_16_CGNs_iso1302_4.xlsx,3_1..25/2024_02_16_CGNs_iso1302_4.xlsx,3,ALS,1_25,ROI_137,EH,0.03855232100708104,False,4.879910346184822,11.308685007083199,204.0,129.21322126108777,1,False,True,0.000500846230890694,-2.926457164034318,2.9274588564961,4.6851448000381986,4.567227982531518,4.803061617544879,8.574964665677662,8.185950232076463,8.96397909927886,0.5457388256886143,-2.2689408931833754,3.3604185445606043,285.75466604783577,-1728.9228767795175,2300.432208875189,0.9959783889561946,0.8956698591028612,True,True,3.174505991102187,10.71814096292843,403.0,78.60961050717793,1,False,True,2.5175232863396916e-08,-0.052720508870890914,0.05272055922135664,2.852836380553418,2.7990321350800365,2.9066406260267996,8.88967761395186,8.571625224210877,9.207730003692845,0.5279043724640585,0.4943517998695326,0.5614569450585845,100.00000068376973,71.23348096474875,128.7665204027907,0.9959998811938178,0.8438494960038334,True,True,False,,False,,True,True,False,,Sheet2,Sheet3,Sheet4,Sheet7,Sheet8
patient_3_exp_1,2024_02_16_CGNs_iso1302_4.xlsx,3_1..25/2024_02_16_CGNs_iso1302_4.xlsx,3,ALS,1_25,ROI_138,EI,0.1093627065302911,False,4.767823245115327,19.50408298227373,204.0,141.82061882887163,1,False,True,0.10705909758954939,-1.3286732733426925,1.5427914685217912,4.961046580230378,3.5702927129225097,6.351800447538246,21.058418910368093,17.290858573127156,24.82597924760903,0.032831651915522606,-0.3399771064883055,0.4056404103193507,111.00747707425708,-12683.149948752878,12905.164902901393,0.9966399934331418,0.9934256202515747,True,True,3.481369202824766,14.643394999920986,403.0,67.90233624040229,1,False,True,0.0009458888394405042,-0.04926087867858399,0.05115265635746499,3.778657272883834,3.697685362047898,3.85962918371977,15.138547167304317,14.599113536289629,15.677980798319005,1.1475406252676276e-07,-0.07840339978352125,0.0784036292916463,100.00901034058467,-134558713.31250626,134558913.33052695,0.99523911661572,0.9999999696309957,True,True,False,,False,,True,True,False,,Sheet2,Sheet3,Sheet4,Sheet7,Sheet8
patient_3_exp_1,2024_02_16_CGNs_iso1302_4.xlsx,3_1..25/2024_02_16_CGNs_iso1302_4.xlsx,3,ALS,1_25,ROI_139,EJ,0.03855232100708104,False,2.9768322108663847,16.53568511035789,204.0,85.75414757768903,1,False,True,0.00010324435221071784,-5.598352533793266,5.598559022497687,2.948106241097768,2.7357317522760534,3.160480729919483,15.082659120794352,13.860816341509022,16.304501900079682,0.23760746499376303,-5.144154913850387,5.619369843837913,357.9299457083604,-10589.3582204135,11305.21811183022,0.9961067603502541,0.9254146835167817,True,True,2.187166930618097,11.130764552439928,403.0,38.46548145272759,1,False,True,0.018157899353037455,-0.016516151214992777,0.052831949921067684,2.3096922520520384,2.2707348867532966,2.3486496173507803,11.11516856088317,10.798762393424509,11.43157472834183,4.0099710482897053e-07,-0.024202583466954395,0.024203385461164056,100.01568553704512,-26389560.903836638,26389760.93520771,0.9972341252260705,0.9999998263850801,True,True,False,,False,,True,True,False,,Sheet2,Sheet3,Sheet4,Sheet7,Sheet8
patient_3_exp_1,2024_02_16_CGNs_iso1302_4.xlsx,3_1..25/2024_02_16_CGNs_iso1302_4.xlsx,3,ALS,1_25,ROI_140,EK,0.22738001573564123,False,2.7026165206539963,14.963907947664381,204.0,76.42706468599715,1,False,True,0.14080822540046573,-0.22298949343694402,0.5046059442378754,2.617592324499695,2.4096531440137356,2.825531504985654,13.456708453793178,12.38670917576263,14.526707731823725,0.09030981614438902,-0.08562858171144794,0.26624821400022597,106.08579252708347,-874.4223994159142,1086.593984470081,0.9967083281099717,0.9666495274002375,True,True,1.6942107852742012,14.724564697926269,403.0,29.45667984008418,1,False,True,2.1223560868595677e-11,,,2.0458280844914722,1.9991562548441812,2.0924999141387635,13.041953415861025,12.592308426003799,13.491598405718252,3.0854994720760133e-13,,,100.00000000015072,,,0.9784945331346966,0.9999999999998491,True,True,False,,False,,True,True,False,,Sheet2,Sheet3,Sheet4,Sheet7,Sheet8
patient_3_exp_1,2024_02_16_CGNs_iso1302_4.xlsx,3_1..25/2024_02_16_CGNs_iso1302_4.xlsx,3,ALS,1_25,ROI_141,EL,0.05586152635719906,False,4.106263969062668,19.973304233564903,204.0,124.4121023662333,1,False,True,0.11004042371223172,-1.4771050156325733,1.6971858630570367,4.334902105804982,2.870403059944757,5.799401151665207,20.620290304544056,16.072253719982736,25.168326889105376,0.009854048747908815,-0.40783401795616425,0.42754211545198184,111.56918143169543,-46539.3967090599,46762.535071923296,0.9943461544963149,0.9977319673653992,True,True,3.2441342317468336,12.241478615506765,403.0,49.76992345577085,1,False,True,3.746915065971904e-06,-0.020069815102152676,0.020077308932284623,3.716991704970164,3.6519499988596036,3.7820334110807248,11.171987704425575,10.845038781263938,11.498936627587213,4.5106914601947445e-09,,,100.00586759670969,-1063421501.3150615,1063421701.3267967,0.9879294319772973,0.9999999987864672,True,True,False,,False,,True,True,False,,Sheet2,Sheet3,Sheet4,Sheet7,Sheet8
patient_3_exp_1,2024_02_16_CGNs_iso1302_4.xlsx,3_1..25/2024_02_16_CGNs_iso1302_4.xlsx,3,ALS,1_25,ROI_142,EM,0.1125098347757671,False,3.584271815018002,14.403940088016356,204.0,85.35220848762408,1,False,True,2.454082648455639e-06,-0.8148175123034482,0.8148224204687451,3.623431342926765,3.1601170938342813,4.086745592019248,11.862304645109912,10.15893501660222,13.565674273617605,0.41700882499746883,0.01165271508577942,0.8223649349091582,100.08852416504503,-352.0227866601371,552.1998349902271,0.9868027324380713,0.8967912386605873,True,True,2.0365901070476804,9.040852613238485,403.0,29.13977745601685,1,False,True,0.020135147901931143,-0.05651236864475066,0.09678266444861296,2.2279091502996216,2.1844567377491058,2.2713615628501374,7.938351259160248,7.622716552582031,8.253985965738464,0.001452758897471093,-0.0497261908847988,0.05263170867974099,131.3545999895659,-15477.607108614719,15740.316308593849,0.9910492775290682,0.9993483521488916,True,True,False,,False,,True,True,False,,Sheet2,Sheet3,Sheet4,Sheet7,Sheet8
patient_3_exp_1,2024_02_16_CGNs_iso1302_4.xlsx,3_1..25/2024_02_16_CGNs_iso1302_4.xlsx,3,ALS,1_25,ROI_143,EN,0.23996852871754523,False,4.419092031195946,16.294049695456465,204.0,105.37314772135379,1,False,True,0.0022388370943963068,-1.0175025242921374,1.0219801984809298,4.335665213882868,3.032700914078524,5.638629513687213,20.793449653638802,16.917511778291303,24.669387528986302,0.000183582871462101,-0.4392695611293215,0.43963672687224564,100.00967436356149,-1620585.9005618233,1620785.9199105504,0.9965314405527566,0.999957659300389,True,True,2.751203806750115,12.554156519101241,403.0,43.24978899359971,1,False,True,6.272698071410447e-07,-0.012491275280711334,0.012492529820325617,3.0558933526498935,3.0136916292369316,3.0980950760628554,11.71272946203014,11.441680838468919,11.98377808559136,1.1123160306577154e-08,,,100.00001753372514,-255534226.7700277,255534426.77006274,0.99211285221756,0.9999999963600954,True,True,False,,False,,True,True,False,,Sheet2,Sheet3,Sheet4,Sheet7,Sheet8
patient_3_exp_1,2024_02_16_CGNs_iso1302_4.xlsx,3_1..25/2024_02_16_CGNs_iso1302_4.xlsx,3,ALS,1_25,ROI_144,EO,0.05428796223446106,False,3.7879186263708196,12.992437841010258,204.0,107.49740356548831,1,False,True,0.0004325902899671999,-1.874399622885033,1.8752648034649673,3.656158663701906,3.403594397683211,3.908722929720601,10.098136540962898,9.052442605079467,11.143830476846329,0.585409606463637,-1.0420233050206251,2.2128425179478994,171.60314661533894,-708.7981884402545,1052.0044816709324,0.9871773088982595,0.861982745726078,True,True,3.2222038820041883,9.592251572107443,403.0,46.13343914736469,1,False,True,0.0077333344884966395,-0.08336981822675169,0.09883648720374497,3.5173521761137994,3.4277655659064217,3.606938786321177,8.199166187429867,7.789733278678669,8.608599096181065,0.07887874854862306,0.021351381814990335,0.1364061152822558,100.74728227320608,-225.64550592298136,427.14007046939355,0.9882593050934206,0.9780662726612788,True,True,False,,False,,True,True,False,,Sheet2,Sheet3,Sheet4,Sheet7,Sheet8
patient_3_exp_1,2024_02_16_CGNs_iso1302_4.xlsx,3_1..25/2024_02_16_CGNs_iso1302_4.xlsx,3,ALS,1_25,ROI_145,EP,0.0023603461841070024,False,5.060935812391629,11.731617802985141,204.0,135.9409438420608,1,False,True,1.5141114176270024e-09,,,4.643391612005835,4.4960882907591255,4.790694933252544,8.00062378046633,7.464075070432068,8.537172490500593,0.9730267644567356,0.850401200083894,1.0956523288295772,124.18999366491437,93.9553726174419,154.42461471238684,0.9864293125343548,0.8267531549048195,True,True,3.7654809615475884,12.396696762092972,403.0,65.47486733633536,1,False,True,0.019749496904485752,-0.10919100812146783,0.14869000193043933,4.101252377177802,4.015980184333281,4.186524570022324,12.447689158032672,12.020542464405233,12.87483585166011,0.0008252971204355618,-0.06734103063584392,0.06899162487671505,130.5950887448393,-50589.76984887449,50850.96002636418,0.9964120223005083,0.999798809972418,True,True,False,,False,,True,True,False,,Sheet2,Sheet3,Sheet4,Sheet7,Sheet8
patient_3_exp_1,2024_02_16_CGNs_iso1302_4.xlsx,3_1..25/2024_02_16_CGNs_iso1302_4.xlsx,3,ALS,1_25,ROI_146,EQ,0.07238394964594808,False,5.313651362493278,11.12556898604143,204.0,110.03966406816792,1,False,True,7.323463030818027e-10,,,4.889110006758748,4.806810551517545,4.971409461999951,9.430057669139277,9.113329398971773,9.74678593930678,0.6848077624534371,0.6448815495196109,0.7247339753872634,100.00000000148177,,,0.994051155575018,0.8771406772026656,True,True,3.1804406187188206,9.594008009820698,402.0,41.64655922572832,1,False,True,0.00542266428365379,-0.05860331347970878,0.06944864204701635,3.509708910846583,3.440561382180967,3.5788564395121987,10.147330752368076,9.79613380205487,10.498527702681281,7.912347630402178e-06,-0.0415250947082504,0.041540919403511206,100.3159847596373,-2416208.184282634,2416408.816252153,0.9955663831105893,0.9999977455880263,True,True,False,,False,,True,True,False,,Sheet2,Sheet3,Sheet4,Sheet7,Sheet8
patient_3_exp_1,2024_02_16_CGNs_iso1302_4.xlsx,3_1..25/2024_02_16_CGNs_iso1302_4.xlsx,3,ALS,1_25,ROI_147,ER,0.2926829268292683,False,4.38627759119726,16.241435191662617,203.0,121.6779414814778,1,False,True,8.401922789008417e-09,,,3.967482062263041,3.8440340202205134,4.090930104305568,19.786265800518823,18.429228729900156,21.14330287113749,0.5151231858403555,0.3965357059009224,0.6337106657797887,100.00000000002537,,,0.9848709075074911,0.8850839729734609,True,True,3.428060904453789,10.56243817383637,403.0,50.135032864496864,1,False,True,0.01508196664712808,-0.08205622726517563,0.11222016055943178,3.7634717812261482,3.681990813984695,3.8449527484676014,9.762768140675531,9.370469332266238,10.155066949084825,0.0004806009433593355,-0.05506100234592104,0.056022204232639705,111.02178108093695,-60160.56353736269,60382.60709952455,0.9933709065789923,0.9998723148184243,True,True,False,,False,,True,True,False,,Sheet2,Sheet3,Sheet4,Sheet7,Sheet8
patient_3_exp_1,2024_02_16_CGNs_iso1302_4.xlsx,3_1..25/2024_02_16_CGNs_iso1302_4.xlsx,3,ALS,1_25,ROI_148,ES,0.041699449252557044,False,3.52564103097539,18.851455786933343,203.0,112.95359964325561,1,False,True,0.12208494332606355,-8778.23004156451,8778.474211451163,3.880496754895025,3.0071200224450942,4.753873487344956,18.353267395456783,14.113957111535054,22.59257767937851,0.09589649553468305,-8777.35959378891,8777.55138677998,7053.048852082972,-654928510.796417,654942616.8941212,0.9783356654572425,0.9758835483577184,True,True,3.0579352381447342,10.884895872803042,403.0,46.32430257577326,1,False,True,0.01460149224099894,-0.09956430714639132,0.1287672916283892,3.4679539943589073,3.3788944427726664,3.557013545945148,9.656240753242999,9.190250324493364,10.122231181992634,9.131950398186516e-05,-0.06511857016319865,0.06530120917116237,114.49156234739407,-373281.8570894145,373510.8402141093,0.9901733060859683,0.9999736683071536,True,True,False,,False,,True,True,False,,Sheet2,Sheet3,Sheet4,Sheet7,Sheet8
patient_3_exp_1,2024_02_16_CGNs_iso1302_4.xlsx,3_1..25/2024_02_16_CGNs_iso1302_4.xlsx,3,ALS,1_25,ROI_149,ET,0.0007867820613690008,False,4.42882184569173,13.255948450423688,203.0,121.67532030117904,1,False,True,1.0594637048723853e-11,,,3.918163394545451,3.818936442375088,4.017390346715813,11.381974847143313,10.78232272836073,11.981626965925896,0.9315922051416047,0.8743535200950892,0.9888308901881202,100.00000000001907,,,0.9882516079577448,0.8079094531687909,True,True,3.3228154830333856,9.682878820746566,402.0,45.987881049765775,1,False,True,0.012644007171107925,-0.061310388180264,0.08659840252247986,3.6174644817942934,3.5537330178660147,3.681195945722572,10.133519687953632,9.808439274816356,10.458600101090907,2.3637424865941207e-05,-0.04192769393431108,0.041974968784042964,110.41831265393172,-941246.9233163038,941467.7599416116,0.9960105796707149,0.999993465790602,True,True,False,,False,,True,True,False,,Sheet2,Sheet3,Sheet4,Sheet7,Sheet8
patient_3_exp_1,2024_02_16_CGNs_iso1302_4.xlsx,3_1..25/2024_02_16_CGNs_iso1302_4.xlsx,3,ALS,1_25,ROI_150,EU,0.014162077104642014,False,3.040839648336166,10.249360427022083,204.0,77.67738247810993,1,False,True,9.174275969345633e-07,-0.18899369302911326,0.18899552788430715,2.607903656150441,2.539261877782518,2.676545434518364,6.974666073880512,6.645787366965763,7.303544780795262,0.6257060867326885,0.4930957660265648,0.7583164074388121,100.0025535716849,38.43580042375484,161.56930671961496,0.9963533182175935,0.8064991954858471,True,True,1.8847781024923325,8.508726344577383,402.0,28.681053806327494,1,False,True,0.01859316870471751,-0.005787383439751995,0.04297372084918702,1.9601172986348436,1.9348343946715891,1.9854002025980981,9.278487745243591,9.056088153416924,9.500887337070258,0.007277474866898005,-0.008303128921700313,0.02285807865549632,100.00289389019855,-875.8670925109677,1075.872880291365,0.9976049239185291,0.9963009585239748,True,True,False,,False,,True,True,False,,Sheet2,Sheet3,Sheet4,Sheet7,Sheet8
patient_3_exp_1,2024_02_16_CGNs_iso1302_4.xlsx,3_1..25/2024_02_16_CGNs_iso1302_4.xlsx,3,ALS,1_25,ROI_151,EV,0.0055074744295830055,False,4.281699106956707,13.745957947795489,204.0,113.7036646460496,1,False,True,3.1252026686054017e-06,-1.4832835116185894,1.4832897620239267,4.185765528181163,3.8807682293996097,4.490762826962715,10.886979313776262,9.810309286308772,11.963649341243752,0.5732885178686846,-0.6123908485668497,1.758967884304219,146.72658422861278,-519.0965447797472,812.5497132369727,0.9905047748609178,0.8795372962102562,True,True,3.064896113453294,8.558861761280411,402.0,37.09955578825722,1,False,True,0.010575934149548967,-0.07941964547935931,0.10057151377845724,3.3562831441110306,3.3045349151485075,3.4080313730735536,8.73222578067965,8.463554553283984,9.000897008075317,0.0010255482283142838,-0.056620009203464466,0.05867110566009304,130.54313486537683,-26224.95416617783,26486.040435908584,0.9951717964220533,0.9996945326384035,True,True,False,,False,,True,True,False,,Sheet2,Sheet3,Sheet4,Sheet7,Sheet8
patient_3_exp_1,2024_02_16_CGNs_iso1302_4.xlsx,3_1..25/2024_02_16_CGNs_iso1302_4.xlsx,3,ALS,1_25,ROI_152,EW,0.05271439811172305,False,2.541277909228811,13.361543542770619,204.0,70.37101198937222,1,False,True,0.0014489553209899608,-0.8977834747656344,0.9006813854076143,2.4248111527758978,2.292578239978528,2.5570440655732676,11.470711906787997,10.636758850165679,12.304664963410316,0.3130837006168679,-0.45490785959451935,1.0810752608282552,173.2069507815142,-635.687811594597,982.1017131576255,0.9950485536424223,0.885648018867891,True,True,1.7029096224467446,8.104990475898717,402.0,25.322874234483084,1,False,True,0.006625186048949378,-0.014256839558485553,0.027507211656384308,1.7113202592903416,1.689978190329013,1.7326623282516702,8.930999778923965,8.720151430262979,9.141848127584952,0.03197572346023671,0.01868316173171447,0.045268285188758944,100.00617131732169,-88.3303952009651,288.3427378356085,0.9976174331170131,0.9816578918458899,True,True,False,,False,,True,True,False,,Sheet2,Sheet3,Sheet4,Sheet7,Sheet8
patient_3_exp_1,2024_02_16_CGNs_iso1302_4.xlsx,3_1..25/2024_02_16_CGNs_iso1302_4.xlsx,3,ALS,1_25,ROI_153,EX,0.13217938630999213,False,3.4250483120331894,9.436567405865162,204.0,66.18990677219888,1,False,True,1.364718874271643e-09,,,3.1330642045719563,3.103194238976039,3.1629341701678735,7.637932628590844,7.498334620973451,7.777530636208238,0.38054129196862907,0.3683948253554212,0.39268775858183697,100.00000000039006,,,0.9980184838284168,0.8916949292277402,True,True,1.8454573933609923,6.790759843683588,402.0,18.213735628215378,1,False,True,2.4139678655081358e-11,,,1.7984885035360378,1.7838657180659667,1.813111289006109,7.767087033583033,7.637192609105896,7.8969814580601705,0.025899416738701386,0.015510718292024937,0.036288115185377834,100.00000214809349,46.22613877893698,153.77386551725,0.9979669472417779,0.9858037775569128,True,True,False,,False,,True,True,False,,Sheet2,Sheet3,Sheet4,Sheet7,Sheet8
patient_3_exp_1,2024_02_16_CGNs_iso1302_4.xlsx,3_1..25/2024_02_16_CGNs_iso1302_4.xlsx,3,ALS,1_25,ROI_154,EY,0.13060582218725414,False,2.9153983788615245,30.530755346490707,202.0,123.90725261131726,1,False,True,1.732340752866058e-07,-0.46702183702790534,0.46702218349605595,3.3918471815713462,1.9948544833781179,4.788839879764574,34.66210863086785,23.90021651073317,45.424000751002524,5.7988587523132116e-08,-1.8933864038245245,1.8933865198016995,100.00000147562234,-286114322.15867865,286114522.15868163,0.9807595691100599,0.999999982903538,True,True,2.618077781324118,12.99207913349386,403.0,51.05011925759652,1,False,True,0.027304434871412174,-15.373958190652987,15.428567060395812,3.0535951726884427,2.9651349272411145,3.142055418135771,11.67941863709419,10.980063302541282,12.3787739716471,0.0031331218465430943,-15.323444905914103,15.32971114960719,1211.3960374537392,-6605911.69038098,6608334.482455888,0.9820145623349673,0.9989750080659296,True,True,False,,False,,True,True,False,,Sheet2,Sheet3,Sheet4,Sheet7,Sheet8
patient_3_exp_1,2024_02_16_CGNs_iso1302_4.xlsx,3_1..25/2024_02_16_CGNs_iso1302_4.xlsx,3,ALS,1_25,ROI_155,EZ,0.0975609756097561,False,3.2914801730420398,19.598070713327218,202.0,112.94488104736271,1,False,True,0.0004448903681443338,-2.6918397072581994,2.6927294879944883,3.277157818776418,1.8236852226602402,4.730630414892596,19.88189469422623,13.55270865332339,26.21108073512907,0.46646370605952087,-0.8432477081095253,1.7761751202285672,133.22763224398275,-1550.1107846181571,1816.5660491061226,0.9863217269771316,0.8753977390703342,True,True,2.707197012491767,10.495282527822724,402.0,36.44524496476133,1,False,True,1.2953758698398577e-05,-0.016348845606819956,0.016374753124216754,3.0448588018661753,2.99974359016367,3.0899740135686806,10.518661285231564,10.266424883570643,10.770897686892486,6.9981821242334416e-09,,,100.02994007896395,-609671222.1861224,609671422.2460027,0.9917888979965636,0.9999999977016399,True,True,False,,False,,True,True,False,,Sheet2,Sheet3,Sheet4,Sheet7,Sheet8
patient_3_exp_1,2024_02_16_CGNs_iso1302_4.xlsx,3_1..25/2024_02_16_CGNs_iso1302_4.xlsx,3,ALS,1_25,ROI_156,FA,0.08969315499606609,False,3.577931914831083,10.88337693995976,204.0,92.77114419804192,1,False,True,2.8613308617187723e-12,,,3.3300841024695798,3.2354945437477785,3.424673661191381,7.40752403156533,6.961727300111685,7.853320763018976,0.6403590569639642,0.5674662764857538,0.7132518374421747,131.33004608023333,100.26939680175865,162.390695358708,0.9877002125402436,0.838718492810429,True,True,2.3518610718824307,7.928014916754137,402.0,26.027116268774254,1,False,True,0.00010317751796016909,-0.052810941798231016,0.05301729683415136,2.611045235292559,2.558650873127052,2.663439597458066,7.734440877247061,7.425236022815264,8.043645731678858,0.019140364114282757,-0.01469073874380987,0.05297146697237538,100.00213614314139,-670.1742124458588,870.1784847321414,0.9917242661552034,0.9927228085658292,True,True,False,,False,,True,True,False,,Sheet2,Sheet3,Sheet4,Sheet7,Sheet8
patient_3_exp_1,2024_02_16_CGNs_iso1302_4.xlsx,3_1..25/2024_02_16_CGNs_iso1302_4.xlsx,3,ALS,1_25,ROI_157,FB,0.06294256490952006,False,5.0679422354719526,9.52819368976074,203.0,103.75054223118204,1,False,True,1.1173641791735489e-06,-0.691743936394968,0.6917461711233264,4.985659354046719,4.7244051483556335,5.246913559737805,7.523265062372877,6.850800208040957,8.195729916704797,0.7015887424516725,0.23065396968059487,1.17252351522275,100.00006202236271,-103.87252218040918,303.8726462251346,0.9869450116817025,0.8766382738105557,True,True,2.9404889341444855,8.04131156526796,403.0,38.14582109405794,1,False,True,7.3962581565736e-08,-0.05236241936863911,0.052362567293802245,3.0215169841524028,2.992527973501142,3.0505059948036637,7.463210769153365,7.315969434314365,7.610452103992365,0.05799410475287713,0.02193127246802632,0.09405693703772794,133.30050543833565,-132.3037621546509,398.9047730313222,0.9976897542131136,0.9811677558292239,True,True,False,,False,,True,True,False,,Sheet2,Sheet3,Sheet4,Sheet7,Sheet8
patient_3_exp_1,2024_02_16_CGNs_iso1302_4.xlsx,3_1..25/2024_02_16_CGNs_iso1302_4.xlsx,3,ALS,1_25,ROI_158,FC,0.07238394964594808,False,4.7342008977099175,12.923656729063538,204.0,118.65109482878924,1,False,True,2.0620156586411537e-06,-0.4710608090350148,0.4710649330663321,4.381623937428696,4.124339781501349,4.638908093356043,11.434379283171104,10.65087207806495,12.217886488277259,0.6221910629669016,0.3791234540059539,0.8652586719278494,100.00000776008662,-73.23237172465966,273.2323872448329,0.9967686199631423,0.8756566613838218,True,True,2.911992064558338,9.277365653660297,403.0,41.416451168097154,1,False,True,0.03571505421481026,-0.019702551251488294,0.09113265968110881,3.0072309659491046,2.9623236737585215,3.0521382581396876,8.983472420924462,8.724550159098483,9.242394682750442,0.0022114313964956447,-0.03032074335046173,0.03474360614345302,111.36971565626729,-7218.292758009533,7441.032189322068,0.9961670605953664,0.9992651690564185,True,True,False,,False,,True,True,False,,Sheet2,Sheet3,Sheet4,Sheet7,Sheet8
patient_3_exp_1,2024_02_16_CGNs_iso1302_4.xlsx,3_1..25/2024_02_16_CGNs_iso1302_4.xlsx,3,ALS,1_25,ROI_159,FD,1.0,True,,,,-118.79164961204745,0,False,False,,,,,,,,,,,,,,,,,,False,False,,,,-238.52486559456096,0,False,False,,,,,,,,,,,,,,,,,,False,False,False,,False,,False,False,True,majority_negative_normalized_trace,Sheet2,Sheet3,Sheet4,Sheet7,Sheet8
patient_3_exp_1,2024_02_16_CGNs_iso1302_4.xlsx,3_1..25/2024_02_16_CGNs_iso1302_4.xlsx,3,ALS,1_25,ROI_160,FE,0.16286388670338317,False,3.6373463712713874,13.01541153009552,203.0,89.34588112036819,1,False,True,1.3421945741715958e-07,-0.7152518908222997,0.7152521592612145,3.446824110369531,3.059006630131862,3.8346415906072004,11.361160740711025,9.859398744204347,12.862922737217703,0.5524681181080063,0.18104217713932713,0.9238940590766855,100.00000327606655,-195.67007847272356,395.67008502485663,0.9882764034019156,0.8618585273228905,True,True,2.542443825386584,8.736480913517823,402.0,27.489499912201364,1,False,True,1.2470187893718143e-07,-0.07404771839859092,0.07404796780234879,2.696210462433503,2.6619037724298065,2.730517152437199,9.160480691563544,8.928206835533233,9.392754547593855,0.026357183208713407,-0.02414940167888474,0.07686376809631155,144.90825222679752,-731.1667893181498,1020.9832937717447,0.9968262789249708,0.9903189978581795,True,True,False,,False,,True,True,False,,Sheet2,Sheet3,Sheet4,Sheet7,Sheet8
patient_3_exp_1,2024_02_16_CGNs_iso1302_4.xlsx,3_1..25/2024_02_16_CGNs_iso1302_4.xlsx,3,ALS,1_25,ROI_161,FF,0.07710464201416208,False,3.805439837887741,10.8883307882314,203.0,63.53057198599716,1,False,True,1.9417198376276703e-09,,,3.723865272629987,3.6294851843202887,3.8182453609396854,10.561268996593512,10.056375098528687,11.066162894658337,0.2647776325134233,0.16775759061172985,0.36179767441511673,100.00000002884215,47.38855049215836,152.61144956552596,0.9948184659995832,0.9336171126846203,True,True,2.847206361284276,8.15838506627307,402.0,60.33221570900849,1,False,True,0.10138701210319337,0.06783100615709886,0.13494301804928788,2.8567882891759795,2.830828654867187,2.882747923484772,8.376715130461443,8.225820816808941,8.527609444113946,0.00043037008641497117,-0.01980001675109062,0.020660756923920564,113.11138496614439,-22404.495577621412,22630.718347553702,0.9983512686192585,0.9998493744659619,True,True,False,,False,,True,True,False,,Sheet2,Sheet3,Sheet4,Sheet7,Sheet8
patient_3_exp_1,2024_02_16_CGNs_iso1302_4.xlsx,3_1..25/2024_02_16_CGNs_iso1302_4.xlsx,3,ALS,1_25,ROI_162,FG,0.998426435877262,True,,,,-125.9059445872447,0,False,False,,,,,,,,,,,,,,,,,,False,False,,,,-222.06507247329387,0,False,False,,,,,,,,,,,,,,,,,,False,False,False,,False,,False,False,True,majority_negative_normalized_trace,Sheet2,Sheet3,Sheet4,Sheet7,Sheet8
patient_3_exp_1,2024_02_16_CGNs_iso1302_4.xlsx,3_1..25/2024_02_16_CGNs_iso1302_4.xlsx,3,ALS,1_25,ROI_163,FH,0.05035405192761605,False,4.468854752999994,12.476769996946558,204.0,111.19139926257218,1,False,True,0.0001799446794035521,-2.2297345274391067,2.230094416797914,4.319720928520131,4.214480636361073,4.424961220679189,11.547978208191143,11.147128627150398,11.948827789231888,0.3762111296768463,-1.7471479004610764,2.499570159814769,289.22028987090494,-2011.7645678697734,2590.205147611583,0.9986489147643336,0.9198857383338518,True,True,2.775313830795082,15.934308587128896,405.0,59.342001685919634,1,False,True,0.00012979593078559081,-0.12810107172325652,0.12836066358482773,2.9833611111710208,2.8884409762549264,3.078281246087115,13.921337661695224,13.259474519433681,14.583200803956768,0.055112529569886035,-0.00738806923685098,0.11761312837662305,129.43064917883925,-648.489465406506,907.3507637641846,0.9946078229227223,0.9818617713739826,True,True,False,,False,,True,True,False,,Sheet2,Sheet3,Sheet4,Sheet7,Sheet8
patient_3_exp_1,2024_02_16_CGNs_iso1302_4.xlsx,3_1..25/2024_02_16_CGNs_iso1302_4.xlsx,3,ALS,1_25,ROI_164,FI,0.044059795436664044,False,5.25302484093623,17.27002988056128,204.0,167.20567794553494,1,False,True,3.3839907575229416e-09,,,4.431990346919637,4.289178241102717,4.574802452736557,18.72746512645045,17.386082123372095,20.068848129528806,0.8952741105013786,0.763700053760823,1.0268481672419343,100.00000000012881,,,0.984056308600127,0.8319448719587708,True,True,4.032836434280581,13.256646080393693,403.0,79.66298684951565,1,False,True,0.05233851183546045,-19.349498447032648,19.45417547070357,4.482019549108276,4.395962935831163,4.56807616238539,12.698610303279308,12.204458016218018,13.192762590340598,0.008289045936208547,-19.316627746815737,19.333205838688155,1372.4515503671214,-3526165.7342103543,3528910.637311089,0.9930839661555378,0.9981540141928428,True,True,False,,False,,True,True,False,,Sheet2,Sheet3,Sheet4,Sheet7,Sheet8
patient_3_exp_1,2024_02_16_CGNs_iso1302_4.xlsx,3_1..25/2024_02_16_CGNs_iso1302_4.xlsx,3,ALS,1_25,ROI_165,FJ,0.07081038552321008,False,5.106247603362496,20.74665334079893,204.0,166.88855149899544,1,False,True,0.03740987248688813,-1.9613106823199549,2.036130427293731,5.079291626585749,1.4453281562856817,8.713255096885817,25.14675902733333,15.906980408014949,34.38653764665172,0.1641780583553978,-1.626529611543573,1.9548857282543686,100.00049156767709,-3896.3109684550172,4096.311951590372,0.9949397757842899,0.9686890421380895,True,True,4.26408989228989,10.228272047028952,403.0,67.3447245201668,1,False,True,7.473149070494367e-07,-0.08711211386945121,0.08711360849926532,3.9764690653026484,3.8358531570237346,4.117084973581562,17.818470732097502,16.73220839301475,18.904733071180253,0.7347032234419724,0.4991111149023742,0.9702953319815706,100.00000000194838,,,0.9935763864793804,0.8440508692078108,True,True,False,,True,"Sheet6:row_166, Sheet8:row_166",True,False,False,,Sheet2,Sheet3,Sheet4,Sheet7,Sheet8
patient_3_exp_1,2024_02_16_CGNs_iso1302_4.xlsx,3_1..25/2024_02_16_CGNs_iso1302_4.xlsx,3,ALS,1_25,ROI_166,FK,0.07553107789142408,False,5.886172961880711,11.426893422391885,204.0,115.73605583074345,1,False,True,2.3065833746200325e-11,,,5.681694012926451,5.619188202471079,5.744199823381823,11.893802758217602,11.618852152759894,12.16875336367531,0.41321397073479527,0.37560372747809234,0.4508242139914982,100.000000000001,,,0.9971997858387447,0.9322034111355729,True,True,,,,0.0,0,False,False,2.3065833746200325e-11,,,5.681694012926451,5.619188202471079,5.744199823381823,11.893802758217602,11.618852152759894,12.16875336367531,0.41321397073479527,0.37560372747809234,0.4508242139914982,100.000000000001,,,0.9971997858387447,0.9322034111355729,True,True,True,"Sheet4:row_167, Sheet6:row_167, Sheet8:row_167",True,"Sheet4:row_167, Sheet6:row_167, Sheet8:row_167",False,False,False,,Sheet2,Sheet3,Sheet4,Sheet7,Sheet8
patient_3_exp_1,2024_02_16_CGNs_iso1302_4.xlsx,3_1..25/2024_02_16_CGNs_iso1302_4.xlsx,3,ALS,1_25,ROI_167,FL,0.08811959087332809,False,6.005279825130992,11.965470183184891,203.0,134.59036573227903,1,False,True,,,,,,,,,,,,,,,,,,False,False,,,,0.0,0,False,False,,,,,,,,,,,,,,,,,,False,False,False,,False,,False,False,False,,Sheet2,Sheet3,Sheet4,Sheet7,Sheet8
patient_4_exp_1,2023_11_11_CGNs_isolated0911_CSF_5_min0.1.xlsx,4_1..25/2023_11_11_CGNs_isolated0911_CSF_5_min0.1.xlsx,4,ALS,1_25,ROI_001,B,0.0831837223219629,False,1.0336402186725977,13.814328907206814,104.0,30.776236986667982,1,False,True,3.0372297095372887e-08,-0.011152022581524718,0.01115208332611891,0.782016083409785,0.7580253096563393,0.8060068571632307,13.817962417711552,12.926439525633326,14.709485309789779,0.22768381812721133,0.19680338465629402,0.2585642515981287,100.00000000000013,,,0.9855045284045706,0.7745034759529797,True,True,1.4556829022810611,33.45838310463432,407.0,72.39041387746957,1,False,True,0.04790441018676377,-0.015545157857638,0.11135397823116555,1.563470538967728,1.130285498302859,1.9966555796325969,31.52020151554068,26.58448360358599,36.455919427495374,8.633729485302754e-07,-0.38465737520810694,0.384659101954004,100.00005317435473,-47027971.71663924,47028171.71674559,0.9927523198295369,0.9999994477846239,True,True,False,,False,,True,True,False,,Sheet2,Sheet3,Sheet4,Sheet5,Sheet6
patient_4_exp_1,2023_11_11_CGNs_isolated0911_CSF_5_min0.1.xlsx,4_1..25/2023_11_11_CGNs_isolated0911_CSF_5_min0.1.xlsx,4,ALS,1_25,ROI_002,C,1.0,True,,,,-152.46007205497054,0,False,False,,,,,,,,,,,,,,,,,,False,False,,,,-144.96165767408826,0,False,False,,,,,,,,,,,,,,,,,,False,False,False,,False,,False,False,True,majority_negative_normalized_trace,Sheet2,Sheet3,Sheet4,Sheet5,Sheet6
patient_4_exp_1,2023_11_11_CGNs_isolated0911_CSF_5_min0.1.xlsx,4_1..25/2023_11_11_CGNs_isolated0911_CSF_5_min0.1.xlsx,4,ALS,1_25,ROI_003,D,1.0,True,,,,-146.64467165256247,0,False,False,,,,,,,,,,,,,,,,,,False,False,,,,-153.10320223316313,0,False,False,,,,,,,,,,,,,,,,,,False,False,False,,False,,False,False,True,majority_negative_normalized_trace,Sheet2,Sheet3,Sheet4,Sheet5,Sheet6
patient_4_exp_1,2023_11_11_CGNs_isolated0911_CSF_5_min0.1.xlsx,4_1..25/2023_11_11_CGNs_isolated0911_CSF_5_min0.1.xlsx,4,ALS,1_25,ROI_004,E,0.995212447636146,True,,,,-162.98743194309787,0,False,False,,,,,,,,,,,,,,,,,,False,False,,,,-164.01356521338357,0,False,False,,,,,,,,,,,,,,,,,,False,False,False,,False,,False,False,True,majority_negative_normalized_trace,Sheet2,Sheet3,Sheet4,Sheet5,Sheet6
patient_4_exp_1,2023_11_11_CGNs_isolated0911_CSF_5_min0.1.xlsx,4_1..25/2023_11_11_CGNs_isolated0911_CSF_5_min0.1.xlsx,4,ALS,1_25,ROI_005,F,1.0,True,,,,-113.24197735708026,0,False,False,,,,,,,,,,,,,,,,,,False,False,,,,-141.91605876438922,0,False,False,,,,,,,,,,,,,,,,,,False,False,False,,False,,False,False,True,majority_negative_normalized_trace,Sheet2,Sheet3,Sheet4,Sheet5,Sheet6
patient_4_exp_1,2023_11_11_CGNs_isolated0911_CSF_5_min0.1.xlsx,4_1..25/2023_11_11_CGNs_isolated0911_CSF_5_min0.1.xlsx,4,ALS,1_25,ROI_006,G,1.0,True,,,,-189.04944559517492,0,False,False,,,,,,,,,,,,,,,,,,False,False,,,,-209.033853144994,0,False,False,,,,,,,,,,,,,,,,,,False,False,False,,False,,False,False,True,majority_negative_normalized_trace,Sheet2,Sheet3,Sheet4,Sheet5,Sheet6
patient_4_exp_1,2023_11_11_CGNs_isolated0911_CSF_5_min0.1.xlsx,4_1..25/2023_11_11_CGNs_isolated0911_CSF_5_min0.1.xlsx,4,ALS,1_25,ROI_007,H,1.0,True,,,,-125.32075594925368,0,False,False,,,,,,,,,,,,,,,,,,False,False,,,,-161.57506473837807,0,False,False,,,,,,,,,,,,,,,,,,False,False,False,,False,,False,False,True,majority_negative_normalized_trace,Sheet2,Sheet3,Sheet4,Sheet5,Sheet6
patient_4_exp_1,2023_11_11_CGNs_isolated0911_CSF_5_min0.1.xlsx,4_1..25/2023_11_11_CGNs_isolated0911_CSF_5_min0.1.xlsx,4,ALS,1_25,ROI_008,I,0.9994015559545183,True,,,,-87.35624134062631,0,False,False,,,,,,,,,,,,,,,,,,False,False,,,,-111.2579340472281,0,False,False,,,,,,,,,,,,,,,,,,False,False,False,,False,,False,False,True,majority_negative_normalized_trace,Sheet2,Sheet3,Sheet4,Sheet5,Sheet6
patient_4_exp_1,2023_11_11_CGNs_isolated0911_CSF_5_min0.1.xlsx,4_1..25/2023_11_11_CGNs_isolated0911_CSF_5_min0.1.xlsx,4,ALS,1_25,ROI_009,J,0.008976660682226212,False,2.606664248212815,15.076213494047508,104.0,96.0890692686715,1,False,True,0.06485794089378287,0.05210234411162555,0.07761353767594019,2.066589661287304,2.0492810203799636,2.0838983021946444,13.363795142211444,13.206673507904007,13.520916776518881,0.50289785339618,0.4927005217083899,0.51309518508397,100.13040763003026,91.82553979225494,108.43527546780558,0.9997955734332843,0.804280872928029,True,True,2.8749504690579366,49.76970285179033,417.0,186.92234434044485,1,False,True,0.08097391552063801,0.04882798544691306,0.11311984559436297,3.290352749546191,3.21745502526446,3.3632504738279216,37.11866731322052,35.37343059491515,38.86390403152589,1.7287235321556782e-11,,,100.00000001317771,,,0.968962228616295,0.9999999999947461,True,True,False,,False,,True,True,False,,Sheet2,Sheet3,Sheet4,Sheet5,Sheet6
patient_4_exp_1,2023_11_11_CGNs_isolated0911_CSF_5_min0.1.xlsx,4_1..25/2023_11_11_CGNs_isolated0911_CSF_5_min0.1.xlsx,4,ALS,1_25,ROI_010,K,0.997606223818073,True,,,,-77.66609091188784,0,False,False,,,,,,,,,,,,,,,,,,False,False,,,,-104.10827676355143,0,False,False,,,,,,,,,,,,,,,,,,False,False,False,,False,,False,False,True,majority_negative_normalized_trace,Sheet2,Sheet3,Sheet4,Sheet5,Sheet6
patient_4_exp_1,2023_11_11_CGNs_isolated0911_CSF_5_min0.1.xlsx,4_1..25/2023_11_11_CGNs_isolated0911_CSF_5_min0.1.xlsx,4,ALS,1_25,ROI_011,L,0.0047875523638539795,False,1.3199429832772307,14.36819172529492,104.0,62.46398300997124,1,False,True,0.14562303547318814,0.12340380251967936,0.16784226842669692,1.0431586765569303,1.0109045304223852,1.0754128226914754,14.167182438047746,13.58798241559495,14.746382460500541,0.08911953725728382,0.06987476943882362,0.10836430507574402,100.00009084164341,16.466863784204463,183.53331789908236,0.9971588850610911,0.9212918378451582,True,True,0.7246689137748421,50.42555802254191,407.0,63.36352770479411,1,False,True,0.09872271550121185,0.040840971010455,0.1566044599919687,0.5995821671748455,-0.7872426019168902,1.9864069362665813,48.60837280185039,12.797313897720151,84.41943170598063,3.083357433038443e-05,-1.3363188346302808,1.3363805017789416,100.00036799191359,-2233142.582138354,2233342.582874338,0.990479933325235,0.9999485775420281,True,True,False,,False,,True,True,False,,Sheet2,Sheet3,Sheet4,Sheet5,Sheet6
patient_4_exp_1,2023_11_11_CGNs_isolated0911_CSF_5_min0.1.xlsx,4_1..25/2023_11_11_CGNs_isolated0911_CSF_5_min0.1.xlsx,4,ALS,1_25,ROI_012,M,0.00718132854578097,False,1.096738668728399,17.385258646192284,104.0,40.908689691396106,1,False,True,0.016162050630096837,0.003280115308174507,0.029043985952019166,0.8811901462839803,0.8592606664687261,0.9031196260992345,16.434988041254623,15.9726632193453,16.897312863163947,0.21692261273668928,0.20336563994909296,0.2304795855242856,100.89917516977164,79.70628028178248,122.0920700577608,0.9992703102245928,0.8024587084024527,True,True,,,,15.796550420274245,0,False,False,,,,,,,,,,,,,,,,,,False,False,False,,False,,True,False,False,,Sheet2,Sheet3,Sheet4,Sheet5,Sheet6
patient_4_exp_1,2023_11_11_CGNs_isolated0911_CSF_5_min0.1.xlsx,4_1..25/2023_11_11_CGNs_isolated0911_CSF_5_min0.1.xlsx,4,ALS,1_25,ROI_013,N,0.06702573309395571,False,0.9017438753871095,12.38545994866189,104.0,26.662021609251745,1,False,True,0.0024757834011233247,-0.00703228862231137,0.011983855424558019,0.7136915406934438,0.7028302632093342,0.7245528181775533,11.064333198192438,10.78479489527436,11.343871501110517,0.1784515441290088,0.1720325074819978,0.18487058077601978,100.21267976755837,83.87518781883371,116.55017171628303,0.9986828326817815,0.7999743010231113,True,True,0.20402391597078132,53.03236930409753,407.0,22.3179387532661,1,False,True,0.04772369172031802,0.027841397767272305,0.06760598567336373,0.16044302094345914,-0.16183986872877143,0.4827259106156897,43.63942048073657,10.888767975826248,76.3900729856469,0.0017426672410415641,-0.3036299887256911,0.3071153232077742,100.40636602228346,-11038.64868273338,11239.461414777947,0.9789805138457759,0.9892551108513403,True,True,False,,False,,True,True,False,,Sheet2,Sheet3,Sheet4,Sheet5,Sheet6
patient_4_exp_1,2023_11_11_CGNs_isolated0911_CSF_5_min0.1.xlsx,4_1..25/2023_11_11_CGNs_isolated0911_CSF_5_min0.1.xlsx,4,ALS,1_25,ROI_014,O,1.0,True,,,,-71.45162132012004,0,False,False,,,,,,,,,,,,,,,,,,False,False,,,,-86.1395309129413,0,False,False,,,,,,,,,,,,,,,,,,False,False,False,,False,,False,False,True,majority_negative_normalized_trace,Sheet2,Sheet3,Sheet4,Sheet5,Sheet6
patient_4_exp_1,2023_11_11_CGNs_isolated0911_CSF_5_min0.1.xlsx,4_1..25/2023_11_11_CGNs_isolated0911_CSF_5_min0.1.xlsx,4,ALS,1_25,ROI_015,P,0.06882106523040096,False,0.8472528004419235,13.384226820766415,104.0,30.445748103129212,1,False,True,2.2831758799417734e-07,-0.004006785804989075,0.004007242440165063,0.5859523183508835,0.5767605601446031,0.5951440765571638,11.060197977475957,10.696456274385461,11.423939680566452,0.24068338215691049,0.23052867377068864,0.25083809054313233,100.00000000244782,,,0.9960573644276012,0.7088398408040433,True,True,0.13102178521939054,56.089576321305344,405.0,10.94509883491733,1,False,True,0.00842268668578709,-0.03796978726684637,0.054815160638420554,0.13506285670061383,-0.6508258693808162,0.9209515827820438,43.92578854726889,-52.4636571092557,140.31523420379347,1.0547237622589006e-07,-0.749337004139593,0.7493372150843456,100.00000273001699,-435129889.0808083,435130089.08081377,0.7946249511927533,0.9999992190873462,True,True,False,,False,,True,True,False,,Sheet2,Sheet3,Sheet4,Sheet5,Sheet6
patient_4_exp_1,2023_11_11_CGNs_isolated0911_CSF_5_min0.1.xlsx,4_1..25/2023_11_11_CGNs_isolated0911_CSF_5_min0.1.xlsx,4,ALS,1_25,ROI_016,Q,0.15679233991621783,False,0.3851168874519511,6.949026256328381,104.0,6.893717228608011,1,False,True,5.412457590035953e-08,-0.03068855480733467,0.030688663056486473,0.3362426936686253,0.31905822726223787,0.35342716007501274,5.45218316390313,4.881392370409157,6.022973957397103,0.038959979134267624,0.015615504482221949,0.0623044537863133,138.455871405016,-86.77922236294526,363.69096517297726,0.9320897272443364,0.8961628422227828,True,True,0.5614947353350012,8.333661369402137,405.0,16.55999623366223,1,False,True,7.782702469223525e-09,,,0.39235386798581096,0.3806827206489205,0.4040250153227014,7.216379378694325,6.8291844509871655,7.603574306401484,0.146758114414128,0.14292551643316348,0.15059071239509253,100.00000000000199,,,0.9820182295876027,0.7277780513042728,True,True,False,,False,,True,True,False,,Sheet2,Sheet3,Sheet4,Sheet5,Sheet6
patient_4_exp_1,2023_11_11_CGNs_isolated0911_CSF_5_min0.1.xlsx,4_1..25/2023_11_11_CGNs_isolated0911_CSF_5_min0.1.xlsx,4,ALS,1_25,ROI_017,R,0.024536205864751647,False,0.8586355656474377,12.689240892553983,104.0,26.990616049386652,1,False,True,3.565769543355455e-08,-0.004063708999327112,0.004063780314717979,0.6170846025587037,0.6079759000643737,0.6261933050530336,11.777429072534757,11.4111170474863,12.143741097583213,0.1901187262198146,0.17957954964117726,0.20065790279845194,100.00000000036324,,,0.996040003050069,0.7644723213573619,True,True,0.432742173101354,161.1904121855432,433.0,78.24210850610736,1,False,True,0.14655325358398968,0.04327715346064892,0.24982935370733045,0.1404673409273054,-1.5028613049871966,1.7837959868418074,60.549862497283506,-157.54069608635572,278.64042108092275,0.15925826891259054,-1.3875669448872037,1.7060834827123847,128.31141176087476,-625.3319920593174,881.9548155810669,0.9733033546479498,0.4686531157692486,True,True,False,,False,,True,True,False,,Sheet2,Sheet3,Sheet4,Sheet5,Sheet6
patient_4_exp_1,2023_11_11_CGNs_isolated0911_CSF_5_min0.1.xlsx,4_1..25/2023_11_11_CGNs_isolated0911_CSF_5_min0.1.xlsx,4,ALS,1_25,ROI_018,S,0.015559545182525433,False,3.081054590756888,18.010185925898966,104.0,100.9666477594273,1,False,True,0.0025383497305589463,-0.10205059086658179,0.10712729032769967,2.884294038907707,2.7923469883364462,2.9762410894789677,18.12118790448619,17.451401930127382,18.790973878845,0.36912106562672886,0.32521669529687525,0.4130254359565825,135.18424320799596,31.61468949328247,238.75379692270945,0.9984393030087659,0.8865435077398308,True,True,4.6661135860443474,25.833345240304595,407.0,177.55875520695548,1,False,True,0.05442160932131003,-0.8999150799333674,1.0087582985759875,4.775320291289538,4.649013967797096,4.90162661478198,25.356976893848724,24.51926365759179,26.19469013010566,0.0817652183616494,-0.7451240924381258,0.9086545291614246,377.69777778417574,-6624.009325052144,7379.4048806204955,0.9981648823605446,0.9831657856961383,True,True,False,,False,,True,True,False,,Sheet2,Sheet3,Sheet4,Sheet5,Sheet6
patient_4_exp_1,2023_11_11_CGNs_isolated0911_CSF_5_min0.1.xlsx,4_1..25/2023_11_11_CGNs_isolated0911_CSF_5_min0.1.xlsx,4,ALS,1_25,ROI_019,T,0.2004787552363854,False,1.8435703201531104,18.62125758510524,104.0,67.01035741219076,1,False,True,4.82013861995334e-08,-0.016721723015807495,0.016721819418579892,1.3401860851033227,1.3019917681464668,1.3783804020601786,19.63547041133073,18.605504798879153,20.665436023782306,0.43618933370024443,0.3804380531162489,0.49194061428423996,100.00000000000047,,,0.9939443263166575,0.7544498031874204,True,True,2.851379174016289,55.54439331486776,409.0,167.5500116532525,1,False,True,8.689096333214989e-11,,,3.25484743933026,3.18407629450017,3.32561858416035,49.161736905938014,47.4753984789997,50.84807533287633,8.012784388034572e-14,,,100.00000000053062,,,0.9667200615043765,0.9999999999999755,True,True,False,,False,,True,True,False,,Sheet2,Sheet3,Sheet4,Sheet5,Sheet6
patient_4_exp_1,2023_11_11_CGNs_isolated0911_CSF_5_min0.1.xlsx,4_1..25/2023_11_11_CGNs_isolated0911_CSF_5_min0.1.xlsx,4,ALS,1_25,ROI_020,U,0.14422501496110113,False,0.5086312819746166,15.404729973189347,104.0,12.507683590117033,1,False,True,1.9065090357592903e-05,-0.02909948704219601,0.029137617222911194,0.4547719740825882,0.36611672811122914,0.5434272200539472,23.552634900777534,20.16253834092619,26.942731460628877,0.010327506065425918,-0.0556364406577142,0.07629145278856603,100.00000076060596,-1136.7911895123746,1336.7911910335863,0.9913778975118828,0.9777950599683765,True,True,,,,17.34771304877078,0,False,False,,,,,,,,,,,,,,,,,,False,False,False,,False,,True,False,False,,Sheet2,Sheet3,Sheet4,Sheet5,Sheet6
patient_4_exp_1,2023_11_11_CGNs_isolated0911_CSF_5_min0.1.xlsx,4_1..25/2023_11_11_CGNs_isolated0911_CSF_5_min0.1.xlsx,4,ALS,1_25,ROI_021,V,0.02333931777378815,False,0.7611639693916734,18.425974018370766,104.0,32.566071851653184,1,False,True,1.6672483689999097e-06,-0.014064550922980808,0.014067885419718807,0.4930639362633466,0.47290072516377746,0.5132271473629157,14.010293865603115,13.243962142966014,14.776625588240217,0.27575528155622053,0.26375515451449816,0.2877554085979429,100.0000000585203,82.98571979806383,117.01428031897677,0.9975708800812669,0.6413262374758469,True,True,2.573858454791059,33.80971195987212,410.0,143.11200684437154,1,False,True,0.15326549700725361,0.09801855676009336,0.20851243725441387,2.5252757716387975,2.1392937107830363,2.9112578324945586,31.621995144577816,28.876379273835298,34.367611015320335,4.5430546224632965e-05,-0.3434487469871233,0.34353960807957257,100.0114410123052,-790693.2435173087,790893.2663993333,0.9982029221912522,0.9999820099929525,True,True,False,,False,,True,True,False,,Sheet2,Sheet3,Sheet4,Sheet5,Sheet6
patient_4_exp_1,2023_11_11_CGNs_isolated0911_CSF_5_min0.1.xlsx,4_1..25/2023_11_11_CGNs_isolated0911_CSF_5_min0.1.xlsx,4,ALS,1_25,ROI_022,W,1.0,True,,,,-99.75822786498307,0,False,False,,,,,,,,,,,,,,,,,,False,False,,,,-75.73695596783935,0,False,False,,,,,,,,,,,,,,,,,,False,False,False,,False,,False,False,True,majority_negative_normalized_trace,Sheet2,Sheet3,Sheet4,Sheet5,Sheet6
patient_4_exp_1,2023_11_11_CGNs_isolated0911_CSF_5_min0.1.xlsx,4_1..25/2023_11_11_CGNs_isolated0911_CSF_5_min0.1.xlsx,4,ALS,1_25,ROI_023,X,0.010771992818671455,False,1.3065259475289803,17.793285297677713,104.0,63.06141924527144,1,False,True,0.08903903027479415,0.07153989928903107,0.10653816126055723,0.9554408932976124,0.9281261268608013,0.9827556597344235,15.06432815140977,14.530797153041123,15.597859149778417,0.2594976291347613,0.24291758069757996,0.2760776775719427,100.0000284698515,76.8210252966626,123.1790316430404,0.9986390144371092,0.7864108970590276,True,True,2.170361037217815,41.25144477839672,410.0,169.452501995729,2,True,True,0.3094782472716846,0.2712671275718785,0.3476893669714907,2.04372953158339,1.8594044969046695,2.2280545662621107,30.913013913183047,27.861078769798446,33.96494905656765,6.656282570723234e-08,-0.2177728314641162,0.21777296458976758,100.000004028033,-152144859.9923692,152145059.99237725,0.9811277190610991,0.9999999674307081,True,True,False,,False,,True,True,False,,Sheet2,Sheet3,Sheet4,Sheet5,Sheet6
patient_4_exp_1,2023_11_11_CGNs_isolated0911_CSF_5_min0.1.xlsx,4_1..25/2023_11_11_CGNs_isolated0911_CSF_5_min0.1.xlsx,4,ALS,1_25,ROI_024,Y,0.08557749850388989,False,0.904579653623527,14.008588158120602,104.0,29.731393027376644,1,False,True,2.5357088044691346e-09,,,0.6131760114235749,0.5924747880946633,0.6338772347524866,11.698630647642048,10.922577279842647,12.474684015441449,0.2693558755500905,0.25898229545449364,0.27972945564568735,100.00000000000004,,,0.9806634073741823,0.6947919055097802,True,True,0.6895391724866781,51.469757972547484,407.0,68.62817377680211,1,False,True,0.14501806352281507,0.06767814271726684,0.2223579843283633,0.6097539442268093,-0.10108604019984979,1.3205939286534685,35.4881001733666,15.211324089346036,55.76487625738716,1.0465120505616908e-05,-0.6488973929635389,0.6489183232045501,100.00077401042057,-5454449.626318216,5454649.6278662365,0.9582450099070112,0.9999828374363193,True,True,False,,False,,True,True,False,,Sheet2,Sheet3,Sheet4,Sheet5,Sheet6
patient_4_exp_1,2023_11_11_CGNs_isolated0911_CSF_5_min0.1.xlsx,4_1..25/2023_11_11_CGNs_isolated0911_CSF_5_min0.1.xlsx,4,ALS,1_25,ROI_025,Z,0.016756433273488927,False,1.0894665255708849,26.203254830748136,104.0,63.176986218132264,1,False,True,0.0670754777775296,0.04477153387099271,0.0893794216840665,0.7576875330497033,0.710630824553706,0.8047442415457006,20.31157812443405,19.17570640638828,21.44744984247982,0.3066336769350136,0.27593998435991873,0.33732736951010844,104.13887586234254,75.43305772095742,132.84469400372768,0.9987064272696132,0.7118974290295158,True,True,2.208350512740703,35.23693571845172,407.0,109.1536970389353,1,False,True,0.014596075529293042,-0.07540299757338396,0.10459514863197004,2.2799655922030273,1.133424456319419,3.4265067280866357,40.07152032070661,31.64698400717268,48.496056634240546,4.4303456574514076e-05,-1.071826244917098,1.071914851830247,100.00330243331824,-1754249.2735859517,1754449.2801908182,0.9970765766336116,0.9999805687437328,True,True,False,,False,,True,True,False,,Sheet2,Sheet3,Sheet4,Sheet5,Sheet6
patient_4_exp_1,2023_11_11_CGNs_isolated0911_CSF_5_min0.1.xlsx,4_1..25/2023_11_11_CGNs_isolated0911_CSF_5_min0.1.xlsx,4,ALS,1_25,ROI_026,AA,0.02333931777378815,False,1.6153179131571964,19.77221027772599,104.0,76.32156786314616,1,False,True,0.0633489291332025,0.042304013766402845,0.08439384450000216,1.1811346299205925,1.1434140637246326,1.2188551961165524,16.766681484537866,16.177692428384876,17.355670540690856,0.40275011964094715,0.37890677804408696,0.42659346123780734,100.00000377006347,81.14592976581677,118.85407777431017,0.9990762794920269,0.745720059649265,True,True,3.490459214127719,27.122656738245382,406.0,145.9373601387799,2,True,True,0.11210965417315233,0.03437671898733351,0.18984258935897114,3.635654954402951,3.240960049293858,4.030349859512044,27.219461574719954,25.220314019003116,29.218609130436793,1.4510236260551292e-06,-0.3365034895314015,0.3365063915786536,100.00084432537852,-29956953.602427665,29957153.604116317,0.9969274513936688,0.9999996008908807,True,True,False,,False,,True,True,False,,Sheet2,Sheet3,Sheet4,Sheet5,Sheet6
patient_4_exp_1,2023_11_11_CGNs_isolated0911_CSF_5_min0.1.xlsx,4_1..25/2023_11_11_CGNs_isolated0911_CSF_5_min0.1.xlsx,4,ALS,1_25,ROI_027,AB,0.03889886295631358,False,1.5948186265581192,12.461287993888007,104.0,47.656721755874514,1,False,True,0.003157924639744975,-0.019151880751119274,0.025467730030609224,1.3540593216818537,1.3400042140606947,1.3681144293030127,11.795000424511823,11.584234309196908,12.005766539826737,0.24672286621410033,0.23445127705787225,0.25899445537032845,131.29540925203125,102.30802966734707,160.28278883671544,0.9991890705782827,0.8458735560155193,True,True,1.4969873216653808,30.975173030801727,407.0,85.3758353335632,1,False,True,0.10326168985113282,0.05320377359696367,0.153319606105302,1.5248916364777247,1.1836379019498824,1.866145371005567,31.324318614187337,27.29099741094498,35.35763981742969,5.07581605665835e-05,-0.30283725506983206,0.30293877139096526,100.11232251791354,-634710.7098199336,634910.9344649694,0.9958820526753417,0.999966714702965,True,True,False,,False,,True,True,False,,Sheet2,Sheet3,Sheet4,Sheet5,Sheet6
patient_4_exp_1,2023_11_11_CGNs_isolated0911_CSF_5_min0.1.xlsx,4_1..25/2023_11_11_CGNs_isolated0911_CSF_5_min0.1.xlsx,4,ALS,1_25,ROI_028,AC,0.9718731298623579,True,,,,-51.08734296178315,0,False,False,,,,,,,,,,,,,,,,,,False,False,,,,-68.99001629509573,0,False,False,,,,,,,,,,,,,,,,,,False,False,False,,False,,False,False,True,majority_negative_normalized_trace,Sheet2,Sheet3,Sheet4,Sheet5,Sheet6
patient_4_exp_1,2023_11_11_CGNs_isolated0911_CSF_5_min0.1.xlsx,4_1..25/2023_11_11_CGNs_isolated0911_CSF_5_min0.1.xlsx,4,ALS,1_25,ROI_029,AD,0.017354877318970677,False,2.4957602146671825,15.99643691721694,104.0,86.85487075567877,1,False,True,0.008752719032416409,-0.006132968293447611,0.023638406358280427,1.9498725958146257,1.927028323593703,1.9727168680355485,14.864591704655407,14.645691211808145,15.083492197502668,0.5479742702836874,0.5341712339975601,0.5617773065698147,100.02865061334049,90.74470897393985,109.31259225274113,0.9997605924084616,0.780621351244148,True,True,3.9068736120642527,40.73536494629826,410.0,196.98925899529524,1,False,True,0.018674658933460958,-0.05466856099143805,0.09201787885835996,4.484063529169978,4.139980418864152,4.828146639475804,34.222039018809674,31.30999917337072,37.13407886424863,1.574962574197845e-08,-0.4366481577612202,0.4366481892604716,100.00000273380968,-298406692.3009607,298406892.3009662,0.9869466013948591,0.9999999964876444,True,True,False,,False,,True,True,False,,Sheet2,Sheet3,Sheet4,Sheet5,Sheet6
patient_4_exp_1,2023_11_11_CGNs_isolated0911_CSF_5_min0.1.xlsx,4_1..25/2023_11_11_CGNs_isolated0911_CSF_5_min0.1.xlsx,4,ALS,1_25,ROI_030,AE,0.008976660682226212,False,2.1597265844127325,20.481335798976815,104.0,107.5495601633369,1,False,True,0.1368714699475025,0.11933903016931002,0.15440390972569495,1.607878844327941,1.5734481446601785,1.6423095439957036,17.978289601549907,17.586930765209004,18.36964843789081,0.4334732900472714,0.41109107558576796,0.4558555045087749,100.22080688996552,85.12076976503316,115.32084401489787,0.9996718881224933,0.7876538384790027,True,True,3.7369269743139397,42.760049795659654,414.0,227.4455057088912,1,False,True,0.17295628230179472,-0.027058759301004903,0.3729713239045943,3.925026274417918,2.3631692459054645,5.486883302930371,33.12275293443661,25.989515657756467,40.25599021111675,3.2008645561067963e-06,-1.4094452701125477,1.4094516718416599,100.00008621119133,-42780620.11584075,42780820.11601317,0.9912062641846023,0.9999991844992309,True,True,False,,False,,True,True,False,,Sheet2,Sheet3,Sheet4,Sheet5,Sheet6
patient_4_exp_1,2023_11_11_CGNs_isolated0911_CSF_5_min0.1.xlsx,4_1..25/2023_11_11_CGNs_isolated0911_CSF_5_min0.1.xlsx,4,ALS,1_25,ROI_031,AF,0.028126870137642132,False,2.558451102327741,11.067417926523134,104.0,57.816388722725115,1,False,True,0.015481837804883231,0.0020582865541792367,0.028905389055587226,2.3222318373264392,2.307870973959899,2.3365927006929796,9.941264937046594,9.83137058639179,10.051159287701397,0.26142568023005996,0.25273674075830965,0.2701146197018103,100.08365530892921,84.83802552818196,115.32928508967646,0.9996201298455417,0.8988156601818867,True,True,3.591725691259017,18.458426174197143,404.0,100.48639921814635,1,False,True,0.0462358144443993,-0.02055603014666598,0.11302765903546458,3.8729573873009304,3.681429279996772,4.064485494605089,19.5319032144321,18.536719745812402,20.527086683051795,0.006102555786386634,-0.14368217747671974,0.155887289049493,100.18563728146215,-4805.397651135297,5005.76892569822,0.9963749471447156,0.9984267951833893,True,True,False,,False,,True,True,False,,Sheet2,Sheet3,Sheet4,Sheet5,Sheet6
patient_4_exp_1,2023_11_11_CGNs_isolated0911_CSF_5_min0.1.xlsx,4_1..25/2023_11_11_CGNs_isolated0911_CSF_5_min0.1.xlsx,4,ALS,1_25,ROI_032,AG,0.026929982046678635,False,1.5547938720890442,23.15493905326487,104.0,91.08604841810977,1,False,True,0.10563307263430775,0.09024091094694864,0.12102523432166687,0.948321768111187,0.9217969868501612,0.9748465493722127,16.83438919884804,16.3144330352708,17.35434536242528,0.49294793579583135,0.4765707005309943,0.5093251710606684,101.62912082781602,90.37405558217785,112.8841860734542,0.9994413173490538,0.6579766198793052,True,True,3.457238262428432,34.045408239302276,405.0,166.21108525308233,1,False,True,0.07841992136627471,-0.049522396153730025,0.20636223888627944,3.686199864612583,2.509398376647275,4.863001352577891,35.73749899210271,30.07998853410855,41.395009450096865,1.52624856028066e-06,-1.081768863301273,1.0817719157983934,100.00005620889019,-61329369.526577726,61329569.52669014,0.995415899181326,0.9999995859562735,True,True,False,,False,,True,True,False,,Sheet2,Sheet3,Sheet4,Sheet5,Sheet6
patient_4_exp_1,2023_11_11_CGNs_isolated0911_CSF_5_min0.1.xlsx,4_1..25/2023_11_11_CGNs_isolated0911_CSF_5_min0.1.xlsx,4,ALS,1_25,ROI_033,AH,1.0,True,,,,-137.63913617621913,0,False,False,,,,,,,,,,,,,,,,,,False,False,,,,-164.73017996836126,0,False,False,,,,,,,,,,,,,,,,,,False,False,False,,False,,False,False,True,majority_negative_normalized_trace,Sheet2,Sheet3,Sheet4,Sheet5,Sheet6
patient_4_exp_1,2023_11_11_CGNs_isolated0911_CSF_5_min0.1.xlsx,4_1..25/2023_11_11_CGNs_isolated0911_CSF_5_min0.1.xlsx,4,ALS,1_25,ROI_034,AI,1.0,True,,,,-148.99119187056527,0,False,False,,,,,,,,,,,,,,,,,,False,False,,,,-174.49357103534174,0,False,False,,,,,,,,,,,,,,,,,,False,False,False,,False,,False,False,True,majority_negative_normalized_trace,Sheet2,Sheet3,Sheet4,Sheet5,Sheet6
patient_4_exp_1,2023_11_11_CGNs_isolated0911_CSF_5_min0.1.xlsx,4_1..25/2023_11_11_CGNs_isolated0911_CSF_5_min0.1.xlsx,4,ALS,1_25,ROI_035,AJ,0.07420706163973669,False,3.0374488120762146,17.472255771146123,104.0,94.11320487517872,1,False,True,0.04426107047256762,0.02141995189736973,0.0671021890477655,2.731463905323866,2.6831261006491767,2.779801709998555,18.874364813283027,18.553716047488823,19.19501357907723,0.2632785299633286,0.23105891046132132,0.2954981494653359,100.10142695705571,66.86316105504591,133.3396928590655,0.9997709275439153,0.9120864195661353,True,True,3.2085279697164575,36.704910497577885,411.0,148.79066146325417,1,False,True,0.047061829555910456,-0.005472517731241924,0.09959617684306284,3.400324052849549,3.1064264421255534,3.6942216635735448,30.29761056912387,28.27647053943725,32.31875059881049,2.969514401408911e-07,-0.2879150785584125,0.2879156724612928,100.00001855465115,-89473402.63331436,89473602.63335146,0.9939886105021943,0.9999999126696721,True,True,False,,False,,True,True,False,,Sheet2,Sheet3,Sheet4,Sheet5,Sheet6
patient_4_exp_1,2023_11_11_CGNs_isolated0911_CSF_5_min0.1.xlsx,4_1..25/2023_11_11_CGNs_isolated0911_CSF_5_min0.1.xlsx,4,ALS,1_25,ROI_036,AK,0.01376421304608019,False,1.5587863719171338,19.96384565378328,104.0,80.59072257471189,1,False,True,0.07934732521978875,0.06317156777473955,0.09552308266483796,1.0141812642067616,0.9877340985029117,1.0406284299106114,15.63465548851649,15.149662598944365,16.119648378088613,0.4519640856549926,0.4357048029540041,0.46822336835598105,100.00001453554731,87.49645700017788,112.50357207091673,0.9992642374101245,0.691733097473856,True,True,4.334522474668672,49.59724383565094,411.0,272.6199085882982,1,False,True,0.021455820173320265,-0.11047474420307951,0.15338638454972003,4.969285610400651,3.8985867843281845,6.039984436473118,43.82109767650586,36.929692712567615,50.7125026404441,1.2962637290377224e-07,-1.219562588061021,1.219562847313767,100.0000035580262,-189743317.7844038,189743517.7844109,0.9812623791084067,0.999999973914486,True,True,False,,False,,True,True,False,,Sheet2,Sheet3,Sheet4,Sheet5,Sheet6
patient_4_exp_1,2023_11_11_CGNs_isolated0911_CSF_5_min0.1.xlsx,4_1..25/2023_11_11_CGNs_isolated0911_CSF_5_min0.1.xlsx,4,ALS,1_25,ROI_037,AL,0.07959305804907241,False,1.8810440338397656,17.79100278142603,104.0,73.36296502323097,1,False,True,3.4779574735523144e-05,-0.014741870252377977,0.014811429401849024,1.3359041592466445,1.3122894878298001,1.3595188306634889,15.354075548818006,15.024731463651943,15.68341963398407,0.5256704048025652,0.5112452592414778,0.5400955503636526,100.00006253979029,90.25776487367737,109.74236020590321,0.9996042296143299,0.717620548242155,True,True,3.6985933318750916,36.23138654882973,407.0,171.48036366472016,1,False,True,0.01249943958483405,-0.07151331521645282,0.09651219438612091,4.032800627604675,3.2743900732318902,4.791211181977459,35.819016148486384,32.102657823746355,39.53537447322641,5.540981092433265e-07,-0.716852238764701,0.7168533469609196,100.0000807044812,-101466941.48445095,101467141.48461236,0.9942875357809704,0.9999998626021753,True,True,False,,False,,True,True,False,,Sheet2,Sheet3,Sheet4,Sheet5,Sheet6
patient_4_exp_1,2023_11_11_CGNs_isolated0911_CSF_5_min0.1.xlsx,4_1..25/2023_11_11_CGNs_isolated0911_CSF_5_min0.1.xlsx,4,ALS,1_25,ROI_038,AM,0.008378216636744464,False,1.1584289148891902,23.729512992650157,104.0,68.09619343617065,1,False,True,0.0616276337494954,0.04992469079496895,0.07333057670402185,0.6716177906023965,0.6534888394651742,0.6897467417396187,15.285594951873962,14.780085609013422,15.791104294734502,0.4323742456882988,0.42147286348622853,0.44327562789036906,100.95529078564651,91.60463432111881,110.30594725017421,0.9993192748939486,0.608353836372739,True,True,3.7629911931305404,39.014306566199025,408.0,200.06845447748339,1,False,True,0.08662838350365976,0.0667339336513074,0.1065228333560121,4.069868855010949,4.023673814143524,4.116063895878374,36.33602053408563,35.468138721223255,37.203902346948,7.418913779751873e-11,,,100.00000006185448,-2419843093.783195,2419843293.783195,0.9917537670363112,0.999999999981771,True,True,False,,False,,True,True,False,,Sheet2,Sheet3,Sheet4,Sheet5,Sheet6
patient_4_exp_1,2023_11_11_CGNs_isolated0911_CSF_5_min0.1.xlsx,4_1..25/2023_11_11_CGNs_isolated0911_CSF_5_min0.1.xlsx,4,ALS,1_25,ROI_039,AN,0.016756433273488927,False,1.5121284217609243,15.702128179314528,104.0,73.21053709817755,1,False,True,0.1058607937529065,0.09351357741818771,0.11820801008762528,1.0455011543324608,1.0303057904019826,1.060696518262939,12.046816554370649,11.776095796180511,12.317537312560786,0.3375086839491564,0.3285947835903048,0.346422584308008,100.00007612351614,88.46292152993412,111.53723071709815,0.9992005860875419,0.7559607498031184,True,True,3.8330969735545803,28.811751880579152,407.0,162.0778829564158,1,False,True,0.0994114259751873,0.07075410101732137,0.12806875093305325,4.094224871824965,3.9894741406630376,4.198975602986891,27.01303439182151,26.067646042910276,27.958422740732743,2.6906078437847352e-08,-0.1336935281712763,0.1336935819834332,100.00000143362757,-173396840.49325904,173397040.4932619,0.9962204162046678,0.9999999934282853,True,True,False,,False,,True,True,False,,Sheet2,Sheet3,Sheet4,Sheet5,Sheet6
patient_4_exp_1,2023_11_11_CGNs_isolated0911_CSF_5_min0.1.xlsx,4_1..25/2023_11_11_CGNs_isolated0911_CSF_5_min0.1.xlsx,4,ALS,1_25,ROI_040,AO,0.02333931777378815,False,0.518840957471578,23.92082794179271,104.0,31.335436684740262,1,False,True,0.07795844079853473,0.05905503288629878,0.09686184871077068,0.44131068602163326,0.38462029461275876,0.49800107743050775,24.18227146336459,21.932373072764555,26.432169853964623,0.005673776115999728,-0.03608980431701315,0.047437356549012606,102.00641531813346,-1373.3848559328176,1577.3976865690847,0.9965549098836701,0.9873065473263527,True,True,0.19366477482863287,96.06450977455967,425.0,31.847324416618342,1,False,True,0.07826752012750879,0.05540992355549253,0.10112511669952505,0.11603381716628813,-0.1529815271896638,0.38504916152224006,43.954540217241764,3.2348879598984226,84.67419247458511,0.009068506177170447,-0.24013345537565775,0.2582704677299986,108.63556133607803,-2118.738226040748,2336.009348712904,0.9656178125598691,0.927511288880914,True,True,False,,False,,True,True,False,,Sheet2,Sheet3,Sheet4,Sheet5,Sheet6
patient_4_exp_1,2023_11_11_CGNs_isolated0911_CSF_5_min0.1.xlsx,4_1..25/2023_11_11_CGNs_isolated0911_CSF_5_min0.1.xlsx,4,ALS,1_25,ROI_041,AP,0.01376421304608019,False,1.1388730178352078,18.426304638315017,104.0,51.89287575450877,1,False,True,0.011378191954518495,-0.00484167985337031,0.0275980637624073,0.6751573207929297,0.6540340972865984,0.6962805442992609,12.823325847634747,12.237258367554261,13.409393327715232,0.4113332674334906,0.3989364354061936,0.42373009946078755,100.08687350250683,87.37279052844477,112.8009564765689,0.9980703612375866,0.6214111084892616,True,True,1.6078939339360427,41.598597999924095,412.0,93.67980359348542,1,False,True,0.049991435538592546,0.0009940449151157327,0.09898882616206936,1.64362107448128,1.0357914853759418,2.2514506635866183,39.81928634958597,33.63474339767314,46.003829301498804,2.8158674226778273e-06,-0.5668480338485655,0.5668536655834109,100.0000815677895,-14786138.822138598,14786338.822301732,0.9981450608426715,0.9999982867933235,True,True,False,,False,,True,True,False,,Sheet2,Sheet3,Sheet4,Sheet5,Sheet6
patient_4_exp_1,2023_11_11_CGNs_isolated0911_CSF_5_min0.1.xlsx,4_1..25/2023_11_11_CGNs_isolated0911_CSF_5_min0.1.xlsx,4,ALS,1_25,ROI_042,AQ,0.02154398563734291,False,0.847691008517428,19.303151628788456,104.0,40.42942572158288,1,False,True,0.04334013496574372,0.03268963976371309,0.05399063016777434,0.6236887938500024,0.6041766649090105,0.6432009227909944,17.156388451922812,16.580194215731318,17.732582688114306,0.18859460643455456,0.1762026719075704,0.2009865409615387,100.34497460588635,79.75461245307096,120.93533675870174,0.9991541098959518,0.7678216662208208,True,True,,,,23.62874575900192,0,False,False,,,,,,,,,,,,,,,,,,False,False,False,,False,,True,False,False,,Sheet2,Sheet3,Sheet4,Sheet5,Sheet6
patient_4_exp_1,2023_11_11_CGNs_isolated0911_CSF_5_min0.1.xlsx,4_1..25/2023_11_11_CGNs_isolated0911_CSF_5_min0.1.xlsx,4,ALS,1_25,ROI_043,AR,0.28545780969479356,False,0.4853913315672451,18.72469717754285,104.0,15.628190599248315,1,False,True,1.5988294708020964e-06,-0.004981952385758471,0.004985150044700075,0.39626459632258154,0.3835274609338408,0.40900173171132226,22.995092933370767,21.80244142091563,24.187744445825903,0.07534012452229656,0.05684254538987399,0.09383770365471913,100.00000000007294,,,0.9944002456951082,0.8402473062879332,True,True,0.2948839753513185,46.178656314705734,420.0,21.705741951729703,1,False,True,0.011006465334263759,-0.00469596948708623,0.02670890015561375,0.19775282016945084,0.0859045231674434,0.3096011171714583,32.61898301007594,22.427868912682925,42.81009710746895,0.09248905135995282,-0.007089359098094508,0.19206746181800016,101.4393586117739,-11.141673729544948,214.02039095309274,0.9903445155366033,0.6813380134555017,True,True,False,,False,,True,True,False,,Sheet2,Sheet3,Sheet4,Sheet5,Sheet6
patient_4_exp_1,2023_11_11_CGNs_isolated0911_CSF_5_min0.1.xlsx,4_1..25/2023_11_11_CGNs_isolated0911_CSF_5_min0.1.xlsx,4,ALS,1_25,ROI_044,AS,0.028126870137642132,False,0.9000624628918829,23.924010093216978,104.0,51.08121504850253,1,False,True,0.03809076090904165,0.022819144082976077,0.05336237773510722,0.5268532740226415,0.49843882739312406,0.5552677206521589,17.231060735833886,16.24016717769872,18.221954293969052,0.3341126884965927,0.3159380129378408,0.3522873640553446,100.00636709894668,83.2940809714264,116.71865322646697,0.9984648848154952,0.6119327557166598,True,True,0.3528629085372983,66.84327754391751,407.0,45.411356036292666,1,False,True,0.09606389493647524,0.051227821761849354,0.14089996811110111,0.2750256939546414,-1.1804405840653946,1.7304919719746774,52.722840680949695,-26.07389666317352,131.51957802507292,0.002858170099802257,-1.4128432640696,1.4185596042692046,100.37943295588065,-21880.473274159474,22081.232140071235,0.9799933125723522,0.9897145157761219,True,True,False,,False,,True,True,False,,Sheet2,Sheet3,Sheet4,Sheet5,Sheet6
patient_4_exp_1,2023_11_11_CGNs_isolated0911_CSF_5_min0.1.xlsx,4_1..25/2023_11_11_CGNs_isolated0911_CSF_5_min0.1.xlsx,4,ALS,1_25,ROI_045,AT,0.041891083183722325,False,1.2656731731844508,18.60034116008414,104.0,58.73830320055506,1,False,True,0.02445615069955108,0.011351803429089148,0.03756049797001301,0.8102163637330863,0.7920664381419236,0.8283662893242489,13.644717905343699,13.224328944462894,14.065106866224504,0.4222358443812905,0.4115170992874068,0.43295458947517423,100.19839951618445,89.95545985659686,110.44133917577204,0.9991189966387495,0.6574018516894042,True,True,3.8181899983795695,35.313185042251575,407.0,190.39764752415144,1,False,True,0.09271710642011839,0.002276163803103734,0.18315804903713306,4.033912133004687,3.2341984770405623,4.833625788968813,35.42673205261187,31.79572358059919,39.05774052462454,9.770086352779185e-07,-0.7402292130425421,0.7402311670598127,100.00001955158223,-65215773.93715912,65215973.93719822,0.996796698965856,0.9999997578012694,True,True,False,,False,,True,True,False,,Sheet2,Sheet3,Sheet4,Sheet5,Sheet6
patient_4_exp_1,2023_11_11_CGNs_isolated0911_CSF_5_min0.1.xlsx,4_1..25/2023_11_11_CGNs_isolated0911_CSF_5_min0.1.xlsx,4,ALS,1_25,ROI_046,AU,0.07360861759425494,False,2.019123289693297,17.584438945919473,104.0,69.30435572153019,1,False,True,0.002253252834428589,-0.010720571144115993,0.015227076812973172,1.6295821951187999,1.6068428643418726,1.6523215258957271,16.51048954078857,16.252532362017785,16.768446719559353,0.41139629308271036,0.39712848691919267,0.42566409924622806,100.05884025232777,88.76396592977626,111.35371457487928,0.9997820440110913,0.7984318328385575,True,True,2.7382385183544504,30.282261396666684,407.0,111.17667693717019,1,False,True,0.01712905059075703,0.006759884439076434,0.027498216742437624,2.872887962577709,2.8502313318623655,2.8955445932930526,30.855621300273796,30.40432154574372,31.306921054803873,1.2672033402111511e-08,,,100.00000194755289,-170105251.0461335,170105451.04613736,0.9966953443385034,0.9999999955890959,True,True,False,,False,,True,True,False,,Sheet2,Sheet3,Sheet4,Sheet5,Sheet6
patient_4_exp_1,2023_11_11_CGNs_isolated0911_CSF_5_min0.1.xlsx,4_1..25/2023_11_11_CGNs_isolated0911_CSF_5_min0.1.xlsx,4,ALS,1_25,ROI_047,AV,0.005385996409335727,False,3.1739863189375352,17.522800303116313,104.0,135.5740000167108,1,False,True,0.2458807071210402,0.15781819146198378,0.33394322278009664,2.6982811812062493,2.5051269364532356,2.891435425959263,19.289923559068484,17.998445334256797,20.58140178388017,0.14427329756521715,0.01396062770142012,0.2745859674290142,100.0000936340556,-136.71655148024945,336.7167387483607,0.9964341458452471,0.9492451952486163,True,True,3.2893252579664707,61.838868450236305,413.0,276.13355656453746,1,False,True,0.06313363909368584,-0.37552654568590726,0.501793823873279,3.774873391511726,-16.730402082000627,24.280148865024078,57.4593711297627,-21.851143547887105,136.7698858074125,2.8248660537656816e-06,-20.197898488273676,20.197904138005786,100.00170825129833,-252359567.90224174,252359767.90565822,0.9582060685049596,0.9999992516665734,True,True,False,,False,,True,True,False,,Sheet2,Sheet3,Sheet4,Sheet5,Sheet6
patient_4_exp_1,2023_11_11_CGNs_isolated0911_CSF_5_min0.1.xlsx,4_1..25/2023_11_11_CGNs_isolated0911_CSF_5_min0.1.xlsx,4,ALS,1_25,ROI_048,AW,0.022142429682824656,False,0.9564056128323448,21.179403205946926,104.0,50.42228542533795,1,False,True,0.07210111480684928,0.05425683604347381,0.08994539357022474,0.6892755493457619,0.6544660223821541,0.7240850763093696,18.20345872579078,17.277950736397035,19.12896671518453,0.19462514687578977,0.17216168036919416,0.2170886133823854,101.09426719785243,66.71409588499893,135.47443851070594,0.9982904700041407,0.7798110718684098,True,True,0.6680282372640198,50.63833699794537,407.0,73.94349926313213,1,False,True,0.12555050260675912,0.08132325656284076,0.1697777486506775,0.2643350828817602,0.09331652273519106,0.43535364302832935,26.5067710902861,13.744060925287396,39.2694812552848,0.2589914116296839,0.12054075684527019,0.39744206641409763,107.25771016988942,16.494065411038406,198.02135492874044,0.9673093270094052,0.5051054851112257,True,True,False,,False,,True,True,False,,Sheet2,Sheet3,Sheet4,Sheet5,Sheet6
patient_4_exp_1,2023_11_11_CGNs_isolated0911_CSF_5_min0.1.xlsx,4_1..25/2023_11_11_CGNs_isolated0911_CSF_5_min0.1.xlsx,4,ALS,1_25,ROI_049,AX,0.04009575104727708,False,1.1213181760727728,19.024990511698718,104.0,68.14442977986333,1,False,True,0.1527494345751863,0.13884088207533046,0.16665798707504215,0.7860241248974555,0.7641218343775179,0.8079264154173932,15.172853699122472,14.653146446013839,15.692560952231105,0.1755712012389618,0.16224548409675313,0.18889691838117048,100.00020704446054,72.68629893263625,127.31411515628483,0.998647333377429,0.8174167485355952,True,True,0.5439494745593927,116.20979124760947,409.0,95.25756424144542,1,False,True,0.2509229018128041,0.18302391159440176,0.31882189203120637,0.33826309206833677,-1.7603321142413535,2.436858298378027,51.86181999097985,-40.937260177187525,144.66090015914722,2.0133577627360638e-05,-2.0385870737498397,2.0386273409050943,100.00040308577175,-4589380.927830105,4589580.928636276,0.9670359637050177,0.9999404830742378,True,True,False,,False,,True,True,False,,Sheet2,Sheet3,Sheet4,Sheet5,Sheet6
patient_4_exp_1,2023_11_11_CGNs_isolated0911_CSF_5_min0.1.xlsx,4_1..25/2023_11_11_CGNs_isolated0911_CSF_5_min0.1.xlsx,4,ALS,1_25,ROI_050,AY,0.02333931777378815,False,2.0385168731154932,15.884495865914815,104.0,70.275701612905,1,False,True,0.0056864454418704136,-0.014437781007392198,0.025810671891133025,1.666579131325622,1.6381966477985677,1.6949616148526763,13.920009727904683,13.600295966789595,14.23972348901977,0.44780450095476426,0.43101186014526255,0.464597141764266,100.34523386596724,85.39863540126805,115.29183233066644,0.9993113317099608,0.7882103823931884,True,True,4.491129907708137,22.23152266842584,405.0,157.05037302589113,1,False,True,0.10580217357789616,0.07656968425396554,0.13503466290182678,4.505031750435227,4.382651097718913,4.62741240315154,24.474816500719278,23.955884481882638,24.99374851955592,6.235516394599821e-06,-0.10194320458412354,0.10195567561691274,100.0027650157569,-2439612.050803461,2439812.0563334925,0.9996897452113623,0.9999986158792857,True,True,False,,False,,True,True,False,,Sheet2,Sheet3,Sheet4,Sheet5,Sheet6
patient_4_exp_1,2023_11_11_CGNs_isolated0911_CSF_5_min0.1.xlsx,4_1..25/2023_11_11_CGNs_isolated0911_CSF_5_min0.1.xlsx,4,ALS,1_25,ROI_051,AZ,0.03949730700179533,False,0.8695581261563492,13.510135453593293,104.0,35.42048041387924,1,False,True,0.04663158642476291,0.03395542618366258,0.059307746665863234,0.6755746794587043,0.6603939760429892,0.6907553828744194,11.672030738518506,11.25531037721237,12.088751099824643,0.14786133481943234,0.13894037488359515,0.15678229475526953,100.00000645092926,73.25194942952248,126.74806347233604,0.9974703353477027,0.8204337286011778,True,True,3.430578061724395,28.105664419955474,407.0,146.79132137495077,1,False,True,0.10151895886632951,0.05909112539457737,0.14394679233808166,3.591674503084859,3.3849360563164885,3.7984129498532293,27.48017895228807,26.25948179682338,28.700876107752762,3.7950234662266426e-07,-0.18831365081606738,0.18831440982076064,100.00003259200567,-58242844.42872152,58243044.428786695,0.9976666910025965,0.9999998943383355,True,True,False,,False,,True,True,False,,Sheet2,Sheet3,Sheet4,Sheet5,Sheet6
patient_4_exp_1,2023_11_11_CGNs_isolated0911_CSF_5_min0.1.xlsx,4_1..25/2023_11_11_CGNs_isolated0911_CSF_5_min0.1.xlsx,4,ALS,1_25,ROI_052,BA,0.03889886295631358,False,1.0276807706463083,11.844456862997589,104.0,35.99234267864508,1,False,True,0.046084092983217764,0.03199277061533919,0.060175415351096335,0.8209562353507983,0.8050996670896504,0.8368128036119462,10.757192431892136,10.405146646838176,11.109238216946096,0.13702831458127748,0.1276051609883963,0.14645146817415866,100.00000820688335,68.7449031080593,131.2551133057074,0.9973326286945723,0.8569618741857651,True,True,2.148061095361686,32.37724155817506,406.0,115.40325901290772,2,True,True,0.11445526388285243,0.03634220565386774,0.1925683221118371,2.2553507131523607,1.7396644925399876,2.7710369337647336,30.901674048378343,26.789760766773917,35.01358732998277,2.3886156789340823e-06,-0.45576473202274337,0.4557695092541012,100.00009535662525,-20675482.18493359,20675682.185124304,0.9949174116621929,0.9999989409127656,True,True,False,,False,,True,True,False,,Sheet2,Sheet3,Sheet4,Sheet5,Sheet6
patient_4_exp_1,2023_11_11_CGNs_isolated0911_CSF_5_min0.1.xlsx,4_1..25/2023_11_11_CGNs_isolated0911_CSF_5_min0.1.xlsx,4,ALS,1_25,ROI_053,BB,0.0718132854578097,False,0.7051853908139768,13.215999693866195,104.0,28.116532269440473,1,False,True,0.0153375216225146,0.005503898067896721,0.02517114517713248,0.4914464116774078,0.4811130767619255,0.5017797465928902,9.786746824351471,9.414956774535389,10.158536874167554,0.1925192171732209,0.18623204168351676,0.19880639266292505,100.51000510479896,85.4076927717615,115.61231743783642,0.9971557042078757,0.7185250119998864,True,True,0.23296096010377734,46.62250022306307,404.0,21.12189462298518,1,False,True,0.03660644691319621,0.00564138282994342,0.067571510996449,0.1934473157607619,-0.3358713968418787,0.7227660283634025,44.22144822226486,-0.05351954225353239,88.49641598678326,0.0011960333901021862,-0.5017134345028343,0.5041055012830388,100.17486040953311,-25820.08438651918,26020.434107338246,0.9662152074634094,0.9938552568309171,True,True,False,,False,,True,True,False,,Sheet2,Sheet3,Sheet4,Sheet5,Sheet6
patient_4_exp_1,2023_11_11_CGNs_isolated0911_CSF_5_min0.1.xlsx,4_1..25/2023_11_11_CGNs_isolated0911_CSF_5_min0.1.xlsx,4,ALS,1_25,ROI_054,BC,0.014961101137043686,False,2.041464028804505,16.097593433261025,104.0,71.6376897825703,1,False,True,0.07077431141997874,0.05374610488599605,0.08780251795396143,1.7636404872891798,1.7347121088077024,1.792568865770657,16.105999722561517,15.801940494868271,16.41005895025476,0.223704096352386,0.20571800143989055,0.24169019126488145,100.00000415205943,73.04716795506782,126.95284034905104,0.9995830603302533,0.8874356776405249,True,True,2.8606614363794107,27.61380739487771,406.0,132.932218618153,1,False,True,0.12974671035004867,0.03488822249646127,0.22460519820363606,3.083392465296492,2.643052996341607,3.523731934251377,25.88422589298853,23.130690354048628,28.63776143192843,1.946086788064702e-06,-0.37633880964244143,0.37634270181601753,100.00016086770616,-26566993.74256493,26567193.74288667,0.9938148487098701,0.9999993688492199,True,True,False,,False,,True,True,False,,Sheet2,Sheet3,Sheet4,Sheet5,Sheet6
patient_4_exp_1,2023_11_11_CGNs_isolated0911_CSF_5_min0.1.xlsx,4_1..25/2023_11_11_CGNs_isolated0911_CSF_5_min0.1.xlsx,4,ALS,1_25,ROI_055,BD,0.008378216636744464,False,2.1807797885070173,15.647234368330274,104.0,91.84788747344072,1,False,True,0.09004633236410228,0.0699731590351827,0.11011950569302187,1.6654097676506696,1.6400239716918013,1.690795563609538,12.636943438636273,12.350930913417525,12.92295596385502,0.47653135151053483,0.4617292301934748,0.4913334728275949,100.68388397113796,87.17742203732112,114.1903459049548,0.9992074511334204,0.7775235989226692,True,True,4.159826280732759,50.32818720360757,414.0,268.1149480272271,1,False,True,0.07154257405583203,0.009718119240950854,0.13336702887071322,4.902182013468539,4.77478579204036,5.029578234896718,39.065611761811645,36.869843542907624,41.26137998071567,1.6790256366849767e-09,,,100.00000062998394,-3537088688.9482903,3537088888.9482913,0.957744211883114,0.9999999996574942,True,True,False,,False,,True,True,False,,Sheet2,Sheet3,Sheet4,Sheet5,Sheet6
patient_4_exp_1,2023_11_11_CGNs_isolated0911_CSF_5_min0.1.xlsx,4_1..25/2023_11_11_CGNs_isolated0911_CSF_5_min0.1.xlsx,4,ALS,1_25,ROI_056,BE,0.03291442250149611,False,1.4833676019359636,14.207305529285335,104.0,45.274890912755204,1,False,True,4.04291566039874e-06,-0.018942656666520195,0.01895074249784099,1.1982970150992904,1.171105707865573,1.2254883223330078,14.025051213887602,13.599832887877664,14.45026953989754,0.2761373189732337,0.2599506776160957,0.29232396033037167,100.0000167512003,77.10445492402911,122.8955785783715,0.9987533907835436,0.812716434640723,True,True,2.312103304662334,27.67039268446041,409.0,96.06469112135585,1,False,True,0.05439060185552591,0.03193208099947445,0.07684912271157737,2.5812475028584148,2.5073105523401886,2.655184453376641,25.351286512999348,24.27762211863983,26.424950907358866,1.9919673998778173e-08,-0.09554192246682858,0.09554196230617656,100.00000182023788,-181795781.97499973,181795981.97500336,0.9936444337407522,0.9999999922829277,True,True,False,,False,,True,True,False,,Sheet2,Sheet3,Sheet4,Sheet5,Sheet6
patient_4_exp_1,2023_11_11_CGNs_isolated0911_CSF_5_min0.1.xlsx,4_1..25/2023_11_11_CGNs_isolated0911_CSF_5_min0.1.xlsx,4,ALS,1_25,ROI_057,BF,0.002992220227408737,False,0.27174426906361593,14.377300230194265,104.0,29.206044646649694,1,False,True,0.10242647819098184,0.05996740383479319,0.1448855525471705,0.20206139683166766,0.1775206832065692,0.22660211045676612,5.8450983995987045,4.380577693891738,7.309619105305671,1.1854088615236442e-06,-0.031349909961007366,0.03135228077873041,134.44234373440926,-10221102.611255217,10221371.495942686,0.6721162920098115,0.9999941334568312,True,True,2.2606725792465445,12.098135097238753,414.0,66.7631590926623,1,False,True,0.08086941824841806,0.03871019388169785,0.12302864261513827,2.1690234801055004,2.0797710385562986,2.258275921654702,15.528781890352416,14.678082049124058,16.379481731580775,2.5816824448009115e-05,-0.06529093248894881,0.06534256613784482,100.00099397688965,-649906.422334123,650106.4243220767,0.9926347054086634,0.9999880976313058,True,True,False,,False,,True,True,False,,Sheet2,Sheet3,Sheet4,Sheet5,Sheet6
patient_4_exp_1,2023_11_11_CGNs_isolated0911_CSF_5_min0.1.xlsx,4_1..25/2023_11_11_CGNs_isolated0911_CSF_5_min0.1.xlsx,4,ALS,1_25,ROI_058,BG,0.1603830041891083,False,0.6572276631543803,14.68239816463614,104.0,17.863811303962777,1,False,True,1.519496171916904e-07,-0.00583996677248843,0.0058402706717228135,0.5257321857159362,0.5131723405633133,0.538292030868559,16.564837438532663,15.766746009553653,17.362928867511673,0.1048350557698617,0.08717969975277892,0.12249041178694448,100.00000000001153,,,0.9921896641847662,0.8337448429403973,True,True,0.17466258640338547,51.976975801109575,413.0,12.042855593767522,1,False,True,0.005760950860621607,-0.02621974345502567,0.037741645176268886,0.18743491429780193,-0.2485107821312825,0.6233806107268863,41.094748544566514,2.4290385849037293,79.76045850422929,0.000387905057912653,-0.4088016462746017,0.409577456390427,100.14146940338898,-73585.06992678076,73785.35286558754,0.9521478095980268,0.997934728808548,True,True,False,,False,,True,True,False,,Sheet2,Sheet3,Sheet4,Sheet5,Sheet6
patient_4_exp_1,2023_11_11_CGNs_isolated0911_CSF_5_min0.1.xlsx,4_1..25/2023_11_11_CGNs_isolated0911_CSF_5_min0.1.xlsx,4,ALS,1_25,ROI_059,BH,0.020347097546379412,False,0.52420097305485,13.80409635103095,104.0,26.29629318637939,1,False,True,0.03891734998076018,0.02762622828777235,0.050208471673748006,0.3589127182336198,0.35003257074537797,0.36779286572186165,10.079416219786381,9.620759901758179,10.538072537814584,0.11743713587490147,0.11109570108585404,0.1237785706639489,114.9525555768249,85.92167821302021,143.9834329406296,0.9951791634172082,0.7534645285140633,True,True,0.2037113268243034,54.52444720683815,404.0,21.498969198984874,1,False,True,0.04482169336934477,0.025026363344039803,0.06461702339464974,0.14414102358941316,-0.07156270268774387,0.3598447498665702,42.599143947509,16.14247492233524,69.05581297268276,0.014587394541729375,-0.18409220661625908,0.21326699569971785,108.28966315613945,-1044.410759501256,1260.9900858135352,0.9817837981345305,0.9080984066150197,True,True,False,,False,,True,True,False,,Sheet2,Sheet3,Sheet4,Sheet5,Sheet6
patient_4_exp_1,2023_11_11_CGNs_isolated0911_CSF_5_min0.1.xlsx,4_1..25/2023_11_11_CGNs_isolated0911_CSF_5_min0.1.xlsx,4,ALS,1_25,ROI_060,BI,0.026929982046678635,False,0.5278914696339819,12.707315823492479,104.0,16.57968511343011,1,False,True,4.150865180079096e-05,-0.008867120900744142,0.008950138204345724,0.40374682055291355,0.39447500344440073,0.4130186376614264,9.361112338908683,8.963465855200841,9.758758822616524,0.1343223609459845,0.12862243129693401,0.14002229059503496,100.00862788583503,80.64322403382087,119.37403173784918,0.9959184255386753,0.7503622850656434,True,True,0.5473005620801863,65.3601141624062,417.0,63.66623606352804,1,False,True,0.11841862832495112,0.047250338991690496,0.18958691765821173,0.4669148411676166,-1.3728150518892361,2.306644734224469,49.596869613153785,-10.82447786161896,110.01821708792653,0.0004189671226713011,-1.7770088486173976,1.7778467828627402,100.01904400521647,-210239.56899620325,210439.6070842137,0.9780998904972809,0.9991034949425036,True,True,False,,False,,True,True,False,,Sheet2,Sheet3,Sheet4,Sheet5,Sheet6
patient_4_exp_1,2023_11_11_CGNs_isolated0911_CSF_5_min0.1.xlsx,4_1..25/2023_11_11_CGNs_isolated0911_CSF_5_min0.1.xlsx,4,ALS,1_25,ROI_061,BJ,0.04308797127468582,False,2.3796108456300957,17.994475081465012,104.0,79.18736067216771,1,False,True,6.916775918291565e-10,,,1.9713528936211315,1.938422966312505,2.0042828209297583,16.228834295195263,15.662618770422862,16.795049819967662,0.47708785968632905,0.45457466532869584,0.49960105404396227,100.0000000000447,,,0.9932773954281376,0.8051462511225326,True,True,3.317099789257959,21.840920281695276,405.0,113.15804934531349,2,True,True,0.03467014533055892,0.002745611704374727,0.06659467895674312,3.159629669777906,3.0423079371159942,3.2769514024398174,23.20871006842725,22.483076000166335,23.934344136688168,0.18665904787763254,0.09103263861635617,0.2822854571389089,101.15457304254514,15.966174256470651,186.34297182861962,0.9992672983167423,0.944219084595782,True,True,False,,False,,True,True,False,,Sheet2,Sheet3,Sheet4,Sheet5,Sheet6
patient_4_exp_1,2023_11_11_CGNs_isolated0911_CSF_5_min0.1.xlsx,4_1..25/2023_11_11_CGNs_isolated0911_CSF_5_min0.1.xlsx,4,ALS,1_25,ROI_062,BK,0.012567324955116697,False,3.4562635660104544,15.131786707616584,104.0,86.58494903201019,1,False,True,0.0066242535199848105,-0.1644202907109245,0.17766879775089411,3.3357760723815804,3.3027236111370586,3.368828533626102,16.45175452172911,16.20511809450841,16.69839094894981,0.14450329975160656,0.005594885341523026,0.2834117141616901,241.7250132064817,-255.063138955372,738.5131653683354,0.9994975158014096,0.9584793965367685,True,True,2.7406169602934383,23.692133389757544,407.0,98.91323824424626,1,False,True,0.05442819410504175,-13.28568345813553,13.394539846345612,3.018178530388952,2.944106820203525,3.092250240574379,20.264758711468303,19.401891786538357,21.12762563639825,0.026379120877529277,-13.238802744414869,13.291560986169927,1531.4023039581323,-861327.0238905103,864389.8284984265,0.9937327340214611,0.9913356474407519,True,True,False,,False,,True,True,False,,Sheet2,Sheet3,Sheet4,Sheet5,Sheet6
patient_4_exp_1,2023_11_11_CGNs_isolated0911_CSF_5_min0.1.xlsx,4_1..25/2023_11_11_CGNs_isolated0911_CSF_5_min0.1.xlsx,4,ALS,1_25,ROI_063,BL,0.01436265709156194,False,2.926164074494093,20.401315921846603,104.0,111.31764247991408,1,False,True,0.08460779407102625,0.04970444849821317,0.11951113964383933,2.574695909446625,2.4878482820522896,2.66154353684096,21.01833789756065,20.418056856719044,21.618618938402253,0.3137485194507283,0.25285865895479714,0.37463837994665944,100.29581226797804,55.00079483802904,145.59082969792703,0.9995595074460839,0.8913780316104264,True,True,3.3290242943446073,29.205946893058467,404.0,142.19864904624262,1,False,True,0.06660588442716482,0.04064387231161074,0.09256789654271891,3.4623298935906437,3.3240514010550744,3.600608386126213,32.602831412890964,31.319525013732033,33.886137812049896,9.588924792998274e-08,-0.15906444205238646,0.15906463383088232,100.00001353544835,-77842647.50220776,77842847.50223482,0.9972893963877507,0.9999999723049945,True,True,False,,False,,True,True,False,,Sheet2,Sheet3,Sheet4,Sheet5,Sheet6
patient_4_exp_1,2023_11_11_CGNs_isolated0911_CSF_5_min0.1.xlsx,4_1..25/2023_11_11_CGNs_isolated0911_CSF_5_min0.1.xlsx,4,ALS,1_25,ROI_064,BM,0.022740873728306403,False,1.9729674937362367,16.325280875365763,104.0,68.61601053366739,1,False,True,0.12652067904632966,0.09670476256462414,0.15633659552803517,1.8248192965751273,1.7678083733290746,1.88183021982118,17.597578983080776,17.025043657655697,18.170114308505855,0.0001443246543398446,-0.036628548651222705,0.0369171979599024,100.08452698269991,-76219.01056352517,76419.17961749056,0.9987829878130399,0.9999209164212037,True,True,1.7192396031888533,36.17702958899309,406.0,104.36809053608563,1,False,True,0.12579823956292593,0.05979635140601694,0.19180012771983493,1.7133357333508101,1.2090404123108391,2.217631054390781,32.87680037919573,27.598934610606754,38.1546661477847,1.0718150244499514e-06,-0.45448406873836394,0.45448621236841286,100.00003166056916,-41714616.9445975,41714816.94466081,0.9947091734572691,0.9999993744282961,True,True,False,,False,,True,True,False,,Sheet2,Sheet3,Sheet4,Sheet5,Sheet6
patient_4_exp_1,2023_11_11_CGNs_isolated0911_CSF_5_min0.1.xlsx,4_1..25/2023_11_11_CGNs_isolated0911_CSF_5_min0.1.xlsx,4,ALS,1_25,ROI_065,BN,0.03411131059245961,False,1.4481539457457233,15.797712518698845,104.0,51.183440743737236,1,False,True,0.04857846648460347,0.03217866378511984,0.0649782691840871,1.2674552202045506,1.2424168814791379,1.2924935589299633,15.062630609945385,14.692457701472847,15.432803518417924,0.1802966891382242,0.16528169355837183,0.19531168471807656,100.82469285746515,69.59289684885401,132.0564888660763,0.9991825825547093,0.8754643748181467,True,True,3.948488189596149,23.61316434935037,405.0,138.36285243562426,1,False,True,0.06652889878676159,0.05722784946495661,0.07582994810856657,4.142564596192756,4.120376537488307,4.164752654897205,25.28978745711557,25.064035522868082,25.515539391363056,1.0505990044224508e-08,,,100.00000266983133,-198530191.86191392,198530391.86191928,0.9986875328597128,0.9999999974638923,True,True,False,,False,,True,True,False,,Sheet2,Sheet3,Sheet4,Sheet5,Sheet6
patient_4_exp_1,2023_11_11_CGNs_isolated0911_CSF_5_min0.1.xlsx,4_1..25/2023_11_11_CGNs_isolated0911_CSF_5_min0.1.xlsx,4,ALS,1_25,ROI_066,BO,0.0017953321364452424,False,2.1574970477541364,17.3715788669586,104.0,80.03469014562643,1,False,True,3.241019640089649e-07,-0.01911052445107294,0.01911117265500096,1.7060810260058972,1.6807411543962159,1.7314208976155785,14.8601577960721,14.575262872985217,15.145052719158983,0.5170923265550669,0.5029281888126883,0.5312564642974454,105.68585563392094,93.12301649040886,118.24869477743302,0.9995847601836295,0.7674080044368078,True,True,3.7946666609929074,24.2672351834035,407.0,143.54089642836874,1,False,True,0.08598746735636327,0.051236863247564025,0.12073807146516252,3.7377801295311706,3.633080482051489,3.842479777010852,24.6833050023984,24.107526728463355,25.259083276333442,0.066455109905361,-0.013107045182184099,0.14601726499290613,111.64700624220542,-147.83235796047444,371.12637044488525,0.9995888686949601,0.9825312827092143,True,True,False,,False,,True,True,False,,Sheet2,Sheet3,Sheet4,Sheet5,Sheet6
patient_4_exp_1,2023_11_11_CGNs_isolated0911_CSF_5_min0.1.xlsx,4_1..25/2023_11_11_CGNs_isolated0911_CSF_5_min0.1.xlsx,4,ALS,1_25,ROI_067,BP,0.05385996409335727,False,1.7407838588904452,15.972048530028971,104.0,65.13925548733157,1,False,True,0.0920293797364781,0.06046274658353368,0.12359601288942251,1.5031079516974386,1.4461574807038438,1.5600584226910335,16.84743761091396,16.149122456941914,17.545752764886007,0.1328457116117596,0.09677282943370705,0.16891859378981214,100.00006281754855,14.064074863053122,185.93605077204398,0.9980946346674358,0.9187961648357204,True,True,4.3515838397134665,29.18939437309217,409.0,186.69257373820284,1,False,True,0.1164505700279279,0.1060867825998288,0.126814357456027,4.59434228597168,4.5678591836262274,4.620825388317133,26.634209039290585,26.35831170444879,26.91010637413238,1.4176209528515734e-08,,,100.00000236247702,-144071249.498809,144071449.49881372,0.998262975593642,0.9999999969144202,True,True,False,,False,,True,True,False,,Sheet2,Sheet3,Sheet4,Sheet5,Sheet6
patient_4_exp_1,2023_11_11_CGNs_isolated0911_CSF_5_min0.1.xlsx,4_1..25/2023_11_11_CGNs_isolated0911_CSF_5_min0.1.xlsx,4,ALS,1_25,ROI_068,BQ,0.015559545182525433,False,1.8644293838253545,17.016943095837334,104.0,75.63067931646552,1,False,True,0.06973047100355555,0.05013811459628077,0.08932282741083032,1.4795358086305614,1.447488014374534,1.511583602886589,15.64023124494631,15.237395052902036,16.043067436990583,0.330919568025647,0.3112145520944452,0.35062458395684876,100.00001086552071,79.31259906265515,120.68742266838626,0.9992888826209432,0.817217495502798,True,True,3.037495169829075,31.143036876202814,405.0,150.60280708743784,1,False,True,0.12595596227934014,0.09894370095836946,0.15296822360031082,2.985054617879258,2.801654295445759,3.1684549403127567,33.56276857555266,32.17679947517092,34.9487376759344,2.2072170594069078e-07,-0.1782809402744853,0.17828138171789717,100.0000036191112,-64903432.69353632,64903632.69354356,0.9981403042256201,0.9999999260577384,True,True,False,,False,,True,True,False,,Sheet2,Sheet3,Sheet4,Sheet5,Sheet6
patient_4_exp_1,2023_11_11_CGNs_isolated0911_CSF_5_min0.1.xlsx,4_1..25/2023_11_11_CGNs_isolated0911_CSF_5_min0.1.xlsx,4,ALS,1_25,ROI_069,BR,0.08258527827648116,False,0.9224891682405834,17.108866337404436,104.0,49.045739309768784,1,False,True,0.12531587607084702,0.08528111775539281,0.1653506343863012,0.8400656427044351,0.7688289438897381,0.911302341519132,16.681249171265424,15.115339275828681,18.247159066702167,8.727475957992785e-06,-0.04495134095126791,0.0449687959031839,100.00055177035165,-1651145.4137322386,1651345.4148357795,0.9883965551544721,0.9999896110674628,True,True,0.2481200622759039,73.4324201447318,404.0,35.91884501206052,1,False,True,0.0964929953300101,0.06551057271251087,0.12747541794750933,0.14080068509437693,0.03255810160910745,0.24904326857964643,35.011567830007536,18.739722966302633,51.283412693712435,0.018584203820801837,-0.06345896915284306,0.10062737679444674,130.32712257679378,-857.6725098937625,1118.3267550473502,0.9589399287436867,0.8834004657073109,True,True,False,,False,,True,True,False,,Sheet2,Sheet3,Sheet4,Sheet5,Sheet6
patient_4_exp_1,2023_11_11_CGNs_isolated0911_CSF_5_min0.1.xlsx,4_1..25/2023_11_11_CGNs_isolated0911_CSF_5_min0.1.xlsx,4,ALS,1_25,ROI_070,BS,0.997606223818073,True,,,,-60.693951438784964,0,False,False,,,,,,,,,,,,,,,,,,False,False,,,,-78.27691060322934,0,False,False,,,,,,,,,,,,,,,,,,False,False,False,,False,,False,False,True,majority_negative_normalized_trace,Sheet2,Sheet3,Sheet4,Sheet5,Sheet6
patient_4_exp_1,2023_11_11_CGNs_isolated0911_CSF_5_min0.1.xlsx,4_1..25/2023_11_11_CGNs_isolated0911_CSF_5_min0.1.xlsx,4,ALS,1_25,ROI_071,BT,0.14183123877917414,False,0.45974341810693653,23.780437157067055,104.0,16.345732647409143,1,False,True,0.000481245293514284,-0.02526537123558701,0.026227861822615578,0.3827052184196016,0.3149608884542301,0.4504495483849731,23.843182095900087,20.671155331075425,27.015208860724748,0.07029386604690284,0.02286039386147213,0.11772733823233356,105.56801427751904,-52.88351756840456,264.01954612344264,0.9941184954264229,0.8448255891517138,True,True,,,,4.636540802615178,0,False,False,,,,,,,,,,,,,,,,,,False,False,False,,False,,True,False,False,,Sheet2,Sheet3,Sheet4,Sheet5,Sheet6
patient_4_exp_1,2023_11_11_CGNs_isolated0911_CSF_5_min0.1.xlsx,4_1..25/2023_11_11_CGNs_isolated0911_CSF_5_min0.1.xlsx,4,ALS,1_25,ROI_072,BU,0.09934171154997008,False,0.9203751136211962,16.38714105121818,104.0,60.41226630356033,1,False,True,0.19692417199089265,0.1816996612106284,0.21214868277115692,0.7210107790997645,0.7018782984581534,0.7401432597413756,13.927199806370059,13.418828065683705,14.435571547056412,0.003846502718335168,-0.006880191451595646,0.014573196888265982,104.92875606269443,-1207.8520165857508,1417.7095287111397,0.9971847154107308,0.9946934343976136,True,True,1.9329746527623342,29.619088205728474,407.0,88.89433644702045,1,False,True,0.0001622728342964306,-0.10194171787390881,0.10226626354250166,1.8055706420521263,1.671420211759509,1.9397210723447436,31.034917347075808,29.20855784790241,32.86127684624921,0.17452294581334635,0.11924101008910928,0.2298048815375834,167.77247748024345,-130.4100672314013,465.95502219188825,0.9983217200314645,0.9118612640923296,True,True,False,,False,,True,True,False,,Sheet2,Sheet3,Sheet4,Sheet5,Sheet6
patient_4_exp_1,2023_11_11_CGNs_isolated0911_CSF_5_min0.1.xlsx,4_1..25/2023_11_11_CGNs_isolated0911_CSF_5_min0.1.xlsx,4,ALS,1_25,ROI_073,BV,0.29323758228605623,False,0.751691632227243,16.207823091535204,104.0,33.81922624779766,1,False,True,8.874830326768791e-09,,,0.5189536573595301,0.5123050752749132,0.5256022394441471,11.83932039448885,11.52683763403001,12.15180315494769,0.2420446521884441,0.23616463973072374,0.24792466464616444,127.54518578065705,123.31922674129449,131.77114482001963,0.9979749861584484,0.681937989675409,True,True,0.2803883638499534,21.881584697648464,406.0,7.141680610596322,1,False,True,0.0003901126622097433,-0.01042728145366518,0.011207506778084667,0.2850452767608141,0.24178346870136086,0.3283070848202673,23.93402499756121,21.008599981323222,26.859450013799197,0.0016219639679532528,-0.034219734480045394,0.03746366241595189,100.15264424668013,-3312.4995119859095,3512.80480047927,0.9893176637869813,0.9943419974886913,True,True,False,,False,,True,True,False,,Sheet2,Sheet3,Sheet4,Sheet5,Sheet6
patient_4_exp_1,2023_11_11_CGNs_isolated0911_CSF_5_min0.1.xlsx,4_1..25/2023_11_11_CGNs_isolated0911_CSF_5_min0.1.xlsx,4,ALS,1_25,ROI_074,BW,0.12746858168761221,False,1.0153229008702778,13.405038316436347,104.0,36.27909629560164,1,False,True,0.021222673861137298,0.01431218766364946,0.028133160058625137,0.7829844603301875,0.7752922632377646,0.7906766574226105,11.087981729700017,10.906704240073886,11.269259219326148,0.21656480576209802,0.2120329093772128,0.22109670214698324,101.36893418968492,91.57616980663893,111.16169857273091,0.9994678231326775,0.7833375371193527,True,True,0.32246707693766563,29.970924638398856,404.0,13.96354958984422,1,False,True,0.0006197783913859196,-0.018119986748583863,0.0193595435313557,0.31175476855411705,0.06005632906153752,0.5634532080466965,40.829003030424964,27.390431158350705,54.26757490249922,0.00016486630062486919,-0.23588687347351484,0.23621660607476458,100.03815476584798,-100672.27298150623,100872.34929103793,0.9936639926807488,0.9994714462245968,True,True,False,,False,,True,True,False,,Sheet2,Sheet3,Sheet4,Sheet5,Sheet6
patient_4_exp_1,2023_11_11_CGNs_isolated0911_CSF_5_min0.1.xlsx,4_1..25/2023_11_11_CGNs_isolated0911_CSF_5_min0.1.xlsx,4,ALS,1_25,ROI_075,BX,0.15020945541591862,False,0.667724273901832,18.97660407110027,104.0,27.080683068161505,1,False,True,0.0007464979553184544,-0.01010335415379004,0.01159635006442695,0.4519089011829581,0.43196663370458516,0.4718511686613311,17.090592374690672,16.278725548068472,17.902459201312872,0.1964038464032552,0.18370047750275864,0.20910721530375176,100.03764710766397,79.92129487580247,120.15399933952547,0.998602410603699,0.6970538569008513,True,True,0.13636507041976895,56.52038615084189,414.0,10.406761990241915,1,False,True,0.006125118567725712,-0.023166941034466787,0.03541717816991821,0.14262699059132158,-0.38665561434212037,0.6719095955247635,44.953486070848044,-14.675699942479675,104.58267208417575,0.00035366935999629973,-0.5038471924368065,0.504554531156799,100.14456248545382,-85170.72367430305,85371.01279927396,0.9477535709338247,0.9975264531572541,True,True,False,,False,,True,True,False,,Sheet2,Sheet3,Sheet4,Sheet5,Sheet6
patient_4_exp_1,2023_11_11_CGNs_isolated0911_CSF_5_min0.1.xlsx,4_1..25/2023_11_11_CGNs_isolated0911_CSF_5_min0.1.xlsx,4,ALS,1_25,ROI_076,BY,0.12327947336923997,False,0.9773938082983444,11.704835664401685,104.0,28.497198772890158,1,False,True,9.734357872979364e-07,-0.013272990919426754,0.01327493779100135,0.732311487014606,0.7177635696865751,0.746859404342637,10.330631668253874,9.972860616797973,10.688402719709774,0.21085342329744314,0.20213450226450072,0.21957234433038555,100.00001430013849,81.09901170838148,118.9010168918955,0.997443585181282,0.7764405556312717,True,True,,,,5.423794685823903,0,False,False,,,,,,,,,,,,,,,,,,False,False,False,,False,,True,False,False,,Sheet2,Sheet3,Sheet4,Sheet5,Sheet6
patient_4_exp_1,2023_11_11_CGNs_isolated0911_CSF_5_min0.1.xlsx,4_1..25/2023_11_11_CGNs_isolated0911_CSF_5_min0.1.xlsx,4,ALS,1_25,ROI_077,BZ,0.24296828246558946,False,0.5793025972109709,15.972091007644622,104.0,15.396398185862044,1,False,True,1.1766284768719546e-07,-0.0051593245529762514,0.005159559878671626,0.5058178848669251,0.4929113558925749,0.5187244138412754,22.42127935916533,21.47590902461777,23.366649693712887,0.03692875056953693,0.01812683872310942,0.05573066241596444,100.00000000000118,,,0.9952399814643463,0.9319595034617951,True,True,0.3012567763927574,78.27371786109893,417.0,36.705000105292065,1,False,True,0.04414242768157629,-0.021725915336423124,0.11001077069957571,0.2934297112044111,-8.91444267592551,9.501302098334332,68.52609996257362,-293.4251495360569,430.4773494612041,2.377981961461447e-06,-9.148914376484452,9.148919132448373,100.00003998552417,-87261281.81464022,87261481.81472018,0.9725258903549602,0.9999918959716776,True,True,False,,False,,True,True,False,,Sheet2,Sheet3,Sheet4,Sheet5,Sheet6
patient_4_exp_1,2023_11_11_CGNs_isolated0911_CSF_5_min0.1.xlsx,4_1..25/2023_11_11_CGNs_isolated0911_CSF_5_min0.1.xlsx,4,ALS,1_25,ROI_078,CA,0.059245960502693,False,0.7106048758737503,19.843662807777704,104.0,27.691987684170584,1,False,True,9.40157337308747e-05,-0.015035270725728807,0.015223302193190555,0.5310305596422068,0.5018794922868904,0.5601816269975232,17.66625493971437,16.661403880522133,18.671105998906608,0.19308591361010155,0.17422909714012952,0.21194273008007358,100.00925347107038,71.00205277462507,129.0164541675157,0.9979904703006686,0.7333496464417217,True,True,0.38631263132419824,75.98716938419898,417.0,50.24954454477994,1,False,True,0.08220127673816258,0.07619480069826641,0.08820775277805874,0.3608744925445571,0.35282775338452216,0.36892123170459207,58.33314431756906,54.85823827900421,61.808050356133904,5.860525086562611e-10,,,101.30594970134466,-337407195.312458,337407397.92435735,0.9631183608227152,0.9999999983760213,True,True,False,,False,,True,True,False,,Sheet2,Sheet3,Sheet4,Sheet5,Sheet6
patient_4_exp_1,2023_11_11_CGNs_isolated0911_CSF_5_min0.1.xlsx,4_1..25/2023_11_11_CGNs_isolated0911_CSF_5_min0.1.xlsx,4,ALS,1_25,ROI_079,CB,0.04129263913824058,False,1.2212468726056094,15.962598390218261,104.0,51.82768206263523,1,False,True,0.0009487384051433929,-0.025163475747898813,0.027060952558185598,0.8729268306072258,0.8561951738256643,0.8896584873887872,12.908496211235514,12.5090859547034,13.307906467767628,0.33387101274410547,0.3201075904559692,0.34763443503224173,133.8382043806642,108.1025784911997,159.5738302701287,0.9984260080193683,0.7233413909516685,True,True,1.4308298659290126,49.998731636289506,410.0,103.62678522290778,1,False,True,0.07750047907992336,-0.04032538885073733,0.19532634701058404,1.4926660480313407,-1.047829988249566,4.033162084312248,47.207950206974594,20.464007037093218,73.95189337685596,2.1736242448068413e-05,-2.4385381171440668,2.438581589628963,100.00027640181804,-6105331.74364834,6105531.744201143,0.9930068011485232,0.9999854381856158,True,True,False,,False,,True,True,False,,Sheet2,Sheet3,Sheet4,Sheet5,Sheet6
patient_4_exp_1,2023_11_11_CGNs_isolated0911_CSF_5_min0.1.xlsx,4_1..25/2023_11_11_CGNs_isolated0911_CSF_5_min0.1.xlsx,4,ALS,1_25,ROI_080,CC,0.017953321364452424,False,1.3831428134911767,15.560152982655907,104.0,67.16720034576718,1,False,True,0.12199536864389436,0.10740506464320679,0.13658567264458193,1.041831659190896,1.0233335440272098,1.0603297743545823,12.659026265921858,12.325878454326444,12.992174077517271,0.22829813328742718,0.21750843175577866,0.2390878348190757,100.65097068253499,80.14613692821045,121.15580443685953,0.9988083974584501,0.8202560599401707,True,True,0.38189144873799385,76.462365690083,417.0,61.990974780433255,1,False,True,0.1672725420741464,0.1266611531020275,0.20788393104626532,0.22362515740769887,-0.17170304661612548,0.6189533614315232,39.33977082951293,8.083850748437346,70.59569091058852,0.003438852887022936,-0.35786419917623574,0.36474190495028164,105.49319950706892,-9216.17355872931,9427.159957743448,0.9498251596643401,0.9848551389427174,True,True,False,,False,,True,True,False,,Sheet2,Sheet3,Sheet4,Sheet5,Sheet6
patient_4_exp_1,2023_11_11_CGNs_isolated0911_CSF_5_min0.1.xlsx,4_1..25/2023_11_11_CGNs_isolated0911_CSF_5_min0.1.xlsx,4,ALS,1_25,ROI_081,CD,0.022142429682824656,False,0.9814152812900513,22.1631238478774,104.0,62.52129996560638,1,False,True,0.14005754010159552,0.11933647250820006,0.16077860769499097,0.7227083882205669,0.6814227245015206,0.7639940519396132,18.08098931413698,17.03914097986877,19.122837648405188,0.1354260046393579,0.10842631367537629,0.16242569560333947,100.00037393626941,42.68069826970098,157.32004960283786,0.9974341284977389,0.8421855530250683,True,True,1.318013404800383,44.230819923125125,415.0,102.45414051900048,1,False,True,0.15782048293450035,0.13658424973034755,0.17905671613865315,1.3152813603995972,1.1940317515734846,1.4365309692257098,31.68076075269013,28.81950962155803,34.542011883822234,7.025464385646793e-08,-0.13594173556410738,0.13594187607339508,100.00000459831482,-111725302.62561764,111725502.62562685,0.987898701160794,0.9999999465858468,True,True,False,,False,,True,True,False,,Sheet2,Sheet3,Sheet4,Sheet5,Sheet6
patient_4_exp_1,2023_11_11_CGNs_isolated0911_CSF_5_min0.1.xlsx,4_1..25/2023_11_11_CGNs_isolated0911_CSF_5_min0.1.xlsx,4,ALS,1_25,ROI_082,CE,0.05745062836624776,False,1.435310195260941,19.74532892810595,104.0,67.8323918990597,1,False,True,0.0462969902592521,0.02525435947570093,0.06733962104280328,0.9719871424894431,0.9355451009143355,1.0084291840645505,16.343416023771038,15.649638910567054,17.037193136975024,0.39966254515127786,0.37687251511097764,0.4224525751915781,100.00215307505123,81.23255600102414,118.77175014907831,0.9987019172158456,0.7086263724969678,True,True,0.2283661933181894,250.31274234202112,407.0,43.53861162025346,1,False,True,0.12406786457118703,0.07641709384596485,0.1717186352964092,0.10772837529140235,-1.1815178809565592,1.396974631539364,51.76417879711018,-132.9635985056194,236.49195609983977,0.0062095135652202775,-1.2407731316688426,1.2531921587992831,102.40630317027724,-9799.000578283936,10003.81318462449,0.8798578656248064,0.945500889760787,True,True,False,,False,,True,True,False,,Sheet2,Sheet3,Sheet4,Sheet5,Sheet6
patient_4_exp_1,2023_11_11_CGNs_isolated0911_CSF_5_min0.1.xlsx,4_1..25/2023_11_11_CGNs_isolated0911_CSF_5_min0.1.xlsx,4,ALS,1_25,ROI_083,CF,0.1059245960502693,False,1.1063851757271674,14.37025484009483,104.0,32.395796239077995,1,False,True,0.0015660920056440126,-0.01645948487572817,0.019591668887016193,0.9066849941201374,0.879280171882447,0.9340898163578277,14.741082919212609,14.176081108024311,15.306084730400906,0.17099485139490217,0.15447161798749448,0.18751808480230986,100.00465795670299,64.10309455824253,135.90622135516344,0.9980851429287367,0.8413305657459139,True,True,0.25133655377554104,57.771319261342626,407.0,14.756328349939444,1,False,True,5.792902312231105e-07,-0.07135641413075107,0.07135757271121353,0.2547288587051477,-2.2452030471592774,2.7546607645695733,53.38557160906607,-91.16545968104953,197.93660289918165,1.1075974384968285e-06,-2.4367878603738538,2.436790075568731,100.00005274725181,-93746020.70112847,93746220.70123397,0.9416141972622898,0.999995651876163,True,True,False,,False,,True,True,False,,Sheet2,Sheet3,Sheet4,Sheet5,Sheet6
patient_4_exp_1,2023_11_11_CGNs_isolated0911_CSF_5_min0.1.xlsx,4_1..25/2023_11_11_CGNs_isolated0911_CSF_5_min0.1.xlsx,4,ALS,1_25,ROI_084,CG,0.19329742669060443,False,1.0130003609099205,15.836206608742529,104.0,33.2282468541543,1,False,True,6.2055408292711114e-09,,,0.7170942289076412,0.7050317515277233,0.729156706287559,16.608115863568827,16.022634440778475,17.19359728635918,0.22456760900097616,0.21613420235939532,0.233001015642557,100.00000000000003,,,0.9940139153736947,0.7615199002863604,True,True,0.25867759739763246,59.014857881097896,417.0,20.198388881470148,1,False,True,7.790950846758876e-05,-0.049009468759950214,0.04916528777688539,0.26495178740540987,-3.399291824197061,3.9291953990078805,62.10509319835278,-118.12793973815755,242.33812613486313,0.0009149174954190095,-3.618581242978818,3.620411077969656,100.04968058960591,-118733.01423000576,118933.11359118499,0.9846666230481051,0.9965587360938623,True,True,False,,False,,True,True,False,,Sheet2,Sheet3,Sheet4,Sheet5,Sheet6
patient_4_exp_1,2023_11_11_CGNs_isolated0911_CSF_5_min0.1.xlsx,4_1..25/2023_11_11_CGNs_isolated0911_CSF_5_min0.1.xlsx,4,ALS,1_25,ROI_085,CH,0.11071214841412327,False,1.0279984323044813,25.232726901206092,104.0,55.37586153855952,1,False,True,5.645099197044411e-10,,,0.5166289592968147,0.5049724758692447,0.5282854427243848,15.264920668705697,14.681940091554718,15.847901245856676,0.5025237532716814,0.49015323376757475,0.514894272775788,100.00000161569332,97.53235468100557,102.46764855038107,0.9987345378462336,0.5069200649967289,True,True,0.4100660185009567,43.94825073301001,409.0,21.548979940513146,1,False,True,1.0545120909191935e-05,-0.03506122686895826,0.03508231711077665,0.4509598166812416,-0.059546454220383904,0.9614660875828671,41.907140884839094,23.236478053350574,60.577803716327615,6.5427294997737185e-06,-0.4810293942640107,0.4810424797230103,100.00056759646273,-4944933.282799565,4945133.283934758,0.9904611513637792,0.9999854917570606,True,True,False,,False,,True,True,False,,Sheet2,Sheet3,Sheet4,Sheet5,Sheet6
patient_4_exp_1,2023_11_11_CGNs_isolated0911_CSF_5_min0.1.xlsx,4_1..25/2023_11_11_CGNs_isolated0911_CSF_5_min0.1.xlsx,4,ALS,1_25,ROI_086,CI,0.0353081986834231,False,1.7011433139140972,17.821153535252833,104.0,73.00845338079841,1,False,True,0.02259212509186601,-0.003381886151629279,0.0485661363353613,1.2175597045705913,1.1595386039683424,1.2755808051728401,18.765931944227265,17.070495331277833,20.461368557176698,0.42279999494844894,0.33856879851778166,0.5070311913791162,100.00000000001602,,,0.981108983905018,0.7422516567113814,True,True,3.3386632505584464,26.15101333354403,407.0,140.27110768618,1,False,True,0.12491665144206614,0.106503807384425,0.14332949549970728,3.36009755075086,3.294983912848303,3.4252111886534173,25.361781016890152,24.717721198257102,26.005840835523202,7.257352058139032e-08,-0.07689733090692571,0.07689747605396688,100.00000672510882,-75607747.91163062,75607947.91164406,0.9980041143611511,0.9999999784013655,True,True,False,,False,,True,True,False,,Sheet2,Sheet3,Sheet4,Sheet5,Sheet6
patient_4_exp_1,2023_11_11_CGNs_isolated0911_CSF_5_min0.1.xlsx,4_1..25/2023_11_11_CGNs_isolated0911_CSF_5_min0.1.xlsx,4,ALS,1_25,ROI_087,CJ,0.20646319569120286,False,0.9950981948894606,20.49621336532624,104.0,42.660476179066244,1,False,True,5.722859428207634e-05,-0.015376814714087198,0.01549127190265135,0.6547005077959158,0.6275564656724593,0.6818445499193724,16.533060945554887,15.766987317903338,17.299134573206437,0.33014705791238835,0.3130907660274026,0.3472033497973741,100.00127735995207,83.24527210373061,116.75728261617353,0.9986920773110547,0.664773443720759,True,True,0.25380895412782767,26.221581330881975,405.0,9.93108687516445,1,False,True,0.003534202666160882,-0.01638949619303133,0.02345790152535309,0.25299498763410744,0.1344578414837402,0.3715321337844747,29.37178839999901,20.787841574819332,37.955735225178685,5.293751372601867e-05,-0.10358984995557882,0.10369572498303087,100.04542513432058,-227790.81733367514,227990.9081839438,0.9723721086208593,0.9997908004434531,True,True,False,,False,,True,True,False,,Sheet2,Sheet3,Sheet4,Sheet5,Sheet6
patient_4_exp_1,2023_11_11_CGNs_isolated0911_CSF_5_min0.1.xlsx,4_1..25/2023_11_11_CGNs_isolated0911_CSF_5_min0.1.xlsx,4,ALS,1_25,ROI_088,CK,0.13824057450628366,False,0.6688005772314883,14.08383086292686,104.0,21.8219181549402,1,False,True,0.004612100137180176,-0.005073807482563187,0.01429800775692354,0.5149495648797343,0.5023940391435202,0.5275050906159484,12.912032882429427,12.45424854617554,13.369817218683314,0.13779509597210404,0.1304573562887612,0.14513283565544688,100.541232328331,77.82496495118433,123.25749970547768,0.9980833456508847,0.7888989305676127,True,True,0.3466252432159681,56.702492537295484,441.0,19.38135586442193,1,False,True,0.003907452781693058,-0.0068728498959606515,0.014687755459346767,0.37325505511057316,0.340865102010555,0.40564500821059135,20.111049275202678,18.37520516638492,21.846893384020436,7.339933210155733e-05,-0.025490135926952144,0.025636934591155257,100.10758181394354,-66897.93560625415,67098.15076988205,0.990470482505172,0.9998033920767944,True,True,False,,False,,True,True,False,,Sheet2,Sheet3,Sheet4,Sheet5,Sheet6
patient_4_exp_1,2023_11_11_CGNs_isolated0911_CSF_5_min0.1.xlsx,4_1..25/2023_11_11_CGNs_isolated0911_CSF_5_min0.1.xlsx,4,ALS,1_25,ROI_089,CL,0.014961101137043686,False,2.180579556776882,19.31044116559589,104.0,106.73822316610955,1,False,True,0.14377402944914733,0.12425087518185822,0.16329718371643642,1.6693229719930247,1.6348335733627146,1.7038123706233348,16.63045291373245,16.24874380304491,17.012162024419993,0.41594079030915754,0.3942568989480101,0.437624681670305,100.12511838523467,83.25862602858531,116.99161074188403,0.9995349656928709,0.8005332477221258,True,True,5.82451411193968,29.263521057192747,407.0,265.92770729690875,1,False,True,0.21823656347870302,0.17736892862985743,0.2591041983275486,6.066628247930665,5.905952492528317,6.227304003333013,27.798372519724865,26.894993849917782,28.701751189531947,9.600705286211286e-08,-0.19301128434209208,0.1930114763561978,100.00000412306291,-102834901.21094362,102835101.21095188,0.9970464010561606,0.9999999841745616,True,True,False,,False,,True,True,False,,Sheet2,Sheet3,Sheet4,Sheet5,Sheet6
patient_4_exp_1,2023_11_11_CGNs_isolated0911_CSF_5_min0.1.xlsx,4_1..25/2023_11_11_CGNs_isolated0911_CSF_5_min0.1.xlsx,4,ALS,1_25,ROI_090,CM,0.013165769000598444,False,2.3579181460769125,21.425771516938596,104.0,104.41926988570349,1,False,True,0.05207500116436673,0.029825189552283946,0.07432481277644952,1.7897555268714658,1.743348711273953,1.8361623424689786,18.94664043198232,18.47529388051248,19.41798698345216,0.5646622212741708,0.5339915210080688,0.5953329215402727,100.80763383150281,85.70779219030739,115.90747547269824,0.9996544794924774,0.7601690601768082,True,True,1.5930162014894187,44.782320677185965,414.0,112.21536147857225,1,False,True,0.13801255136938467,0.08307202321563388,0.19295307952313545,1.5725823349747166,1.1069190410442955,2.0382456289051376,34.161472769519946,28.8836626105419,39.43928292849799,1.1156524972536755e-06,-0.42338646373542815,0.4233886950404227,100.000205556444,-35001209.5101668,35001409.51057791,0.995915501249851,0.9999992905607032,True,True,False,,False,,True,True,False,,Sheet2,Sheet3,Sheet4,Sheet5,Sheet6
patient_4_exp_1,2023_11_11_CGNs_isolated0911_CSF_5_min0.1.xlsx,4_1..25/2023_11_11_CGNs_isolated0911_CSF_5_min0.1.xlsx,4,ALS,1_25,ROI_091,CN,1.0,True,,,,-85.82726096740986,0,False,False,,,,,,,,,,,,,,,,,,False,False,,,,-45.52585494445398,0,False,False,,,,,,,,,,,,,,,,,,False,False,False,,False,,False,False,True,majority_negative_normalized_trace,Sheet2,Sheet3,Sheet4,Sheet5,Sheet6
patient_4_exp_1,2023_11_11_CGNs_isolated0911_CSF_5_min0.1.xlsx,4_1..25/2023_11_11_CGNs_isolated0911_CSF_5_min0.1.xlsx,4,ALS,1_25,ROI_092,CO,1.0,True,,,,-103.28185367783146,0,False,False,,,,,,,,,,,,,,,,,,False,False,,,,-151.29876248647452,0,False,False,,,,,,,,,,,,,,,,,,False,False,False,,False,,False,False,True,majority_negative_normalized_trace,Sheet2,Sheet3,Sheet4,Sheet5,Sheet6
patient_4_exp_1,2023_11_11_CGNs_isolated0911_CSF_5_min0.1.xlsx,4_1..25/2023_11_11_CGNs_isolated0911_CSF_5_min0.1.xlsx,4,ALS,1_25,ROI_093,CP,1.0,True,,,,-88.36265154701228,0,False,False,,,,,,,,,,,,,,,,,,False,False,,,,-150.53487593490257,0,False,False,,,,,,,,,,,,,,,,,,False,False,False,,False,,False,False,True,majority_negative_normalized_trace,Sheet2,Sheet3,Sheet4,Sheet5,Sheet6
patient_4_exp_1,2023_11_11_CGNs_isolated0911_CSF_5_min0.1.xlsx,4_1..25/2023_11_11_CGNs_isolated0911_CSF_5_min0.1.xlsx,4,ALS,1_25,ROI_094,CQ,0.15140634350688212,False,0.8210718782268808,16.305845612406046,104.0,24.64341064798126,1,False,True,1.3488836001330381e-08,,,0.6730096680783405,0.6641483612721907,0.6818709748844903,18.59137334682873,18.07228808493398,19.110458608723476,0.12538863456404717,0.11848920646945109,0.13228806265864326,100.00000000000011,,,0.9956880013600882,0.8429497731281999,True,True,,,,13.28576062297662,0,False,False,,,,,,,,,,,,,,,,,,False,False,False,,False,,True,False,False,,Sheet2,Sheet3,Sheet4,Sheet5,Sheet6
patient_4_exp_1,2023_11_11_CGNs_isolated0911_CSF_5_min0.1.xlsx,4_1..25/2023_11_11_CGNs_isolated0911_CSF_5_min0.1.xlsx,4,ALS,1_25,ROI_095,CR,0.997606223818073,True,,,,-53.460445859903146,0,False,False,,,,,,,,,,,,,,,,,,False,False,,,,-95.97335897416117,0,False,False,,,,,,,,,,,,,,,,,,False,False,False,,False,,False,False,True,majority_negative_normalized_trace,Sheet2,Sheet3,Sheet4,Sheet5,Sheet6
patient_4_exp_1,2023_11_11_CGNs_isolated0911_CSF_5_min0.1.xlsx,4_1..25/2023_11_11_CGNs_isolated0911_CSF_5_min0.1.xlsx,4,ALS,1_25,ROI_096,CS,0.11190903650508677,False,0.8113826155318744,22.223836705844136,104.0,31.41932419477795,1,False,True,0.00017763644428501384,-0.015869068975987048,0.016224341864557075,0.6390315452441472,0.5919061453755207,0.6861569451127737,23.07437412938858,21.78693431418852,24.36181394458864,0.16689187197556354,0.1321724305356932,0.2016113134154339,100.00193714426548,58.40945533549352,141.59441895303746,0.99903963917251,0.7929184480687878,True,True,0.45450820979266837,50.29697893988401,415.0,38.02116903639202,1,False,True,0.0548031527809143,0.02868120543512566,0.08092510012670294,0.4312932528215431,0.13374267734841533,0.728843828294671,38.51609644796733,26.808967307892324,50.22322558804233,0.00011497316182909698,-0.2759916883702319,0.27622163469389016,100.01414473855932,-185714.41405823585,185914.44234771296,0.9922938644186197,0.999733493348285,True,True,False,,False,,True,True,False,,Sheet2,Sheet3,Sheet4,Sheet5,Sheet6
patient_4_exp_1,2023_11_11_CGNs_isolated0911_CSF_5_min0.1.xlsx,4_1..25/2023_11_11_CGNs_isolated0911_CSF_5_min0.1.xlsx,4,ALS,1_25,ROI_097,CT,0.14183123877917414,False,1.0358112830758441,18.05126123512025,104.0,40.9828375866743,1,False,True,7.918750862044306e-05,-0.013642297817560777,0.013800672834801662,0.7223879702434792,0.7020192615060505,0.7427566789809079,14.445928459492238,13.918206715512214,14.973650203472262,0.31335611086248666,0.3011442632819752,0.32556795844299813,100.00492957617482,85.21671736004959,114.79314179230005,0.9987646874414272,0.6974579757888787,True,True,0.19630307109109377,73.5503200407623,411.0,18.645027134846384,1,False,True,0.0071536321368172616,-0.02972756005162699,0.04403482432526151,0.1983554548965268,-13.284548628972235,13.681259538765289,80.47284409790774,-535.5946887399682,696.5403769357836,6.56533230611496e-07,-13.463923395040428,13.463924708106891,102.33288035251397,-280242762.9401875,280242967.60594827,0.9283862790752664,0.9999966901285476,True,True,False,,False,,True,True,False,,Sheet2,Sheet3,Sheet4,Sheet5,Sheet6
patient_4_exp_1,2023_11_11_CGNs_isolated0911_CSF_5_min0.1.xlsx,4_1..25/2023_11_11_CGNs_isolated0911_CSF_5_min0.1.xlsx,4,ALS,1_25,ROI_098,CU,0.9994015559545183,True,,,,-70.09728341300296,0,False,False,,,,,,,,,,,,,,,,,,False,False,,,,-91.09187620054095,0,False,False,,,,,,,,,,,,,,,,,,False,False,False,,False,,False,False,True,majority_negative_normalized_trace,Sheet2,Sheet3,Sheet4,Sheet5,Sheet6
patient_4_exp_1,2023_11_11_CGNs_isolated0911_CSF_5_min0.1.xlsx,4_1..25/2023_11_11_CGNs_isolated0911_CSF_5_min0.1.xlsx,4,ALS,1_25,ROI_099,CV,0.04608019150209455,False,0.6095936255452112,15.632842591703849,104.0,31.545364123536665,1,False,True,0.06056410221786407,0.0508540674635533,0.07027413697217483,0.44766219537103685,0.43586018919597114,0.45946420154610257,11.877071643543873,11.386899355201823,12.367243931885923,0.10662679965963112,0.09969939778497003,0.11355420153429222,100.00004774910123,71.4201331780639,128.57996232013855,0.9968295326695332,0.807633201063767,True,True,2.362912142564351,22.80920486743628,407.0,89.32198239095305,1,False,True,0.00023679195568813519,-0.4173851573922748,0.4178587413036511,2.3389710047792316,2.304297807707699,2.373644201850764,21.683450046953737,21.20380100974798,22.163099084159494,0.13246057537123201,-0.25017734778606937,0.5150984985285334,435.9132966471446,-1577.5603999049179,2449.386993199207,0.9987872782542772,0.9464033006476482,True,True,False,,False,,True,True,False,,Sheet2,Sheet3,Sheet4,Sheet5,Sheet6
patient_4_exp_1,2023_11_11_CGNs_isolated0911_CSF_5_min0.1.xlsx,4_1..25/2023_11_11_CGNs_isolated0911_CSF_5_min0.1.xlsx,4,ALS,1_25,ROI_100,CW,0.09156193895870736,False,1.2659077314897902,19.27445475627711,104.0,55.49377955164849,1,False,True,2.0230665147408396e-08,-0.05923490106923067,0.05923494153056097,1.0117102736802484,0.984291881519395,1.0391286658411016,16.67461905622338,16.057597013696775,17.291641098749988,0.28545470535573464,0.25086609865187903,0.32004331205959025,168.01176124079007,91.49938705572781,244.5241354258523,0.9981610143160703,0.7799395528178099,True,True,1.101989545382883,36.74118519929016,411.0,67.77383134873682,1,False,True,0.07675363857959054,0.05123284240988326,0.10227443474929782,1.0457491559977798,0.8290006105578406,1.262497701437719,34.371445016137585,30.73193583477126,38.01095419750391,7.301100320630523e-05,-0.19647214284689565,0.19661816485330827,100.00350317828591,-248555.14784601747,248755.15485237402,0.998239959558416,0.9999301879368118,True,True,False,,False,,True,True,False,,Sheet2,Sheet3,Sheet4,Sheet5,Sheet6
patient_4_exp_1,2023_11_11_CGNs_isolated0911_CSF_5_min0.1.xlsx,4_1..25/2023_11_11_CGNs_isolated0911_CSF_5_min0.1.xlsx,4,ALS,1_25,ROI_101,CX,1.0,True,,,,-95.90557654496943,0,False,False,,,,,,,,,,,,,,,,,,False,False,,,,-139.0763436864783,0,False,False,,,,,,,,,,,,,,,,,,False,False,False,,False,,False,False,True,majority_negative_normalized_trace,Sheet2,Sheet3,Sheet4,Sheet5,Sheet6
patient_4_exp_1,2023_11_11_CGNs_isolated0911_CSF_5_min0.1.xlsx,4_1..25/2023_11_11_CGNs_isolated0911_CSF_5_min0.1.xlsx,4,ALS,1_25,ROI_102,CY,0.0047875523638539795,False,0.9789253784195432,18.972573552775884,104.0,57.84218293622768,1,False,True,0.09987370116331117,0.08096118486053971,0.11878621746608262,0.6842272001007553,0.6665432752032872,0.7019111249982235,13.212973612108637,12.698983739181081,13.726963485036194,0.2175485095843356,0.2076314334769305,0.22746558569174072,115.51883518138254,87.19248207989212,143.84518828287295,0.9976851352422756,0.758755411963463,True,True,1.8790546432079032,60.00489309919175,427.0,168.54548160018422,1,False,True,0.19368687031754997,0.10961880335119345,0.2777549372839065,1.9250458806308979,0.9190547849037394,2.9310369763580564,40.408025390692565,31.611815727492726,49.204235053892404,6.07338765938576e-07,-0.9408752929299603,0.9408765076074922,100.0000092116816,-110970984.77878109,110971184.7787995,0.9899340392887379,0.9999996845069614,True,True,False,,False,,True,True,False,,Sheet2,Sheet3,Sheet4,Sheet5,Sheet6
patient_4_exp_1,2023_11_11_CGNs_isolated0911_CSF_5_min0.1.xlsx,4_1..25/2023_11_11_CGNs_isolated0911_CSF_5_min0.1.xlsx,4,ALS,1_25,ROI_103,CZ,0.16217833632555356,False,0.8195453856840773,20.648887320180933,104.0,30.44957975947222,1,False,True,0.0021646873507468987,-0.020608173053289623,0.02493754775478342,0.6541214086840985,0.589170964791653,0.719071852576544,22.705710117800198,20.966483354873446,24.44493688072695,0.1471707328303725,0.09971542419092896,0.19462604146981602,100.04660428002677,33.83636961407528,166.25683894597825,0.9979655689971808,0.8163332382716065,True,True,0.598251694288607,60.87824937340832,427.0,57.18058678586827,1,False,True,0.07860065510063595,0.033199449582232726,0.12400186061903917,0.5869174096796006,0.05591671614068838,1.1179181032185128,39.62429001928807,24.232203162344717,55.01637687623142,0.0028711638948885143,-0.4904130320874929,0.4961553598772699,101.29898645090252,-13122.172469151446,13324.77044205325,0.989093252488125,0.9951318760255264,True,True,False,,False,,True,True,False,,Sheet2,Sheet3,Sheet4,Sheet5,Sheet6
patient_4_exp_1,2023_11_11_CGNs_isolated0911_CSF_5_min0.1.xlsx,4_1..25/2023_11_11_CGNs_isolated0911_CSF_5_min0.1.xlsx,4,ALS,1_25,ROI_104,DA,0.054458408138839016,False,0.9832953943262879,15.833437963985403,104.0,53.037197564534026,1,False,True,0.1053295299654945,0.08996291446826028,0.12069614546272871,0.6862978995514957,0.6675019759300913,0.7050938231729,11.963720129117487,11.454021976818831,12.473418281416143,0.17999465911048,0.16896585649376497,0.191023461727195,100.00013116685517,73.14042230458828,126.85984002912205,0.9967964718169768,0.792224165715461,True,True,0.48271638674871314,63.315094446579565,407.0,61.453386586665076,1,False,True,0.1352905473535179,0.08327480578393096,0.18730628892310483,0.3725227787317115,-0.9071690732562661,1.6522146307196892,49.085759568714614,-3.9957789813439533,102.16729811877318,0.0021992379611501705,-1.232041667675156,1.2364401435974564,100.21490966410366,-28475.622462893196,28676.052282221404,0.9812461482768056,0.9941310148238427,True,True,False,,False,,True,True,False,,Sheet2,Sheet3,Sheet4,Sheet5,Sheet6
patient_4_exp_1,2023_11_11_CGNs_isolated0911_CSF_5_min0.1.xlsx,4_1..25/2023_11_11_CGNs_isolated0911_CSF_5_min0.1.xlsx,4,ALS,1_25,ROI_105,DB,0.02752842609216038,False,1.2716131662245955,15.001786739752674,104.0,56.973987399318894,1,False,True,0.07368653642518976,0.05278046411660236,0.09459260873377714,0.9033210481008491,0.8768174500695032,0.9298246461321951,12.443362089916615,11.89505839547342,12.99166578435981,0.2601275961881672,0.2445819418203327,0.2756732505560018,100.00002430236822,74.36564046099532,125.63440814374111,0.9969427144205931,0.7764167782866503,True,True,1.2256948540454002,35.1489482161918,407.0,67.78583591324931,1,False,True,0.0540264975447257,0.004023784333855758,0.10402921075559565,1.2924210757363486,0.8779677794664079,1.7068743720062893,34.079415758289926,28.446348285054455,39.7124832315254,1.295425490061079e-06,-0.37488732477299286,0.37488991562397295,100.00005563787276,-27084205.23425963,27084405.234370906,0.9950990110052453,0.9999989976763642,True,True,False,,False,,True,True,False,,Sheet2,Sheet3,Sheet4,Sheet5,Sheet6
patient_4_exp_1,2023_11_11_CGNs_isolated0911_CSF_5_min0.1.xlsx,4_1..25/2023_11_11_CGNs_isolated0911_CSF_5_min0.1.xlsx,4,ALS,1_25,ROI_106,DC,0.014961101137043686,False,0.3077594767339611,18.349350384498223,104.0,20.492854680433943,1,False,True,0.062209573035652575,0.05183786544638533,0.07258128062491982,0.26859479352942234,0.25278494201134405,0.2844046450475006,14.836067116549769,13.735287006150106,15.936847226949432,5.54951326966845e-05,-0.009468417486748325,0.009579407752141694,100.19576294817689,-63708.02250583862,63908.414031734974,0.990255678517569,0.9997934298415495,True,True,1.374668399266894,41.81118654014307,419.0,66.42272360063143,1,False,True,2.748563163940999e-07,-0.01735203966013115,0.01735258937276394,1.5207224353555426,1.4818754732104744,1.5595693975006109,36.08844573250639,34.196081175209464,37.98081028980332,8.273371537388254e-10,,,100.0000001210791,-2193333911.0262656,2193334111.0262656,0.9616320861861751,0.9999999994559579,True,True,False,,False,,True,True,False,,Sheet2,Sheet3,Sheet4,Sheet5,Sheet6
patient_4_exp_1,2023_11_11_CGNs_isolated0911_CSF_5_min0.1.xlsx,4_1..25/2023_11_11_CGNs_isolated0911_CSF_5_min0.1.xlsx,4,ALS,1_25,ROI_107,DD,0.007779772591262717,False,1.5276280020690263,19.182334048750022,104.0,74.87166643451533,1,False,True,0.09701199453986921,0.08425840075305638,0.10976558832668204,1.1281394186768527,1.1068353572711986,1.1494434800825069,15.976645676994977,15.625837922558988,16.327453431430968,0.315177705660964,0.302020430696919,0.328334980625009,100.23288880693693,85.96290370101029,114.50287391286356,0.9995499433081593,0.781629622245655,True,True,2.484561276899172,28.352524641341063,410.0,144.8133248924944,2,True,True,1.1153496794345e-12,,,2.0563753022849984,1.9199134703089749,2.1928371342610222,15.538113856469982,13.441849003773143,17.63437870916682,0.7335665760615274,0.6060572714728699,0.8610758806501849,154.70809253994491,119.07648961652956,190.33969546336027,0.9362299979081339,0.7370674343595001,True,True,False,,False,,True,True,False,,Sheet2,Sheet3,Sheet4,Sheet5,Sheet6
patient_4_exp_1,2023_11_11_CGNs_isolated0911_CSF_5_min0.1.xlsx,4_1..25/2023_11_11_CGNs_isolated0911_CSF_5_min0.1.xlsx,4,ALS,1_25,ROI_108,DE,0.041891083183722325,False,0.7537298604750288,19.35943212940974,104.0,32.83762269913679,1,False,True,0.03319718340236452,0.010415259888197602,0.05597910691653144,0.5880432016788889,0.5301234797162756,0.6459629236415022,21.182805314539834,19.43549825277992,22.93011237629975,0.10883034631258426,0.06790611193947066,0.14975458068569786,100.00000790058728,14.275778633796335,185.72423716737822,0.9967927725639525,0.8438305677891567,True,True,0.2858939329617526,85.83028221114427,425.0,36.36661898058729,1,False,True,0.04691424506526866,0.0010814541120555618,0.09274703601848175,0.24470108018796916,-3.0869394160576213,3.5763415764335598,64.51295534366736,-117.54877032265338,246.5746810099881,0.018261398267998854,-3.2711742702899036,3.3076970668259014,103.66059397741382,-5511.3308944926985,5718.652082447526,0.9890693167348866,0.930555118071506,True,True,False,,False,,True,True,False,,Sheet2,Sheet3,Sheet4,Sheet5,Sheet6
patient_4_exp_1,2023_11_11_CGNs_isolated0911_CSF_5_min0.1.xlsx,4_1..25/2023_11_11_CGNs_isolated0911_CSF_5_min0.1.xlsx,4,ALS,1_25,ROI_109,DF,1.0,True,,,,-127.73107234349919,0,False,False,,,,,,,,,,,,,,,,,,False,False,,,,-168.13779550436274,0,False,False,,,,,,,,,,,,,,,,,,False,False,False,,False,,False,False,True,majority_negative_normalized_trace,Sheet2,Sheet3,Sheet4,Sheet5,Sheet6
patient_4_exp_1,2023_11_11_CGNs_isolated0911_CSF_5_min0.1.xlsx,4_1..25/2023_11_11_CGNs_isolated0911_CSF_5_min0.1.xlsx,4,ALS,1_25,ROI_110,DG,0.21424296828246558,False,0.6557226176344734,15.950714643475862,104.0,18.01676844458727,1,False,True,7.991571894733147e-07,-0.04012825844524218,0.04012985675962113,0.5789869509791592,0.4786563277914736,0.6793175741668448,20.9662383706487,17.886312293449805,24.046164447847595,0.05823012154748864,-0.012300945589398045,0.12876118868437533,100.00000001893295,-180.45409836573265,380.45409840359855,0.9882771595622688,0.9086180768562921,True,True,0.4142775402300352,58.075570543975175,414.0,27.389125792841824,1,False,True,5.601464728947615e-06,-0.08144974698773962,0.0814609499171975,0.44754820497629827,-2.227147089809291,3.122243499761888,52.591490678934974,-36.110241089583056,141.293222447453,9.313330934268077e-06,-2.6025037404351146,2.6025223670969835,100.00033157365625,-12300563.021823818,12300763.022486964,0.9752185560164327,0.9999791907619617,True,True,False,,False,,True,True,False,,Sheet2,Sheet3,Sheet4,Sheet5,Sheet6
patient_4_exp_1,2023_11_11_CGNs_isolated0911_CSF_5_min0.1.xlsx,4_1..25/2023_11_11_CGNs_isolated0911_CSF_5_min0.1.xlsx,4,ALS,1_25,ROI_111,DH,0.1980849790544584,False,0.6655130040395976,14.170977265574692,104.0,16.55012199079891,1,False,True,5.884434990751535e-08,-0.0031198816694605444,0.0031199993581603595,0.5965335401998095,0.5898632845085758,0.6032037958910432,15.773800980467717,15.412177097083221,16.135424863852215,0.0637485083947682,0.05455171919371235,0.07294529759582405,100.00000000082582,,,0.9977422032895519,0.9034526100922203,True,True,0.9918728718116434,24.609593412161928,406.0,30.115497314340043,1,False,True,1.528834446358917e-07,-0.008748234751631855,0.008748540518521128,1.1057972143628685,1.0898921551969178,1.1217022735288191,23.300934695213286,22.847185332481473,23.7546840579451,1.128110073779476e-08,,,100.00000247166163,-218323346.2922496,218323546.29225454,0.9938164646946109,0.9999999897982194,True,True,False,,False,,True,True,False,,Sheet2,Sheet3,Sheet4,Sheet5,Sheet6
patient_4_exp_1,2023_11_11_CGNs_isolated0911_CSF_5_min0.1.xlsx,4_1..25/2023_11_11_CGNs_isolated0911_CSF_5_min0.1.xlsx,4,ALS,1_25,ROI_112,DI,0.024536205864751647,False,2.246773952118353,15.882390283635317,104.0,83.27650605453297,1,False,True,0.04753468912504824,0.031988762875640314,0.06308061537445617,1.7631663317431687,1.7409412168730392,1.7853914466132983,14.0285531954209,13.792170491124093,14.264935899717706,0.45064770077969013,0.4374443266225652,0.46385107493681504,100.15765995456134,88.64692606120092,111.66839384792176,0.9996282288168558,0.7964383213046433,True,True,3.02482446298263,28.76181609591555,407.0,125.64178130274802,1,False,True,0.07696205766765936,0.05100315283434116,0.10292096250097756,3.1692161866633413,3.076075217920162,3.2623571554065207,27.110331154786913,26.120459926612593,28.100202382961232,4.829105312830482e-08,-0.11085906601026434,0.1108591625923706,100.00000365914491,-137609641.519583,137609841.51959032,0.9958901357352435,0.999999984762462,True,True,False,,False,,True,True,False,,Sheet2,Sheet3,Sheet4,Sheet5,Sheet6
patient_4_exp_1,2023_11_11_CGNs_isolated0911_CSF_5_min0.1.xlsx,4_1..25/2023_11_11_CGNs_isolated0911_CSF_5_min0.1.xlsx,4,ALS,1_25,ROI_113,DJ,0.360263315380012,False,0.23848030633718478,9.289235508750934,104.0,9.477971154997814,1,False,True,0.006407736773916012,-0.010476829130863837,0.02329230267869586,0.16433949841185785,0.15141430917938445,0.17726468764433126,6.986350300097625,5.8592316938588205,8.11346890633643,0.06190625510945139,0.051020449912071275,0.07279206030683151,113.74394809165332,37.57605317085272,189.91184301245391,0.9228218791047709,0.7263760572477632,True,True,0.23915806620135607,35.67055628496314,407.0,7.4758004687732855,1,False,True,4.8225339581556234e-08,-0.011505339183001709,0.011505435633680871,0.2691209115220989,0.20053719613280063,0.33770462691139713,30.21685419246024,24.65473954975794,35.77896883516254,2.526273176691465e-08,-0.06476593910676433,0.06476598963222786,100.00000800261293,-255260810.80495661,255261010.80497265,0.972627074105097,0.9999999061287017,True,True,False,,False,,True,True,False,,Sheet2,Sheet3,Sheet4,Sheet5,Sheet6
patient_4_exp_1,2023_11_11_CGNs_isolated0911_CSF_5_min0.1.xlsx,4_1..25/2023_11_11_CGNs_isolated0911_CSF_5_min0.1.xlsx,4,ALS,1_25,ROI_114,DK,0.005385996409335727,False,3.4360804246850822,17.005519861666443,104.0,98.00126890266691,1,False,True,8.91041346530951e-09,,,3.0621211884697987,3.0184523907200767,3.105789986219521,16.96583629784937,16.59189662906996,17.339775966628782,0.4410918959399687,0.39400628036771085,0.4881775115122266,100.00000018485294,89.91145292829337,110.0885474414125,0.9988952614839387,0.8740893330460128,True,True,4.0042359399317355,45.52766744949889,413.0,208.9398383702114,1,False,True,1.255779341254421e-10,,,4.682917642066757,4.587655267022178,4.778180017111335,35.98394356800994,34.85918805484559,37.108699081174294,5.235870174083759e-13,,,100.00000000011016,,,0.9740523233081146,0.9999999999998881,True,True,False,,False,,True,True,False,,Sheet2,Sheet3,Sheet4,Sheet5,Sheet6
patient_4_exp_1,2023_11_11_CGNs_isolated0911_CSF_5_min0.1.xlsx,4_1..25/2023_11_11_CGNs_isolated0911_CSF_5_min0.1.xlsx,4,ALS,1_25,ROI_115,DL,0.08019150209455415,False,2.3761798438362236,16.56362042228588,104.0,77.91443706512104,1,False,True,0.10022864516858446,-0.10639348571119392,0.30685077604836286,2.2732950810153665,2.23751585287571,2.3090743091550228,16.55280336740154,16.157015393955596,16.948591340847486,0.058682845771786854,-0.11296806962636026,0.23033376116993398,254.12093872029075,-1260.9115324616312,1769.1534099022126,0.9986924734161309,0.9748355912387917,True,True,2.428126951866603,26.687127580457684,407.0,90.4486415015297,1,False,True,0.0002050929483660443,-0.042542678560303165,0.04295286445703525,2.437978889555294,2.3156253623433525,2.5603324167672357,27.912234429618128,26.85179415908179,28.972674700154464,0.08174710565526676,-0.0074631339157680415,0.17095734522630157,121.57350651816802,-150.00916677633057,393.1561798126666,0.9992328319100087,0.9675571447805635,True,True,False,,False,,True,True,False,,Sheet2,Sheet3,Sheet4,Sheet5,Sheet6
patient_4_exp_1,2023_11_11_CGNs_isolated0911_CSF_5_min0.1.xlsx,4_1..25/2023_11_11_CGNs_isolated0911_CSF_5_min0.1.xlsx,4,ALS,1_25,ROI_116,DM,0.058049072411729505,False,1.897718866788555,14.541476774682522,104.0,73.13284709776619,1,False,True,0.14044894317664547,0.12593297153130115,0.1549649148219898,1.6237626912952718,1.6026592169258127,1.644866165664731,14.185829832476841,13.942384038649603,14.42927562630408,0.11330817662595871,0.10071264979770424,0.1259037034542132,100.00012616351273,57.05450382211028,142.94574850491517,0.9994858091637656,0.9347705504027273,True,True,2.2393493661093844,21.858291361849126,405.0,73.80977494925376,1,False,True,0.0002038320066285311,-0.028795371493940486,0.02920303550719755,2.192946829346984,2.0923631125670497,2.2935305461269184,21.96204018752569,21.061607681337073,22.86247269371431,0.17515630423627312,0.09368796809830529,0.25662464037424093,100.00341641019261,20.128340523412206,179.87849229697304,0.9985736600608862,0.9260351875083929,True,True,False,,False,,True,True,False,,Sheet2,Sheet3,Sheet4,Sheet5,Sheet6
patient_4_exp_1,2023_11_11_CGNs_isolated0911_CSF_5_min0.1.xlsx,4_1..25/2023_11_11_CGNs_isolated0911_CSF_5_min0.1.xlsx,4,ALS,1_25,ROI_117,DN,0.026929982046678635,False,1.8303977244333816,18.36945180443874,104.0,77.95701119823124,1,False,True,1.7280434202715772e-07,-0.005495756214646738,0.005496101823330793,1.20652172913013,1.194655370003004,1.218388088257256,13.525752989036812,13.245472260391445,13.80603371768218,0.6482856875671436,0.6332090773648466,0.6633622977694406,100.0000000055325,,,0.9988947125712401,0.6504835587074044,True,True,1.4125559116765198,44.90992988304072,417.0,97.72221318164097,2,True,True,0.11100134117066766,-0.015733757158151215,0.23773643949948653,1.3782089497841983,0.2181982058469807,2.538219693721416,35.182666733635195,20.373325914038432,49.99200755323196,9.235285910359368e-07,-1.058834126613136,1.058835973670318,100.00002507344493,-101045843.56976931,101046043.56981947,0.9749375239609267,0.9999993299071435,True,True,False,,False,,True,True,False,,Sheet2,Sheet3,Sheet4,Sheet5,Sheet6
patient_4_exp_1,2023_11_11_CGNs_isolated0911_CSF_5_min0.1.xlsx,4_1..25/2023_11_11_CGNs_isolated0911_CSF_5_min0.1.xlsx,4,ALS,1_25,ROI_118,DO,1.0,True,,,,-49.08595795109185,0,False,False,,,,,,,,,,,,,,,,,,False,False,,,,-68.52753972126419,0,False,False,,,,,,,,,,,,,,,,,,False,False,False,,False,,False,False,True,majority_negative_normalized_trace,Sheet2,Sheet3,Sheet4,Sheet5,Sheet6
patient_4_exp_1,2023_11_11_CGNs_isolated0911_CSF_5_min0.1.xlsx,4_1..25/2023_11_11_CGNs_isolated0911_CSF_5_min0.1.xlsx,4,ALS,1_25,ROI_119,DP,0.017953321364452424,False,1.1581394931444735,19.788785584583167,104.0,59.68220422295505,1,False,True,0.06876648290315421,0.05655986287869433,0.08097310292761409,0.7973717777001443,0.7777965723500132,0.8169469830502755,15.515743201503268,15.057985190466583,15.973501212539952,0.2987967059497691,0.28685975195191216,0.31073365994762603,100.3583683869153,86.14167744719511,114.5750593266355,0.9992449704205132,0.7274171713504612,True,True,3.5768381423266358,29.643760442686414,407.0,161.4608564085996,1,False,True,0.11001855890622893,0.03854139684802815,0.1814957209644297,3.6392255701600824,3.1858326738233544,4.09261846649681,30.209880374925316,27.932144573363548,32.48761617648708,5.451335944441386e-06,-0.4000071756851124,0.40001807835700126,100.00035287063741,-8168940.486561343,8169140.487267084,0.9983405616687341,0.9999985020637843,True,True,False,,False,,True,True,False,,Sheet2,Sheet3,Sheet4,Sheet5,Sheet6
patient_4_exp_1,2023_11_11_CGNs_isolated0911_CSF_5_min0.1.xlsx,4_1..25/2023_11_11_CGNs_isolated0911_CSF_5_min0.1.xlsx,4,ALS,1_25,ROI_120,DQ,0.19988031119090366,False,0.5554608682661423,16.466566292001204,104.0,21.323041218262766,1,False,True,0.0004974294215011195,-0.015313984965636473,0.01630884380863871,0.41006824159372396,0.3940299833756364,0.42610649981181153,13.951231047640915,13.17471178382774,14.72775031145409,0.14770785828461805,0.13912440285383657,0.15629131371539953,114.18049501909421,78.69009890653844,149.67089113164997,0.9960618065585235,0.7351843180142803,True,True,0.2968562385169685,39.29231293423027,407.0,11.817771674042664,1,False,True,1.0382998737318159e-06,-0.0425812898689231,0.042583366468670565,0.2953977201250448,-0.2506819221441539,0.8414773623942435,40.14445158807808,9.163571104229316,71.12533207192683,1.997729144695239e-06,-0.5108163715120343,0.5108203669703236,100.00012740286378,-18471404.25598907,18471604.256243873,0.9658525570824735,0.9999932372002275,True,True,False,,False,,True,True,False,,Sheet2,Sheet3,Sheet4,Sheet5,Sheet6
patient_4_exp_1,2023_11_11_CGNs_isolated0911_CSF_5_min0.1.xlsx,4_1..25/2023_11_11_CGNs_isolated0911_CSF_5_min0.1.xlsx,4,ALS,1_25,ROI_121,DR,1.0,True,,,,-47.38039968498615,0,False,False,,,,,,,,,,,,,,,,,,False,False,,,,-54.0243557485693,0,False,False,,,,,,,,,,,,,,,,,,False,False,False,,False,,False,False,True,majority_negative_normalized_trace,Sheet2,Sheet3,Sheet4,Sheet5,Sheet6
patient_4_exp_1,2023_11_11_CGNs_isolated0911_CSF_5_min0.1.xlsx,4_1..25/2023_11_11_CGNs_isolated0911_CSF_5_min0.1.xlsx,4,ALS,1_25,ROI_122,DS,0.04009575104727708,False,0.4407272514375303,14.00477047037694,104.0,29.271546393716427,1,False,True,0.09597484095768799,0.09381702514717383,0.09813265676820215,0.3403558891726374,0.33020468726459284,0.350507091080682,11.788223507322394,11.193867886644144,12.382579128000645,4.197242720686812e-10,,,109.70605345050338,-662546972.0568594,662547191.4689664,0.9637680114816103,0.9999999987668077,True,True,,,,36.55754381777607,0,False,False,,,,,,,,,,,,,,,,,,False,False,False,,False,,True,False,False,,Sheet2,Sheet3,Sheet4,Sheet5,Sheet6
patient_4_exp_1,2023_11_11_CGNs_isolated0911_CSF_5_min0.1.xlsx,4_1..25/2023_11_11_CGNs_isolated0911_CSF_5_min0.1.xlsx,4,ALS,1_25,ROI_123,DT,0.9994015559545183,True,,,,-62.32919531784729,0,False,False,,,,,,,,,,,,,,,,,,False,False,,,,-76.58018191039564,0,False,False,,,,,,,,,,,,,,,,,,False,False,False,,False,,False,False,True,majority_negative_normalized_trace,Sheet2,Sheet3,Sheet4,Sheet5,Sheet6
patient_4_exp_1,2023_11_11_CGNs_isolated0911_CSF_5_min0.1.xlsx,4_1..25/2023_11_11_CGNs_isolated0911_CSF_5_min0.1.xlsx,4,ALS,1_25,ROI_124,DU,0.054458408138839016,False,0.8599101896329783,20.7492106553525,104.0,41.583788368571135,1,False,True,0.06057779245504786,0.04667672370027379,0.07447886120982193,0.6791994842166121,0.648717569116088,0.7096813993171363,20.105597516638447,19.291793495589072,20.919401537687822,0.11631070091307551,0.09596975829766774,0.13665164352848327,102.21722412317766,55.07627060226432,149.358177644091,0.9990318227023296,0.8537910600175233,True,True,0.6092636024611835,59.41396933674963,407.0,62.74553871378524,1,False,True,0.08678753767727206,0.03440206613614171,0.1391730092184024,0.4675535687439682,-1.1702158992682619,2.1053230367561984,59.14870005838785,3.779119102213592,114.51828101456212,0.06207669413815639,-1.527643123745032,1.6517965120213447,110.5587295271078,-1132.6165860660485,1353.734045120264,0.9962233283177561,0.8827923959625165,True,True,False,,False,,True,True,False,,Sheet2,Sheet3,Sheet4,Sheet5,Sheet6
patient_4_exp_1,2023_11_11_CGNs_isolated0911_CSF_5_min0.1.xlsx,4_1..25/2023_11_11_CGNs_isolated0911_CSF_5_min0.1.xlsx,4,ALS,1_25,ROI_125,DV,0.017354877318970677,False,1.9657599860117512,15.38230948513312,104.0,79.40557669583399,1,False,True,0.10579724978907942,0.09674417216308442,0.11485032741507442,1.5642297706905537,1.5448865775403589,1.5835729638407485,15.621623909597876,15.224454839782759,16.018792979412993,0.2657404819848272,0.23918368734020357,0.2922972766294508,100.00000000111874,,,0.9974486424657389,0.8547842613308496,True,True,4.882097135759679,23.94905784021256,406.0,202.5983173106209,2,True,True,0.0255631185314591,-9.675963703111487,9.727089940174404,4.883821977506528,4.811780579582084,4.955863375430972,24.4556849501322,23.92507901082327,24.986290889441126,0.20968923719996777,-9.417166355717157,9.836544830117091,1412.0292499107659,-72532.11467801676,75356.17317783828,0.9989119333319159,0.9588320849094172,True,True,False,,False,,True,True,False,,Sheet2,Sheet3,Sheet4,Sheet5,Sheet6
patient_4_exp_1,2023_11_11_CGNs_isolated0911_CSF_5_min0.1.xlsx,4_1..25/2023_11_11_CGNs_isolated0911_CSF_5_min0.1.xlsx,4,ALS,1_25,ROI_126,DW,0.9988031119090365,True,,,,-93.91424134703851,0,False,False,,,,,,,,,,,,,,,,,,False,False,,,,-129.11910027762298,0,False,False,,,,,,,,,,,,,,,,,,False,False,False,,False,,False,False,True,majority_negative_normalized_trace,Sheet2,Sheet3,Sheet4,Sheet5,Sheet6
patient_4_exp_1,2023_11_11_CGNs_isolated0911_CSF_5_min0.1.xlsx,4_1..25/2023_11_11_CGNs_isolated0911_CSF_5_min0.1.xlsx,4,ALS,1_25,ROI_127,DX,0.9994015559545183,True,,,,-104.50951271333774,0,False,False,,,,,,,,,,,,,,,,,,False,False,,,,-136.9174060501286,0,False,False,,,,,,,,,,,,,,,,,,False,False,False,,False,,False,False,True,majority_negative_normalized_trace,Sheet2,Sheet3,Sheet4,Sheet5,Sheet6
patient_4_exp_1,2023_11_11_CGNs_isolated0911_CSF_5_min0.1.xlsx,4_1..25/2023_11_11_CGNs_isolated0911_CSF_5_min0.1.xlsx,4,ALS,1_25,ROI_128,DY,1.0,True,,,,-127.1409451365807,0,False,False,,,,,,,,,,,,,,,,,,False,False,,,,-147.34717901889866,0,False,False,,,,,,,,,,,,,,,,,,False,False,False,,False,,False,False,True,majority_negative_normalized_trace,Sheet2,Sheet3,Sheet4,Sheet5,Sheet6
patient_4_exp_1,2023_11_11_CGNs_isolated0911_CSF_5_min0.1.xlsx,4_1..25/2023_11_11_CGNs_isolated0911_CSF_5_min0.1.xlsx,4,ALS,1_25,ROI_129,DZ,1.0,True,,,,-91.08624712276847,0,False,False,,,,,,,,,,,,,,,,,,False,False,,,,-140.27069089807935,0,False,False,,,,,,,,,,,,,,,,,,False,False,False,,False,,False,False,True,majority_negative_normalized_trace,Sheet2,Sheet3,Sheet4,Sheet5,Sheet6
patient_4_exp_1,2023_11_11_CGNs_isolated0911_CSF_5_min0.1.xlsx,4_1..25/2023_11_11_CGNs_isolated0911_CSF_5_min0.1.xlsx,4,ALS,1_25,ROI_130,EA,1.0,True,,,,-125.93319106805819,0,False,False,,,,,,,,,,,,,,,,,,False,False,,,,-115.77476582971869,0,False,False,,,,,,,,,,,,,,,,,,False,False,False,,False,,False,False,True,majority_negative_normalized_trace,Sheet2,Sheet3,Sheet4,Sheet5,Sheet6
patient_4_exp_1,2023_11_11_CGNs_isolated0911_CSF_5_min0.1.xlsx,4_1..25/2023_11_11_CGNs_isolated0911_CSF_5_min0.1.xlsx,4,ALS,1_25,ROI_131,EB,1.0,True,,,,-77.08539404120545,0,False,False,,,,,,,,,,,,,,,,,,False,False,,,,-91.18160150087738,0,False,False,,,,,,,,,,,,,,,,,,False,False,False,,False,,False,False,True,majority_negative_normalized_trace,Sheet2,Sheet3,Sheet4,Sheet5,Sheet6
patient_4_exp_1,2023_11_11_CGNs_isolated0911_CSF_5_min0.1.xlsx,4_1..25/2023_11_11_CGNs_isolated0911_CSF_5_min0.1.xlsx,4,ALS,1_25,ROI_132,EC,1.0,True,,,,-34.85322067396227,0,False,False,,,,,,,,,,,,,,,,,,False,False,,,,-37.07580851926711,0,False,False,,,,,,,,,,,,,,,,,,False,False,False,,False,,False,False,True,majority_negative_normalized_trace,Sheet2,Sheet3,Sheet4,Sheet5,Sheet6
patient_4_exp_1,2023_11_11_CGNs_isolated0911_CSF_5_min0.1.xlsx,4_1..25/2023_11_11_CGNs_isolated0911_CSF_5_min0.1.xlsx,4,ALS,1_25,ROI_133,ED,0.9521244763614602,True,,,,-73.18762979186543,0,False,False,,,,,,,,,,,,,,,,,,False,False,,,,-114.50700186200874,0,False,False,,,,,,,,,,,,,,,,,,False,False,False,,False,,False,False,True,majority_negative_normalized_trace,Sheet2,Sheet3,Sheet4,Sheet5,Sheet6
patient_4_exp_1,2023_11_11_CGNs_isolated0911_CSF_5_min0.1.xlsx,4_1..25/2023_11_11_CGNs_isolated0911_CSF_5_min0.1.xlsx,4,ALS,1_25,ROI_134,EE,0.9634949132256134,True,,,,-92.03942567720512,0,False,False,,,,,,,,,,,,,,,,,,False,False,,,,-127.07145606830426,0,False,False,,,,,,,,,,,,,,,,,,False,False,False,,False,,False,False,True,majority_negative_normalized_trace,Sheet2,Sheet3,Sheet4,Sheet5,Sheet6
patient_4_exp_1,2023_11_11_CGNs_isolated0911_CSF_5_min0.1.xlsx,4_1..25/2023_11_11_CGNs_isolated0911_CSF_5_min0.1.xlsx,4,ALS,1_25,ROI_135,EF,1.0,True,,,,-83.15157465892338,0,False,False,,,,,,,,,,,,,,,,,,False,False,,,,-121.3332209597945,0,False,False,,,,,,,,,,,,,,,,,,False,False,False,,False,,False,False,True,majority_negative_normalized_trace,Sheet2,Sheet3,Sheet4,Sheet5,Sheet6
patient_4_exp_1,2023_11_11_CGNs_isolated0911_CSF_5_min0.1.xlsx,4_1..25/2023_11_11_CGNs_isolated0911_CSF_5_min0.1.xlsx,4,ALS,1_25,ROI_136,EG,0.9970077797725913,True,,,,-103.75592126758498,0,False,False,,,,,,,,,,,,,,,,,,False,False,,,,-137.50282845117363,0,False,False,,,,,,,,,,,,,,,,,,False,False,False,,False,,False,False,True,majority_negative_normalized_trace,Sheet2,Sheet3,Sheet4,Sheet5,Sheet6
patient_4_exp_1,2023_11_11_CGNs_isolated0911_CSF_5_min0.1.xlsx,4_1..25/2023_11_11_CGNs_isolated0911_CSF_5_min0.1.xlsx,4,ALS,1_25,ROI_137,EH,0.008378216636744464,False,1.6007820922683424,18.4238480307975,104.0,81.98150237504956,1,False,True,0.0019465915050217945,-0.03404251893996456,0.037935701950008144,1.0845951970877166,1.0667124411858027,1.1024779529896305,13.263885612057464,12.907055714569806,13.620715509545123,0.5224335191828018,0.5011943645221555,0.5436726738434481,150.2295953625241,126.86260380656742,173.59658691848077,0.9989062082283652,0.6749071663167105,True,True,1.8708592875308563,41.77107944427854,413.0,130.39926917311027,1,False,True,0.004655997156256081,-0.32785171598584095,0.3371637102983531,1.6439921359086638,1.579355521686831,1.7086287501304966,34.60762860338439,33.37923432940204,35.836022877366744,0.2681642189969665,0.00018963412334438434,0.5361388038705887,372.43139199738897,-410.4285317259352,1155.291315720713,0.9992741861664896,0.8597582157395277,True,True,False,,False,,True,True,False,,Sheet2,Sheet3,Sheet4,Sheet5,Sheet6
patient_4_exp_1,2023_11_11_CGNs_isolated0911_CSF_5_min0.1.xlsx,4_1..25/2023_11_11_CGNs_isolated0911_CSF_5_min0.1.xlsx,4,ALS,1_25,ROI_138,EI,0.995212447636146,True,,,,-45.98365233109223,0,False,False,,,,,,,,,,,,,,,,,,False,False,,,,-58.16394282845511,0,False,False,,,,,,,,,,,,,,,,,,False,False,False,,False,,False,False,True,majority_negative_normalized_trace,Sheet2,Sheet3,Sheet4,Sheet5,Sheet6
patient_4_exp_1,2023_11_11_CGNs_isolated0911_CSF_5_min0.1.xlsx,4_1..25/2023_11_11_CGNs_isolated0911_CSF_5_min0.1.xlsx,4,ALS,1_25,ROI_139,EJ,1.0,True,,,,-51.78338512827001,0,False,False,,,,,,,,,,,,,,,,,,False,False,,,,-78.01575679295667,0,False,False,,,,,,,,,,,,,,,,,,False,False,False,,False,,False,False,True,majority_negative_normalized_trace,Sheet2,Sheet3,Sheet4,Sheet5,Sheet6
patient_4_exp_1,2023_11_11_CGNs_isolated0911_CSF_5_min0.1.xlsx,4_1..25/2023_11_11_CGNs_isolated0911_CSF_5_min0.1.xlsx,4,ALS,1_25,ROI_140,EK,1.0,True,,,,-140.84867140236122,0,False,False,,,,,,,,,,,,,,,,,,False,False,,,,-167.95128267717334,0,False,False,,,,,,,,,,,,,,,,,,False,False,False,,False,,False,False,True,majority_negative_normalized_trace,Sheet2,Sheet3,Sheet4,Sheet5,Sheet6
patient_4_exp_1,2023_11_11_CGNs_isolated0911_CSF_5_min0.1.xlsx,4_1..25/2023_11_11_CGNs_isolated0911_CSF_5_min0.1.xlsx,4,ALS,1_25,ROI_141,EL,1.0,True,,,,-142.8800456269444,0,False,False,,,,,,,,,,,,,,,,,,False,False,,,,-182.47080398108426,0,False,False,,,,,,,,,,,,,,,,,,False,False,False,,False,,False,False,True,majority_negative_normalized_trace,Sheet2,Sheet3,Sheet4,Sheet5,Sheet6
patient_4_exp_1,2023_11_11_CGNs_isolated0911_CSF_5_min0.1.xlsx,4_1..25/2023_11_11_CGNs_isolated0911_CSF_5_min0.1.xlsx,4,ALS,1_25,ROI_142,EM,0.9377618192698982,True,,,,-166.67685120960877,0,False,False,,,,,,,,,,,,,,,,,,False,False,,,,-51.26302520266727,0,False,False,,,,,,,,,,,,,,,,,,False,False,False,,False,,False,False,True,majority_negative_normalized_trace,Sheet2,Sheet3,Sheet4,Sheet5,Sheet6
patient_4_exp_1,2023_11_11_CGNs_isolated0911_CSF_5_min0.1.xlsx,4_1..25/2023_11_11_CGNs_isolated0911_CSF_5_min0.1.xlsx,4,ALS,1_25,ROI_143,EN,0.992818671454219,True,,,,-144.91667365021604,0,False,False,,,,,,,,,,,,,,,,,,False,False,,,,-55.34832715515215,0,False,False,,,,,,,,,,,,,,,,,,False,False,False,,False,,False,False,True,majority_negative_normalized_trace,Sheet2,Sheet3,Sheet4,Sheet5,Sheet6
patient_4_exp_1,2023_11_11_CGNs_isolated0911_CSF_5_min0.1.xlsx,4_1..25/2023_11_11_CGNs_isolated0911_CSF_5_min0.1.xlsx,4,ALS,1_25,ROI_144,EO,1.0,True,,,,-151.16551575792528,0,False,False,,,,,,,,,,,,,,,,,,False,False,,,,-82.74375227602235,0,False,False,,,,,,,,,,,,,,,,,,False,False,False,,False,,False,False,True,majority_negative_normalized_trace,Sheet2,Sheet3,Sheet4,Sheet5,Sheet6
patient_4_exp_1,2023_11_11_CGNs_isolated0911_CSF_5_min0.1.xlsx,4_1..25/2023_11_11_CGNs_isolated0911_CSF_5_min0.1.xlsx,4,ALS,1_25,ROI_145,EP,1.0,True,,,,-144.79184883952507,0,False,False,,,,,,,,,,,,,,,,,,False,False,,,,-66.47216143447092,0,False,False,,,,,,,,,,,,,,,,,,False,False,False,,False,,False,False,True,majority_negative_normalized_trace,Sheet2,Sheet3,Sheet4,Sheet5,Sheet6
patient_4_exp_1,2023_11_11_CGNs_isolated0911_CSF_5_min0.1.xlsx,4_1..25/2023_11_11_CGNs_isolated0911_CSF_5_min0.1.xlsx,4,ALS,1_25,ROI_146,EQ,1.0,True,,,,-112.65275806444835,0,False,False,,,,,,,,,,,,,,,,,,False,False,,,,-77.60611861897996,0,False,False,,,,,,,,,,,,,,,,,,False,False,False,,False,,False,False,True,majority_negative_normalized_trace,Sheet2,Sheet3,Sheet4,Sheet5,Sheet6
patient_4_exp_1,2023_11_11_CGNs_isolated0911_CSF_5_min0.1.xlsx,4_1..25/2023_11_11_CGNs_isolated0911_CSF_5_min0.1.xlsx,4,ALS,1_25,ROI_147,ER,0.2471573907839617,False,0.6174914070096674,9.701213997341725,104.0,36.888342276260516,1,False,True,0.11899605768987889,0.1162513175097355,0.12174079787002229,0.4800051299915648,0.4633221962724968,0.4966880637106328,7.598732066009875,7.165861269041465,8.031602862978284,4.278716606839626e-10,,,101.12159133999928,-657509872.8535225,657510075.0967052,0.9526134233836557,0.9999999991086101,True,True,0.8004619844395399,30.789503806309426,413.0,26.88042053591153,1,False,True,1.2932226918997594e-05,-0.04003792987066393,0.040063794324501925,0.8805857695156052,0.7348006922609509,1.0263708467702595,22.61463092732318,19.387584493669046,25.841677360977314,2.78727980596022e-06,-0.11900877173702884,0.11901434629664076,100.00040477304022,-7064799.729671928,7064999.730481475,0.9828397337981376,0.999996834753547,True,True,False,,True,"Sheet6:row_148, Sheet8:row_148",True,False,False,,Sheet2,Sheet3,Sheet4,Sheet5,Sheet6
patient_4_exp_1,2023_11_11_CGNs_isolated0911_CSF_5_min0.1.xlsx,4_1..25/2023_11_11_CGNs_isolated0911_CSF_5_min0.1.xlsx,4,ALS,1_25,ROI_148,ES,0.931178934769599,True,,,,-49.62937132571365,0,False,False,,,,,,,,,,,,,,,,,,False,False,,,,-84.95069205365576,0,False,False,,,,,,,,,,,,,,,,,,False,False,False,,False,,False,False,True,majority_negative_normalized_trace,Sheet2,Sheet3,Sheet4,Sheet5,Sheet6
patient_4_exp_1,2023_11_11_CGNs_isolated0911_CSF_5_min0.1.xlsx,4_1..25/2023_11_11_CGNs_isolated0911_CSF_5_min0.1.xlsx,4,ALS,1_25,ROI_149,ET,1.0,True,,,,-84.69881066234034,0,False,False,,,,,,,,,,,,,,,,,,False,False,,,,-113.7157652347522,0,False,False,,,,,,,,,,,,,,,,,,False,False,False,,False,,False,False,True,majority_negative_normalized_trace,Sheet2,Sheet3,Sheet4,Sheet5,Sheet6
patient_4_exp_1,2023_11_11_CGNs_isolated0911_CSF_5_min0.1.xlsx,4_1..25/2023_11_11_CGNs_isolated0911_CSF_5_min0.1.xlsx,4,ALS,1_25,ROI_150,EU,0.9838420107719928,True,,,,-78.62340776218922,0,False,False,,,,,,,,,,,,,,,,,,False,False,,,,-88.14569734847869,0,False,False,,,,,,,,,,,,,,,,,,False,False,False,,False,,False,False,True,majority_negative_normalized_trace,Sheet2,Sheet3,Sheet4,Sheet5,Sheet6
patient_4_exp_1,2023_11_11_CGNs_isolated0911_CSF_5_min0.1.xlsx,4_1..25/2023_11_11_CGNs_isolated0911_CSF_5_min0.1.xlsx,4,ALS,1_25,ROI_151,EV,1.0,True,,,,-72.87153336063582,0,False,False,,,,,,,,,,,,,,,,,,False,False,,,,-96.28391764959916,0,False,False,,,,,,,,,,,,,,,,,,False,False,False,,False,,False,False,True,majority_negative_normalized_trace,Sheet2,Sheet3,Sheet4,Sheet5,Sheet6
patient_4_exp_1,2023_11_11_CGNs_isolated0911_CSF_5_min0.1.xlsx,4_1..25/2023_11_11_CGNs_isolated0911_CSF_5_min0.1.xlsx,4,ALS,1_25,ROI_152,EW,0.9886295631358468,True,,,,-80.10933634210062,0,False,False,,,,,,,,,,,,,,,,,,False,False,,,,-89.48827086368972,0,False,False,,,,,,,,,,,,,,,,,,False,False,False,,False,,False,False,True,majority_negative_normalized_trace,Sheet2,Sheet3,Sheet4,Sheet5,Sheet6
patient_4_exp_1,2023_11_11_CGNs_isolated0911_CSF_5_min0.1.xlsx,4_1..25/2023_11_11_CGNs_isolated0911_CSF_5_min0.1.xlsx,4,ALS,1_25,ROI_153,EX,0.9467384799521245,True,,,,-80.00169865460455,0,False,False,,,,,,,,,,,,,,,,,,False,False,,,,-91.81269135032913,0,False,False,,,,,,,,,,,,,,,,,,False,False,False,,False,,False,False,True,majority_negative_normalized_trace,Sheet2,Sheet3,Sheet4,Sheet5,Sheet6
patient_4_exp_1,2023_11_11_CGNs_isolated0911_CSF_5_min0.1.xlsx,4_1..25/2023_11_11_CGNs_isolated0911_CSF_5_min0.1.xlsx,4,ALS,1_25,ROI_154,EY,0.30460801915020946,False,0.36775217017078854,12.39772128446387,104.0,31.651292641540508,1,False,True,0.11222479881668207,0.0797997285532401,0.14464986908012403,0.2612047835879831,0.24199999880419426,0.28040956837177194,7.117514196125355,6.039007708368042,8.196020683882669,0.0024599776038553875,-0.019773725251329984,0.02469368045904076,129.3352028628636,-3686.182243062721,3944.8526487884487,0.8732376614355917,0.9906700554418587,True,True,0.895468871395281,28.99556967155752,416.0,31.24590909924586,1,False,True,0.11222479881668207,0.0797997285532401,0.14464986908012403,0.2612047835879831,0.24199999880419426,0.28040956837177194,7.117514196125355,6.039007708368042,8.196020683882669,0.0024599776038553875,-0.019773725251329984,0.02469368045904076,129.3352028628636,-3686.182243062721,3944.8526487884487,0.8732376614355917,0.9906700554418587,True,True,True,"Sheet4:row_155, Sheet6:row_155, Sheet8:row_155",True,"Sheet4:row_155, Sheet6:row_155, Sheet8:row_155",False,False,False,,Sheet2,Sheet3,Sheet4,Sheet5,Sheet6
patient_4_exp_1,2023_11_11_CGNs_isolated0911_CSF_5_min0.1.xlsx,4_1..25/2023_11_11_CGNs_isolated0911_CSF_5_min0.1.xlsx,4,ALS,1_25,ROI_155,EZ,0.9958108916816277,True,,,,-78.35445899216093,0,False,False,,,,,,,,,,,,,,,,,,False,False,,,,-89.60523954989299,0,False,False,,,,,,,,,,,,,,,,,,False,False,False,,False,,False,False,True,majority_negative_normalized_trace,Sheet2,Sheet3,Sheet4,Sheet5,Sheet6
patient_4_exp_1,2023_11_11_CGNs_isolated0911_CSF_5_min0.1.xlsx,4_1..25/2023_11_11_CGNs_isolated0911_CSF_5_min0.1.xlsx,4,ALS,1_25,ROI_156,FA,0.9982046678635548,True,,,,-25.914135415742336,0,False,False,,,,,,,,,,,,,,,,,,False,False,,,,-56.89702043429604,0,False,False,,,,,,,,,,,,,,,,,,False,False,False,,False,,False,False,True,majority_negative_normalized_trace,Sheet2,Sheet3,Sheet4,Sheet5,Sheet6
patient_4_exp_1,2023_11_11_CGNs_isolated0911_CSF_5_min0.1.xlsx,4_1..25/2023_11_11_CGNs_isolated0911_CSF_5_min0.1.xlsx,4,ALS,1_25,ROI_157,FB,0.1615798922800718,False,0.6094422989148992,14.492930567795526,103.0,22.36482853632768,1,False,True,1.5055385822960437e-07,-0.006147897289858529,0.006148198397574987,0.35089408174610526,0.3373600781853518,0.3644280853068587,12.47065912535428,11.454976995407247,13.486341255301312,0.19994838297877968,0.18364425959171488,0.21625250636584448,100.00000000005208,,,0.9835982623805344,0.637013491545822,True,True,,,,56.95693242366521,0,False,False,1.5055385822960437e-07,-0.006147897289858529,0.006148198397574987,0.35089408174610526,0.3373600781853518,0.3644280853068587,12.47065912535428,11.454976995407247,13.486341255301312,0.19994838297877968,0.18364425959171488,0.21625250636584448,100.00000000005208,,,0.9835982623805344,0.637013491545822,True,True,True,"Sheet4:row_158, Sheet6:row_158, Sheet8:row_158",True,"Sheet4:row_158, Sheet6:row_158, Sheet8:row_158",False,False,False,,Sheet2,Sheet3,Sheet4,Sheet5,Sheet6
patient_4_exp_1,2023_11_11_CGNs_isolated0911_CSF_5_min0.1.xlsx,4_1..25/2023_11_11_CGNs_isolated0911_CSF_5_min0.1.xlsx,4,ALS,1_25,ROI_158,FC,0.992818671454219,True,,,,-36.63649898013039,0,False,False,,,,,,,,,,,,,,,,,,False,False,,,,-28.27053736812692,0,False,False,,,,,,,,,,,,,,,,,,False,False,False,,False,,False,False,True,majority_negative_normalized_trace,Sheet2,Sheet3,Sheet4,Sheet5,Sheet6
patient_4_exp_1,2023_11_11_CGNs_isolated0911_CSF_5_min0.1.xlsx,4_1..25/2023_11_11_CGNs_isolated0911_CSF_5_min0.1.xlsx,4,ALS,1_25,ROI_159,FD,1.0,True,,,,-80.70011280359489,0,False,False,,,,,,,,,,,,,,,,,,False,False,,,,-69.91806268927758,0,False,False,,,,,,,,,,,,,,,,,,False,False,False,,False,,False,False,True,majority_negative_normalized_trace,Sheet2,Sheet3,Sheet4,Sheet5,Sheet6
patient_4_exp_1,2023_11_11_CGNs_isolated0911_CSF_5_min0.1.xlsx,4_1..25/2023_11_11_CGNs_isolated0911_CSF_5_min0.1.xlsx,4,ALS,1_25,ROI_160,FE,0.9982046678635548,True,,,,-91.05737660172011,0,False,False,,,,,,,,,,,,,,,,,,False,False,,,,-121.87770176758808,0,False,False,,,,,,,,,,,,,,,,,,False,False,False,,False,,False,False,True,majority_negative_normalized_trace,Sheet2,Sheet3,Sheet4,Sheet5,Sheet6
patient_4_exp_1,2023_11_11_CGNs_isolated0911_CSF_5_min0.1.xlsx,4_1..25/2023_11_11_CGNs_isolated0911_CSF_5_min0.1.xlsx,4,ALS,1_25,ROI_161,FF,0.18312387791741472,False,0.9344329331313486,19.522269163051263,104.0,35.995114456073814,1,False,True,,,,,,,,,,,,,,,,,,False,False,,,,0.0,0,False,False,,,,,,,,,,,,,,,,,,False,False,False,,False,,False,False,False,,Sheet2,Sheet3,Sheet4,Sheet5,Sheet6
patient_7_exp_1,2023_07_17_CGNs_isolated1407_CSF_5_480nm-fitc_svi_ROI_min0.1.xlsx,7_1..25/2023_07_17_CGNs_isolated1407_CSF_5_480nm-fitc_svi_ROI_min0.1.xlsx,7,Control,1_25,ROI_001,B,0.07841328413284133,False,3.605153121810517,6.146515463826631,1003.0,35.208881334453835,1,False,True,1.5619705485523598e-05,-14.616691858447846,14.616723097858818,3.550676165828592,2.490543905918014,4.61080842573917,6.373478424483458,4.758843753785348,7.988113095181568,0.1809388322937213,-13.3789274538545,13.740805118441942,100.00000868867275,-11246.288145365588,11446.288162742932,0.9944993121928956,0.9515119238225898,True,True,2.748149203796055,6.5351287369337,442.0,29.92871666463618,1,False,True,2.8697739852962803e-08,-0.22424739712729808,0.22424745452277778,2.7796242227409658,2.7121085399605307,2.847139905521401,5.8910285152133985,5.619057613622129,6.162999416804668,0.12309488042079827,-0.04758085894856359,0.29377061979016017,100.00000130926529,-249.43445165126857,449.4344542697992,0.9950248757168985,0.9575932510015461,True,True,False,,False,,True,True,False,,Sheet2,Sheet3,Sheet4,Sheet5,Sheet6
patient_7_exp_1,2023_07_17_CGNs_isolated1407_CSF_5_480nm-fitc_svi_ROI_min0.1.xlsx,7_1..25/2023_07_17_CGNs_isolated1407_CSF_5_480nm-fitc_svi_ROI_min0.1.xlsx,7,Control,1_25,ROI_002,C,0.17435424354243542,False,4.864849726844176,6.0457355152880154,1003.0,39.52452567982169,1,False,True,0.031846514783254044,-476.0161671026394,476.07986013220585,5.114848351115408,4.342830007313725,5.886866694917091,5.6173419950849866,4.746510711036882,6.4881732791330915,0.0009393718775498058,-475.27359660932956,475.2754753530847,571.803202795653,-306669451.90464604,306670595.51105165,0.9959594451877832,0.9998163778623324,True,True,3.1251748625235187,5.692825362828444,441.0,27.77160266457805,1,False,True,0.04506415637019552,-0.8285433338738517,0.9186716466142428,3.507847207708079,3.362159659172917,3.6535347562432414,5.35853723702643,4.909699583082163,5.807374890970697,0.0014256834220379945,-0.7612141953679401,0.764065562212016,131.3333893532133,-131715.6170020023,131978.28378070873,0.979450658746864,0.9995937382283261,True,True,False,,False,,True,True,False,,Sheet2,Sheet3,Sheet4,Sheet5,Sheet6
patient_7_exp_1,2023_07_17_CGNs_isolated1407_CSF_5_480nm-fitc_svi_ROI_min0.1.xlsx,7_1..25/2023_07_17_CGNs_isolated1407_CSF_5_480nm-fitc_svi_ROI_min0.1.xlsx,7,Control,1_25,ROI_003,D,0.4289667896678967,False,3.966938300002089,7.137019358693124,1003.0,40.87907207005724,1,False,True,0.16471065655967151,-827.3288236291692,827.6582449422885,4.128977331411523,3.074123131521441,5.183831531301605,6.006406648382748,4.486375164669136,7.526438132096359,0.004940441655272868,-826.4222999291867,826.4321808124973,660.5602160466007,-116345250.2805296,116346571.40096168,0.9912612156837541,0.9988049008406842,True,True,2.0359388480614373,8.075256617095988,442.0,22.413301575685562,1,False,True,4.512622679328347e-08,-0.2766075191963837,0.27660760944883733,2.1345631054585543,2.0449445179537835,2.224181692963325,7.069745835820889,6.560452804988724,7.579038866653054,0.07007957069386338,-0.12925154376313291,0.26941068515085964,100.01718086586442,-680.6521136446856,880.6864753764146,0.9906625209904193,0.9682127305926203,True,True,False,,False,,True,True,False,,Sheet2,Sheet3,Sheet4,Sheet5,Sheet6
patient_7_exp_1,2023_07_17_CGNs_isolated1407_CSF_5_480nm-fitc_svi_ROI_min0.1.xlsx,7_1..25/2023_07_17_CGNs_isolated1407_CSF_5_480nm-fitc_svi_ROI_min0.1.xlsx,7,Control,1_25,ROI_004,E,0.0,False,5.139424419863458,7.2737641289164685,1003.0,51.915946704557626,1,False,True,0.07707625309536906,-34.67004291387188,34.82419542006262,5.478473061590959,3.2538552078600906,7.703090915321828,7.127575899175837,4.86746522888431,9.387686569467364,0.0021114553583897544,-32.52660323680492,32.530826147521694,112.07222024640949,-2535032.6421244624,2535256.786564955,0.9939148375402991,0.9996147390206538,True,True,3.1848166774266646,5.517319697816276,442.0,35.84466545334464,1,False,True,0.01728224435997559,-0.1986286256560918,0.23319311437604295,3.2077108146778697,3.144248580505249,3.2711730488504904,4.613733144285252,4.427353556792559,4.800112731777945,0.1470990271891023,-0.026172488821258916,0.32037054319946356,100.15897232043967,-172.31011795793864,372.62806259881796,0.9949371002231532,0.9561527972902211,True,True,False,,False,,True,True,False,,Sheet2,Sheet3,Sheet4,Sheet5,Sheet6
patient_7_exp_1,2023_07_17_CGNs_isolated1407_CSF_5_480nm-fitc_svi_ROI_min0.1.xlsx,7_1..25/2023_07_17_CGNs_isolated1407_CSF_5_480nm-fitc_svi_ROI_min0.1.xlsx,7,Control,1_25,ROI_005,F,0.004612546125461255,False,5.170198069733357,7.223292189883637,1003.0,51.67054471549804,1,False,True,0.025547117324029048,-33.1789798660548,33.230074100702865,5.486716372288871,3.1788487084688164,7.794584036108926,7.570917243385685,5.208265328928798,9.933569157842571,0.0005598563802200192,-30.904860632139894,30.905980344900335,111.68658083893267,-9197488.542152487,9197711.915314164,0.9953955526917752,0.9998979718977341,True,True,3.2923005962468053,6.156654683132217,442.0,36.02080188862176,1,False,True,4.0911325074594333e-05,-0.2890666074562255,0.2891484301063747,3.370784529786284,3.2855339036935605,3.456035155879008,5.180316764307092,4.919562496899021,5.441071031715163,0.14743003639934799,-0.07929131229851002,0.374151385097206,100.00123395783515,-269.2222413197733,469.2247092354436,0.9930615868810876,0.9580952117541858,True,True,False,,False,,True,True,False,,Sheet2,Sheet3,Sheet4,Sheet5,Sheet6
patient_7_exp_1,2023_07_17_CGNs_isolated1407_CSF_5_480nm-fitc_svi_ROI_min0.1.xlsx,7_1..25/2023_07_17_CGNs_isolated1407_CSF_5_480nm-fitc_svi_ROI_min0.1.xlsx,7,Control,1_25,ROI_006,G,0.0,False,5.028557921028935,7.751183342965874,1003.0,58.237879335377094,1,False,True,0.2924879828880586,-10003.920119680013,10004.505095645789,5.237764918018384,3.1890247084691237,7.286505127567645,6.426825787784206,4.045826271010434,8.807825304557978,0.006572474801433419,-10002.14692779507,10002.160072744673,1694.1929208136314,-2631377529.387241,2631380917.7730823,0.9852334309064978,0.9987467482907504,True,True,4.355964542416335,8.2656988493992,442.0,88.98318040166762,1,False,True,0.2832019284015469,-276.3153723243008,276.8817761811039,4.6457948527858886,4.4550313918386095,4.836558313733168,6.48911509671818,5.9433927863367,7.03483740709966,0.002502646637324279,-276.437423982546,276.44242927582064,1937.1312158381024,-222050701.69879493,222054575.9612266,0.9795694773372585,0.999461599297886,True,True,False,,False,,True,True,False,,Sheet2,Sheet3,Sheet4,Sheet5,Sheet6
patient_7_exp_1,2023_07_17_CGNs_isolated1407_CSF_5_480nm-fitc_svi_ROI_min0.1.xlsx,7_1..25/2023_07_17_CGNs_isolated1407_CSF_5_480nm-fitc_svi_ROI_min0.1.xlsx,7,Control,1_25,ROI_007,H,0.004612546125461255,False,4.387902576510648,7.872972362072915,1003.0,51.235481572680996,1,False,True,0.19977279446371796,-37.26233430500729,37.66187989393473,4.588595358631087,2.309657647472689,6.867533069789486,7.182912956753126,4.406895077761648,9.958930835744603,0.005292973175049651,-35.183561559408886,35.19414750575899,115.13611450081926,-1111754.859965684,1111985.1321946857,0.9911812874669509,0.9988478228479339,True,True,4.0105768716293015,10.781112097810023,443.0,112.57022984786884,1,False,True,0.4217382255525272,-8.84965290252066,9.693129353625714,4.080372706901251,3.85376610081091,4.306979312991592,7.978745413760211,7.169051300747113,8.788439526773308,0.001389830758952899,-9.054837207413254,9.05761686893116,338.2051825576891,-2800670.009912986,2801346.4202781008,0.979523789251501,0.9996595022992814,True,True,False,,False,,True,True,False,,Sheet2,Sheet3,Sheet4,Sheet5,Sheet6
patient_7_exp_1,2023_07_17_CGNs_isolated1407_CSF_5_480nm-fitc_svi_ROI_min0.1.xlsx,7_1..25/2023_07_17_CGNs_isolated1407_CSF_5_480nm-fitc_svi_ROI_min0.1.xlsx,7,Control,1_25,ROI_008,I,0.03966789667896679,False,3.8696542031436003,7.736735114615271,1003.0,42.96711849863335,1,False,True,0.08712158690566031,-38.23402584197718,38.4082690157885,4.056700098138849,2.240042991508985,5.8733572047687135,7.773258907676032,5.192883479057452,10.353634336294613,0.001952540459037979,-36.50597652491329,36.50988160583136,134.41097486275265,-3475371.5807200135,3475640.4026697394,0.9949757233455637,0.9995189190519856,True,True,2.8830516787791787,9.159300303277348,442.0,46.283574713022176,1,False,True,0.10366703558202883,-0.5567286076611402,0.7640626788251978,3.0962634405439866,2.9276631209434294,3.264863760144544,8.043159572446822,7.340319239154738,8.745999905738906,0.00685170521516618,-0.49852436161688285,0.5122277720472153,114.97149526720541,-20467.043730972528,20696.986721506935,0.9879880874598442,0.9977919913076607,True,True,False,,False,,True,True,False,,Sheet2,Sheet3,Sheet4,Sheet5,Sheet6
patient_7_exp_1,2023_07_17_CGNs_isolated1407_CSF_5_480nm-fitc_svi_ROI_min0.1.xlsx,7_1..25/2023_07_17_CGNs_isolated1407_CSF_5_480nm-fitc_svi_ROI_min0.1.xlsx,7,Control,1_25,ROI_009,J,0.08487084870848709,False,3.8287076829396307,6.667427053353549,1003.0,37.62292335223095,1,False,True,0.1510474869345646,-19.408566462793154,19.710661436662285,3.938658264237177,2.94200776512925,4.935308763345104,5.911184872570822,4.535271521165112,7.287098223976533,0.005653514529632417,-18.557475141140998,18.568782170200265,112.83277362735507,-522596.47311391926,522822.138661174,0.9936219466569038,0.9985666664181907,True,True,2.644386748556429,7.743211754298841,442.0,31.45253973123353,1,False,True,0.04418016811876793,-20.01366947958403,20.102029815821567,2.9388707438671484,2.8155893613376985,3.0621521263965983,6.572762549043159,6.013023288336003,7.132501809750316,0.0030442622904715516,-19.949808135892603,19.95589666047355,652.9782032243601,-4791871.222194526,4793177.178600974,0.9801052098054523,0.9989652106590096,True,True,False,,False,,True,True,False,,Sheet2,Sheet3,Sheet4,Sheet5,Sheet6
patient_7_exp_1,2023_07_17_CGNs_isolated1407_CSF_5_480nm-fitc_svi_ROI_min0.1.xlsx,7_1..25/2023_07_17_CGNs_isolated1407_CSF_5_480nm-fitc_svi_ROI_min0.1.xlsx,7,Control,1_25,ROI_010,K,0.17712177121771217,False,4.540860625950195,7.310449028135054,1003.0,47.96266500655305,1,False,True,5.367774577823041e-06,-17.817667665965555,17.81767840151471,4.583123186782449,3.05059335059961,6.1156530229652875,7.3588377719652325,5.5134663122415795,9.204209231688885,0.16665588232416298,-16.12601561319187,16.4593273778402,100.05824430859948,-15258.92988660123,15459.046375218428,0.9968161052279384,0.9649129191275188,True,True,3.4337984062909555,8.95480581384561,442.0,42.191225663957994,1,False,True,0.020030612229051278,-18.298634754321288,18.338695978779388,3.832396200392839,3.6778204439019917,3.986971956883686,8.45099375242101,7.83479222701086,9.067195277831159,0.002170179767908843,-18.166794423759804,18.17113478329562,570.7020658755978,-5490494.26192567,5491635.666057422,0.9898374580219343,0.9994340481940442,True,True,False,,False,,True,True,False,,Sheet2,Sheet3,Sheet4,Sheet5,Sheet6
patient_7_exp_1,2023_07_17_CGNs_isolated1407_CSF_5_480nm-fitc_svi_ROI_min0.1.xlsx,7_1..25/2023_07_17_CGNs_isolated1407_CSF_5_480nm-fitc_svi_ROI_min0.1.xlsx,7,Control,1_25,ROI_011,L,0.11992619926199262,False,4.488378967772571,7.532383476378641,1003.0,47.79082524901133,1,False,True,8.128842951976058e-07,-0.07652828116617413,0.07652990693476452,4.520373577846891,4.428198549974997,4.612548605718786,9.031173044996024,8.575283297877155,9.487062792114893,7.3794154131156496e-09,,,100.00005267060929,-1745293943.3983197,1745294143.398425,0.9961242599505923,0.999999998367521,True,True,2.8972070151892275,7.594475238155894,442.0,38.38533040085649,1,False,True,0.07090892117208726,-0.2978172759687023,0.43963511831287677,3.030186860756524,2.9380599882330767,3.122313733279971,6.960558453306351,6.586029729674388,7.335087176938314,0.0018804715565292275,-0.28629538562413737,0.2900563287371958,111.8660751685151,-40295.06217825372,40518.79432859075,0.9941876680234468,0.9993798054757924,True,True,False,,False,,True,True,False,,Sheet2,Sheet3,Sheet4,Sheet5,Sheet6
patient_7_exp_1,2023_07_17_CGNs_isolated1407_CSF_5_480nm-fitc_svi_ROI_min0.1.xlsx,7_1..25/2023_07_17_CGNs_isolated1407_CSF_5_480nm-fitc_svi_ROI_min0.1.xlsx,7,Control,1_25,ROI_012,M,0.01937269372693727,False,4.383014434277637,8.011768616942163,1003.0,47.22138752501669,1,False,True,0.024969647305942654,-35.443620138765525,35.49355943337741,4.720892488172238,2.015039011595179,7.426745964749297,8.158849207114354,4.890338242231672,11.427360171997037,0.0005717431875588093,-32.77505710415428,32.77620059052939,111.61909054633526,-9727156.135329207,9727379.3735103,0.9942387931872712,0.9998789055344821,True,True,1.9053308552163923,7.282218957009434,442.0,28.291849373773882,1,False,True,0.04965409123650417,-0.18985430898310438,0.2891624914561127,1.9742588741228575,1.9153509943447555,2.0331667539009595,6.874221788920661,6.5081249869842726,7.240318590857049,0.04327018344453309,-0.14496443207154713,0.23150479896061332,112.36974627782425,-1028.2030698197234,1252.942562375372,0.9943192096438307,0.978552882159375,True,True,False,,False,,True,True,False,,Sheet2,Sheet3,Sheet4,Sheet5,Sheet6
patient_7_exp_1,2023_07_17_CGNs_isolated1407_CSF_5_480nm-fitc_svi_ROI_min0.1.xlsx,7_1..25/2023_07_17_CGNs_isolated1407_CSF_5_480nm-fitc_svi_ROI_min0.1.xlsx,7,Control,1_25,ROI_013,N,0.00922509225092251,False,3.855962818244656,7.4509673273754515,1003.0,41.15824701827856,1,False,True,0.11188953205394794,-3194.3471682277886,3194.570947291896,4.073193017474558,2.6757495314080497,5.470636503541066,7.059652279399125,4.975401013902319,9.143903544895931,0.003780145060545664,-3193.0529001981695,3193.06046048829,1212.6362870469025,-1055099433.470317,1055101858.7428912,0.9925657227774669,0.9990728059985082,True,True,2.373567068341768,8.013486098543638,442.0,33.25876772455122,1,False,True,2.3051220286137605e-06,-1.647826835380879,1.647831445624936,2.4916323101037507,2.4161347655705967,2.567129854636905,7.284261862994117,6.868397646103011,7.700126079885223,0.10224467581392947,-1.4765413719849683,1.6810307236128272,247.28898820128362,-5065.883141937359,5560.461118339926,0.9929224675535537,0.960582295780015,True,True,False,,False,,True,True,False,,Sheet2,Sheet3,Sheet4,Sheet5,Sheet6
patient_7_exp_1,2023_07_17_CGNs_isolated1407_CSF_5_480nm-fitc_svi_ROI_min0.1.xlsx,7_1..25/2023_07_17_CGNs_isolated1407_CSF_5_480nm-fitc_svi_ROI_min0.1.xlsx,7,Control,1_25,ROI_014,O,0.03782287822878229,False,2.112602638564954,8.560709877387126,1004.0,26.50202482212857,1,False,True,0.12321075642046976,-3.0390406154410865,3.2854621282820258,1.9956213605094666,1.724257758122128,2.2669849628968053,8.088769920997098,7.320194343741578,8.857345498252618,0.0014366517077050642,-2.8908821605363593,2.8937554639517695,105.54449433286014,-332320.18469150865,332531.2736801744,0.999675161963916,0.9992806159365846,True,True,0.3778746052550725,15.563646354290938,444.0,15.648916016428954,1,False,True,0.050635749935443564,-0.04486856826970846,0.1461400681405956,0.30539309576049983,0.2534411863095919,0.3573450052114078,12.890895969420203,10.737721518334467,15.044070420505939,0.026476330319270793,-0.02145193509934325,0.07440459573788484,102.25087590323908,-729.191143652993,933.6928954594711,0.9881134339054289,0.9202206402921047,True,True,False,,False,,True,True,False,,Sheet2,Sheet3,Sheet4,Sheet5,Sheet6
patient_7_exp_1,2023_07_17_CGNs_isolated1407_CSF_5_480nm-fitc_svi_ROI_min0.1.xlsx,7_1..25/2023_07_17_CGNs_isolated1407_CSF_5_480nm-fitc_svi_ROI_min0.1.xlsx,7,Control,1_25,ROI_015,P,0.02952029520295203,False,3.8743090325446214,8.053756753251832,1003.0,36.600673411668275,1,False,True,2.7456098146756865e-08,-0.11085150655218565,0.11085156146438194,4.336326534244524,4.150487167125499,4.5221659013635485,7.209949677063599,6.51600013613708,7.9038992179901175,6.529051830871021e-09,,,100.0000007137449,-2592011514.757448,2592011714.757449,0.9813161089342486,0.9999999984943357,True,True,4.0485535848733365,9.297032985163355,442.0,50.211720984107735,1,False,True,0.035154630934622545,-189.37757938467777,189.447888646547,4.680736437300972,4.417890499348458,4.943582375253486,7.825736554539483,6.9851512774494395,8.666321831629526,0.0007102246063212333,-189.16718835874474,189.16860880795736,1372.5738489891896,-386225425.0228778,386228170.17057574,0.9741187524948782,0.9998482895015979,True,True,False,,False,,True,True,False,,Sheet2,Sheet3,Sheet4,Sheet5,Sheet6
patient_7_exp_1,2023_07_17_CGNs_isolated1407_CSF_5_480nm-fitc_svi_ROI_min0.1.xlsx,7_1..25/2023_07_17_CGNs_isolated1407_CSF_5_480nm-fitc_svi_ROI_min0.1.xlsx,7,Control,1_25,ROI_016,Q,0.008302583025830259,False,4.806109645061814,9.135293670998067,1003.0,60.575173049703764,1,False,True,1.377648120247843e-06,-0.09440961579569487,0.09441237109193537,5.06195373102369,4.953277900373422,5.170629561673959,10.31013240575631,9.732513865513335,10.887750945999285,1.2497496709075959e-08,,,100.0000525695878,-1501966278.9145045,1501966478.9146094,0.9952054745556916,0.9999999975310924,True,True,3.5264639042963637,7.029713960424374,442.0,52.22257265670347,1,False,True,0.0001227186361937124,-1.2625910792608588,1.262836516533246,3.600500049017095,3.5076738300302743,3.693326268003916,6.025110561432488,5.714095754291318,6.336125368573658,0.20883494137606884,-0.9774774980664973,1.395147380818635,194.7154004285067,-1471.3657416111362,1860.7965424681495,0.9929150100884812,0.9451781106406411,True,True,False,,False,,True,True,False,,Sheet2,Sheet3,Sheet4,Sheet5,Sheet6
patient_7_exp_1,2023_07_17_CGNs_isolated1407_CSF_5_480nm-fitc_svi_ROI_min0.1.xlsx,7_1..25/2023_07_17_CGNs_isolated1407_CSF_5_480nm-fitc_svi_ROI_min0.1.xlsx,7,Control,1_25,ROI_017,R,0.15313653136531366,False,4.595311455439721,7.643031709619208,1003.0,50.351444191409584,1,False,True,0.07464987200539444,-30.230453149543962,30.379752893554752,4.79854785097232,2.472472654859827,7.124623047084814,8.123136492492737,5.362646926090995,10.883626058894478,0.002494634307162163,-27.98705496829185,27.992044236906175,111.09503398756623,-1897822.5501757185,1898044.7402436938,0.9958511401963897,0.9994803973689442,True,True,2.6106722913229032,7.757827069043117,442.0,33.13218878293038,1,False,True,7.114087679497736e-09,,,2.708296409150684,2.634171011555557,2.7824218067458104,6.830370174267977,6.437427084763315,7.223313263772639,0.1541287947146813,0.09369201815030107,0.21456557127906153,100.00000237138322,30.87017587474547,169.12982886802098,0.9887236370450516,0.946154472610656,True,True,False,,False,,True,True,False,,Sheet2,Sheet3,Sheet4,Sheet5,Sheet6
patient_7_exp_1,2023_07_17_CGNs_isolated1407_CSF_5_480nm-fitc_svi_ROI_min0.1.xlsx,7_1..25/2023_07_17_CGNs_isolated1407_CSF_5_480nm-fitc_svi_ROI_min0.1.xlsx,7,Control,1_25,ROI_018,S,0.015682656826568265,False,4.566143167164434,7.897859432217501,1003.0,51.80890034496739,1,False,True,8.486811429338912e-06,-27.74360651229944,27.743623485922296,4.639927987587026,1.76142355117031,7.518432424003741,8.547566623482293,5.023298299471094,12.071834947493493,0.10471768904701106,-24.779312313656966,24.988747691750987,100.28997905674989,-39048.03264775838,39248.61260587189,0.9953345822779661,0.9779292920517301,True,True,3.62688730878816,7.217767651238432,442.0,36.685475612778596,1,False,True,0.044441855883925505,-0.5788803991754582,0.6677641109433091,3.899691296781422,3.7485699979763156,4.050812595586528,6.221548221589644,5.767995149510641,6.6751012936686465,0.0018503188932701311,-0.49614314792377384,0.4998437857103141,111.23667376194231,-67976.30196142965,68198.77530895354,0.9874959027211159,0.9995257467238498,True,True,False,,False,,True,True,False,,Sheet2,Sheet3,Sheet4,Sheet5,Sheet6
patient_7_exp_1,2023_07_17_CGNs_isolated1407_CSF_5_480nm-fitc_svi_ROI_min0.1.xlsx,7_1..25/2023_07_17_CGNs_isolated1407_CSF_5_480nm-fitc_svi_ROI_min0.1.xlsx,7,Control,1_25,ROI_019,T,0.04981549815498155,False,4.59016415842154,7.680689976591111,1003.0,54.58419317068314,1,False,True,3.165054161479949e-09,,,4.492789328222427,3.780782313457802,5.204796342987052,8.125018470162596,6.490552899609118,9.759484040716073,0.26799334193621727,-0.49129552248381103,1.0272822063562455,100.00323673569214,-671.3722632739056,871.3787367452898,0.989285420883933,0.9437081336192802,True,True,3.1751982177677696,6.28155377027457,442.0,34.6170645885536,1,False,True,5.648471741924377e-12,,,3.1973222015227667,3.144379679800546,3.2502647232449875,5.660273916062844,5.4864493876513345,5.834098444474354,0.16441630929059875,0.1466837070564854,0.1821489115247121,100.00000000500859,,,0.9938600416658047,0.9510918803584106,True,True,False,,False,,True,True,False,,Sheet2,Sheet3,Sheet4,Sheet5,Sheet6
patient_7_exp_1,2023_07_17_CGNs_isolated1407_CSF_5_480nm-fitc_svi_ROI_min0.1.xlsx,7_1..25/2023_07_17_CGNs_isolated1407_CSF_5_480nm-fitc_svi_ROI_min0.1.xlsx,7,Control,1_25,ROI_020,U,0.0036900369003690036,False,4.722474898075814,8.191932684576045,1003.0,52.44991629761104,1,False,True,1.090678631977834e-07,-0.0800607296394994,0.0800609477752258,5.044079001073581,4.933286952033277,5.1548710501138855,8.768512159914383,8.289082586348135,9.247941733480632,2.7802960477949896e-09,,,100.00000218782256,-2557352417.5629544,2557352617.562959,0.9946209963911852,0.9999999994488,True,True,4.47549936888616,7.531225847735925,442.0,55.75921682221903,1,False,True,0.09686855951898161,-1.0036796635833045,1.1974167826212676,4.889021064866826,4.7017027519822765,5.076339377751376,6.658764933216177,6.184240742255764,7.1332891241765894,0.0030479683806149214,-0.9346206143674246,0.9407165511286545,132.1445859903789,-79776.05489290757,80040.34406488833,0.9886170305049317,0.9993769572015643,True,True,False,,False,,True,True,False,,Sheet2,Sheet3,Sheet4,Sheet5,Sheet6
patient_7_exp_1,2023_07_17_CGNs_isolated1407_CSF_5_480nm-fitc_svi_ROI_min0.1.xlsx,7_1..25/2023_07_17_CGNs_isolated1407_CSF_5_480nm-fitc_svi_ROI_min0.1.xlsx,7,Control,1_25,ROI_021,V,0.02029520295202952,False,3.926030623306232,6.573781655569746,1003.0,33.551813655284526,1,False,True,0.024184012305293226,-2162.444133721343,2162.4925017459536,4.277375255267529,3.1827902315857393,5.371960278949318,5.7273643550781435,4.236585653395119,7.218143056761168,0.0009169605943226781,-2161.403358325838,2161.405192247026,1051.5328467319907,-2558849833.981751,2558851937.047445,0.9890324289851263,0.9997856713501423,True,True,4.17174102572007,6.074716390799608,442.0,40.812167216229845,1,False,True,1.682688281776505e-07,-0.5032030474132584,0.5032033839509148,4.43519813440683,4.287103362393901,4.58329290641976,4.90693532510466,4.576368082440433,5.237502567768888,0.16455265620225112,-0.23439867484632987,0.5635039872508321,100.00000092461595,-471.6619569207696,671.6619587700015,0.9867967562581765,0.9642257453298982,True,True,False,,False,,True,True,False,,Sheet2,Sheet3,Sheet4,Sheet5,Sheet6
patient_7_exp_1,2023_07_17_CGNs_isolated1407_CSF_5_480nm-fitc_svi_ROI_min0.1.xlsx,7_1..25/2023_07_17_CGNs_isolated1407_CSF_5_480nm-fitc_svi_ROI_min0.1.xlsx,7,Control,1_25,ROI_022,W,0.04059040590405904,False,3.6755182239999997,10.536338145745844,1004.0,50.09601595933333,1,False,True,0.02831080229201824,-22.029962463923894,22.086584068507932,3.6467155697118914,1.235135134303074,6.058296005120709,10.98209875766011,6.88681838469867,15.077379130621548,0.0002840723771380505,-19.662089593869773,19.66265773862405,114.11951619154395,-13063962.512189776,13064190.75122216,0.9987230512131076,0.9999221079229458,True,True,3.454909945950786,14.066423692211401,443.0,65.78230181279075,1,False,True,0.0394064828348405,-0.9235996404231612,1.0024126060928422,3.635332939952316,3.167700877277815,4.102965002626817,13.797126466650393,12.135025023719315,15.459227909581472,0.024975653527743627,-0.49858485498056376,0.548536162036051,110.58975886997253,-9128.948257345048,9350.127775084991,0.9941744592578399,0.9931766262625421,True,True,False,,False,,True,True,False,,Sheet2,Sheet3,Sheet4,Sheet5,Sheet6
patient_7_exp_1,2023_07_17_CGNs_isolated1407_CSF_5_480nm-fitc_svi_ROI_min0.1.xlsx,7_1..25/2023_07_17_CGNs_isolated1407_CSF_5_480nm-fitc_svi_ROI_min0.1.xlsx,7,Control,1_25,ROI_023,X,0.043357933579335796,False,3.1065733163983533,7.645399352429536,1003.0,31.46889735602356,1,False,True,0.010708985889334994,-20.035177581502904,20.05659555328157,3.2890793647880674,1.874924828694722,4.703233900881413,7.667390536091286,5.253228593208483,10.08155247897409,0.0002675667358151535,-18.638760873735375,18.639296007207005,111.66186986319006,-11635086.228754548,11635309.552494274,0.9954247958345386,0.999918656577921,True,True,2.9502246790123445,12.711948511455034,443.0,56.80921774074068,1,False,True,1.9338717415614944e-11,,,3.2002968004925463,3.079560163326311,3.3210334376587816,10.886487696758842,10.0432282027871,11.729747190730583,0.13931287615563134,0.019802906449363555,0.25882284586189913,169.13251342886957,-172.02234618346233,510.2873730412015,0.9845651742683806,0.9582846830485131,True,True,False,,False,,True,True,False,,Sheet2,Sheet3,Sheet4,Sheet5,Sheet6
patient_7_exp_1,2023_07_17_CGNs_isolated1407_CSF_5_480nm-fitc_svi_ROI_min0.1.xlsx,7_1..25/2023_07_17_CGNs_isolated1407_CSF_5_480nm-fitc_svi_ROI_min0.1.xlsx,7,Control,1_25,ROI_024,Y,0.08579335793357934,False,2.106034892433437,9.824028175775766,1004.0,26.48068431323346,1,False,True,0.0024281409233942786,-7.677122303135976,7.6819785849827635,2.124889287422577,1.3332819648638543,2.9164966099812997,9.979414580325978,7.738795856529158,12.220033304122797,2.8334368697450625e-05,-6.893581045853484,6.893637714590879,110.48006261039185,-43844944.350687765,43845165.31081299,0.9992440498643156,0.9999866656625146,True,True,1.3395116217573328,10.79147271816987,444.0,21.304735716018723,1,False,True,0.02790937665238085,-0.30090914598151286,0.3567278992862746,1.4770760259137306,1.383988116211634,1.570163935615827,8.612002299957688,7.793352753507437,9.430651846407939,0.006584052668124712,-0.2357239399826227,0.2488920453188721,112.37244313430588,-10590.741303026565,10815.486189295176,0.9876735248914383,0.9955622903364644,True,True,False,,False,,True,True,False,,Sheet2,Sheet3,Sheet4,Sheet5,Sheet6
patient_7_exp_1,2023_07_17_CGNs_isolated1407_CSF_5_480nm-fitc_svi_ROI_min0.1.xlsx,7_1..25/2023_07_17_CGNs_isolated1407_CSF_5_480nm-fitc_svi_ROI_min0.1.xlsx,7,Control,1_25,ROI_025,Z,0.0036900369003690036,False,3.5574490542869945,9.101749800207699,1003.0,40.85876334783214,1,False,True,8.27701369883684e-10,,,3.869186819004113,3.7815034834521493,3.9568701545560767,9.102260138578673,8.756189573158109,9.448330703999238,2.8649093306479735e-11,,,100.0000000142356,,,0.9926571179012871,0.9999999999925956,True,True,2.9445362713151253,8.661729543673175,442.0,42.48147564887906,1,False,True,0.07519283447407803,-0.4755501777532411,0.6259358467013971,3.1490751655668463,3.007123132818758,3.2910271983149344,7.970254419875741,7.390334198819891,8.55017464093159,0.006888060088146245,-0.4137655043912307,0.4275416245675232,114.18521555337445,-16884.687115803114,17113.057546909862,0.9915222040386924,0.9978174460234033,True,True,False,,False,,True,True,False,,Sheet2,Sheet3,Sheet4,Sheet5,Sheet6
patient_7_exp_1,2023_07_17_CGNs_isolated1407_CSF_5_480nm-fitc_svi_ROI_min0.1.xlsx,7_1..25/2023_07_17_CGNs_isolated1407_CSF_5_480nm-fitc_svi_ROI_min0.1.xlsx,7,Control,1_25,ROI_026,AA,0.08210332103321033,False,4.030486105121117,7.532808109952839,1004.0,45.89823680174542,1,False,True,0.2706061779193421,-487.52054237490734,488.061754730746,3.958283616739462,3.3838754088615404,4.532691824617384,5.411701756655202,4.562008742642436,6.261394770667969,0.007881238803995824,-487.2027528857452,487.21851536335316,654.9480928910555,-42561892.26469603,42563202.16088182,0.995409937771434,0.9980128816902353,True,True,2.888186663141084,8.847589328000026,442.0,46.68818259605241,1,False,True,5.105351011005335e-14,,,2.7209541856778494,2.6695189379994093,2.7723894333562895,7.919904087137812,7.610198806883693,8.229609367391932,0.2862353458969077,0.23965678898464796,0.33281390280916745,100.00000155235526,72.81718956562138,127.18281353908914,0.995752747460394,0.904816326709206,True,True,False,,False,,True,True,False,,Sheet2,Sheet3,Sheet4,Sheet5,Sheet6
patient_7_exp_1,2023_07_17_CGNs_isolated1407_CSF_5_480nm-fitc_svi_ROI_min0.1.xlsx,7_1..25/2023_07_17_CGNs_isolated1407_CSF_5_480nm-fitc_svi_ROI_min0.1.xlsx,7,Control,1_25,ROI_027,AB,0.0036900369003690036,False,4.00418407783354,7.490881957186275,1003.0,42.026984491252804,1,False,True,0.06798601193355508,-25.466396750367814,25.602368774234925,4.210602961262344,2.5194577872320796,5.901748135292609,7.495424554951886,5.237500312158431,9.75334879774534,0.0017999840313786375,-23.846857226318185,23.850457194380944,113.43272358706507,-2219375.2009100285,2219602.0663572024,0.9954670660365723,0.9995726942425133,True,True,2.9936496506863786,9.177169212121612,442.0,47.233290239493144,1,False,True,8.929571622898491e-05,-1.0963531728934832,1.0965317643259413,3.1356171814370257,2.9892363657403256,3.281997997133726,8.489187002650363,7.8459090660916075,9.132464939209118,0.14922195303132202,-0.8070853120467363,1.1055292181093803,155.61496966104448,-1673.5768546479048,1984.806793969994,0.9913423057632449,0.9545725233648393,True,True,False,,False,,True,True,False,,Sheet2,Sheet3,Sheet4,Sheet5,Sheet6
patient_7_exp_1,2023_07_17_CGNs_isolated1407_CSF_5_480nm-fitc_svi_ROI_min0.1.xlsx,7_1..25/2023_07_17_CGNs_isolated1407_CSF_5_480nm-fitc_svi_ROI_min0.1.xlsx,7,Control,1_25,ROI_028,AC,0.05627306273062731,False,3.611395701987899,8.354831498269846,1003.0,38.018431497320634,1,False,True,1.7701020550473743e-08,-0.07076843475870737,0.07076847016074847,3.9532543063092556,3.848438839780883,4.058069772837628,8.122328989520831,7.576603701290839,8.668054277750823,6.005962278719634e-10,,,100.00000053947274,-30238774631.134014,30238774831.134014,0.9918517698191244,0.9999999998480755,True,True,2.791814170464133,8.450067016990658,442.0,34.0129763098733,1,False,True,9.795399595426503e-08,-0.6228364665155215,0.6228366624235133,3.0006352874956748,2.8847958860248704,3.116474688966479,7.9659005088301775,7.455720683366767,8.476080334293588,0.06270755495873775,-0.4522449251076008,0.5776600350250762,131.8301573019346,-2118.748119749026,2382.4084343528957,0.9932244880906643,0.9795296973979918,True,True,False,,False,,True,True,False,,Sheet2,Sheet3,Sheet4,Sheet5,Sheet6
patient_7_exp_1,2023_07_17_CGNs_isolated1407_CSF_5_480nm-fitc_svi_ROI_min0.1.xlsx,7_1..25/2023_07_17_CGNs_isolated1407_CSF_5_480nm-fitc_svi_ROI_min0.1.xlsx,7,Control,1_25,ROI_029,AD,0.07656826568265683,False,2.115704941431227,9.595607329560949,1004.0,30.14350663886684,1,False,True,0.16581277221358004,-3.1096027010346297,3.4412282454617897,1.9295379942948514,1.5863294177066534,2.2727465708830494,8.890741569586105,7.868535621325686,9.912947517846524,0.008614734054090594,-2.9258787459540283,2.9431082140622093,102.17553846771057,-57155.66036458655,57360.011441521965,0.999687795821038,0.9955551830729928,True,True,0.6305490617513355,19.19201236158557,443.0,30.4054109375967,1,False,True,4.185879093837955e-07,-0.08819422136081974,0.08819505853663852,0.37357107382259686,0.34682302831821193,0.4003191193269818,9.639283097717266,8.697802466368293,10.58076372906624,0.28433889808051965,0.22143087695817298,0.3472469192028663,113.74218300006768,45.42174066022456,182.06262533991082,0.9953567847082752,0.5678148831548775,True,True,False,,False,,True,True,False,,Sheet2,Sheet3,Sheet4,Sheet5,Sheet6
patient_7_exp_1,2023_07_17_CGNs_isolated1407_CSF_5_480nm-fitc_svi_ROI_min0.1.xlsx,7_1..25/2023_07_17_CGNs_isolated1407_CSF_5_480nm-fitc_svi_ROI_min0.1.xlsx,7,Control,1_25,ROI_030,AE,0.011992619926199263,False,4.724690122105263,7.66063354675839,1003.0,51.59684354679425,1,False,True,0.153127126801622,-17.71589927071779,18.022153524321034,4.79108431504927,3.285144097254938,6.297024532843602,7.403699163460644,5.664478357953509,9.142919968967778,0.007773949987054614,-16.362493030622595,16.378040930596704,101.29125425090169,-333035.69188285613,333238.27439135796,0.997203361556669,0.9983800417604133,True,True,3.324430400368195,8.609673725818936,442.0,52.29006596175325,1,False,True,0.116168788112725,-22.619581211270095,22.851918787495542,3.6172140038823346,3.4778658930539312,3.756562114710738,7.663535397183931,7.097302780941992,8.22976801342587,0.004373336427830015,-22.60177267880555,22.610519351661207,657.7437005775776,-3820017.127252594,3821332.614653749,0.987734946521876,0.9987924255259144,True,True,False,,False,,True,True,False,,Sheet2,Sheet3,Sheet4,Sheet5,Sheet6
patient_7_exp_1,2023_07_17_CGNs_isolated1407_CSF_5_480nm-fitc_svi_ROI_min0.1.xlsx,7_1..25/2023_07_17_CGNs_isolated1407_CSF_5_480nm-fitc_svi_ROI_min0.1.xlsx,7,Control,1_25,ROI_031,AF,0.027675276752767528,False,3.6390183662158977,8.831039159016655,1003.0,41.391544730271356,1,False,True,0.0027287289419454935,-35.595525085696984,35.600982543580876,3.9018396004719866,0.8360133515729515,6.967665849371022,8.853315285272254,4.23606172823277,13.470568842311739,4.333274481612712e-05,-32.541800067083614,32.541886732573246,111.34593732366925,-130649517.91014214,130649740.60201679,0.9933699829520136,0.9999888944016113,True,True,2.5423415518450416,10.501285064770173,444.0,37.7928791213672,1,False,True,0.0446246239390998,-0.32677765321589025,0.4160269010940898,2.6224757249678463,2.5270681635169847,2.717883286418708,8.343497394873681,7.869866599159487,8.817128190587876,0.0024076638943755627,-0.2804201396970043,0.28523546748575546,115.96635975947206,-33158.08311001569,33390.01582953463,0.9952118536744867,0.999082753959817,True,True,False,,False,,True,True,False,,Sheet2,Sheet3,Sheet4,Sheet5,Sheet6
patient_7_exp_1,2023_07_17_CGNs_isolated1407_CSF_5_480nm-fitc_svi_ROI_min0.1.xlsx,7_1..25/2023_07_17_CGNs_isolated1407_CSF_5_480nm-fitc_svi_ROI_min0.1.xlsx,7,Control,1_25,ROI_032,AG,0.052583025830258305,False,3.1452580323672357,7.832866185946841,1003.0,32.10797326814645,1,False,True,0.022116122673671232,-328.9040265015073,328.9482587468546,3.361973743524651,1.971872140791383,4.752075346257919,7.4498750222318275,4.938016416323766,9.96173362813989,0.0007705152864325459,-327.53117652609143,327.5327175566643,411.1138092929092,-191727392.62053415,191728214.84815273,0.993103147355088,0.9997708671171133,True,True,2.347557686369685,9.666949457214344,442.0,30.547589695326195,1,False,True,0.009004100885251125,-0.7344580848055061,0.7524662865760084,2.633382712071527,2.478232913246075,2.7885325108969794,9.165001796816844,8.368145225831228,9.96185836780246,0.000553659031643475,-0.5941419257566507,0.5952492438199377,130.95382065798657,-310147.16753930785,310409.0751806238,0.9903159195281679,0.9997897978714605,True,True,False,,False,,True,True,False,,Sheet2,Sheet3,Sheet4,Sheet5,Sheet6
patient_7_exp_1,2023_07_17_CGNs_isolated1407_CSF_5_480nm-fitc_svi_ROI_min0.1.xlsx,7_1..25/2023_07_17_CGNs_isolated1407_CSF_5_480nm-fitc_svi_ROI_min0.1.xlsx,7,Control,1_25,ROI_033,AH,0.01845018450184502,False,5.772029643971273,7.680960268324043,1003.0,65.13958788772018,1,False,True,2.201203094648338e-12,,,5.739622013819285,5.2084934979860344,6.270750529652536,8.31585091764546,7.359631225535502,9.272070609755417,0.21553433838358682,-0.3499318369917822,0.7810005137589558,100.0052489047911,-605.1043217744651,805.1148195840473,0.996628809344338,0.9638071067094891,True,True,3.9571992479717837,7.6423144414675335,442.0,41.351014060945104,1,False,True,0.005934734336491272,-0.5160107859905783,0.5278802546635608,4.237475013141102,4.099704066860288,4.375245959421917,7.333536648111136,6.92678482495712,7.740288471265152,0.038255751290860264,-0.3611099216196127,0.43762142420133326,110.47503252782488,-2710.6190045879775,2931.5690696436277,0.9943979384723104,0.9910528156709272,True,True,False,,False,,True,True,False,,Sheet2,Sheet3,Sheet4,Sheet5,Sheet6
patient_7_exp_1,2023_07_17_CGNs_isolated1407_CSF_5_480nm-fitc_svi_ROI_min0.1.xlsx,7_1..25/2023_07_17_CGNs_isolated1407_CSF_5_480nm-fitc_svi_ROI_min0.1.xlsx,7,Control,1_25,ROI_034,AI,0.03782287822878229,False,4.456775264466206,7.436295332880718,1003.0,46.786278464103304,1,False,True,0.06975218507981981,-19.237569376215074,19.377073746374716,4.579531303242723,3.1453289379054326,6.013733668580013,7.951923734751917,6.175974942363245,9.727872527140589,0.0023806023013143796,-17.877032308700496,17.881793513303126,111.39095327753235,-1264883.8310768586,1265106.6129834135,0.9980428688659089,0.99948043472891,True,True,3.280711738024857,8.82187861446107,442.0,39.560970456490644,1,False,True,0.017237292295498495,-0.5122543365067644,0.5467289210977615,3.563629022061554,3.406841399390349,3.7204166447327593,8.765797098120608,8.194831525521785,9.33676267071943,0.0009758445385650629,-0.3827297686430916,0.3846814577202218,110.91129690371102,-116007.05069776588,116228.8732915733,0.9943845146058422,0.9997262404740259,True,True,False,,False,,True,True,False,,Sheet2,Sheet3,Sheet4,Sheet5,Sheet6
patient_7_exp_1,2023_07_17_CGNs_isolated1407_CSF_5_480nm-fitc_svi_ROI_min0.1.xlsx,7_1..25/2023_07_17_CGNs_isolated1407_CSF_5_480nm-fitc_svi_ROI_min0.1.xlsx,7,Control,1_25,ROI_035,AJ,0.10608856088560886,False,3.448295810282496,7.694014963993254,1003.0,36.5877301794234,1,False,True,0.06201897853659204,-27.372320405746297,27.496358362819482,3.649318513714199,1.8949072219991192,5.403729805429278,7.599684705649414,4.883425504525285,10.315943906773544,0.001667464947058457,-25.68384244128766,25.687177371181775,116.08833192194032,-2620113.9733569343,2620346.150020778,0.9939226564678086,0.9995432836617822,True,True,2.5658290095238114,10.645239141968318,443.0,38.69769035892871,1,False,True,0.03688142799005446,-0.7004453222861305,0.7742081782662394,2.806143106709608,2.6526388615678345,2.9596473518513813,9.278597464306777,8.537050359853774,10.02014456875978,0.003868680240312685,-0.5859331765634751,0.5936705370441006,131.66416019431807,-44108.81701619443,44372.14533658307,0.9920034129343851,0.9986232512410519,True,True,False,,False,,True,True,False,,Sheet2,Sheet3,Sheet4,Sheet5,Sheet6
patient_7_exp_1,2023_07_17_CGNs_isolated1407_CSF_5_480nm-fitc_svi_ROI_min0.1.xlsx,7_1..25/2023_07_17_CGNs_isolated1407_CSF_5_480nm-fitc_svi_ROI_min0.1.xlsx,7,Control,1_25,ROI_036,AK,0.05719557195571956,False,5.707720188380259,7.7682903507884475,1003.0,62.32462397837273,1,False,True,0.1137338728137537,-36.08710818512716,36.314575930754664,5.969414562619576,3.373418957753372,8.56541016748578,7.88449182595047,5.4192984224334495,10.349685229467491,0.002642907288677389,-33.61278407398543,33.61806988856278,112.60620028379238,-2148916.5455808127,2149141.7579813804,0.9960269682823311,0.9995574544782941,True,True,3.41749631403509,9.947374885445072,443.0,51.76446400350889,1,False,True,0.05929933736919361,-83.50182838523483,83.62042705997322,3.7284127870684993,3.5956410900845057,3.861184484052493,8.379714672016092,7.826164423081529,8.933264920950656,0.009349908560379818,-83.42371983304056,83.44241965016133,1292.1098420919714,-12235615.389142133,12238199.608826317,0.99121184519617,0.9974985280442459,True,True,False,,False,,True,True,False,,Sheet2,Sheet3,Sheet4,Sheet5,Sheet6
patient_7_exp_1,2023_07_17_CGNs_isolated1407_CSF_5_480nm-fitc_svi_ROI_min0.1.xlsx,7_1..25/2023_07_17_CGNs_isolated1407_CSF_5_480nm-fitc_svi_ROI_min0.1.xlsx,7,Control,1_25,ROI_037,AL,0.11346863468634687,False,3.7208616843224096,7.19898670004136,1003.0,38.20160721204607,1,False,True,0.110950267123011,-25.779233059965232,26.001133594211257,3.842347580476146,2.7604171137542624,4.92427804719803,6.788236249482176,5.205173525230922,8.37129897373343,0.0038977875132340566,-24.80409935828696,24.811894933313432,132.40081368679088,-1144489.1484421773,1144753.9500695511,0.9958763839024095,0.9989865993611137,True,True,2.316333548141745,9.859834574049103,443.0,27.49752983785648,1,False,True,1.5799584317104334e-07,-0.02782388938572155,0.027824205377407894,2.5818016585729344,2.5231657248199792,2.6404375923258896,8.29431880633663,7.96973311220272,8.61890450047054,4.833579905652799e-09,,,100.00013616461457,-1536248534.7822182,1536248734.7824905,0.9892711085307926,0.9999999981278268,True,True,False,,False,,True,True,False,,Sheet2,Sheet3,Sheet4,Sheet5,Sheet6
patient_7_exp_1,2023_07_17_CGNs_isolated1407_CSF_5_480nm-fitc_svi_ROI_min0.1.xlsx,7_1..25/2023_07_17_CGNs_isolated1407_CSF_5_480nm-fitc_svi_ROI_min0.1.xlsx,7,Control,1_25,ROI_038,AM,0.09778597785977859,False,2.58159706419295,7.902518675202941,1004.0,29.73902811057514,1,False,True,4.210725511634004e-06,-3.801566965723687,3.8015753871747107,2.403421434173044,2.0690773991981155,2.7377654691479725,7.483627585227796,6.713816854549371,8.253438315906221,0.1533730455390745,-3.3155706915649366,3.6223167826430855,100.00000525506971,-3469.4855066567297,3669.4855171668696,0.9995059007266426,0.9400135416608286,True,True,1.1138737418086297,9.890600255222068,443.0,15.241624621571386,1,False,True,0.0026989511510754965,-0.24447926676072873,0.2498771690628797,1.2124752897692552,1.14289312559074,1.2820574539477705,8.552556596047259,7.807753991569942,9.297359200524577,0.028892390610561414,-0.1536999026872136,0.21148468390833644,112.38136679645261,-1718.6958253892435,1943.4585589821486,0.9897238932884131,0.9767253561799504,True,True,False,,False,,True,True,False,,Sheet2,Sheet3,Sheet4,Sheet5,Sheet6
patient_7_exp_1,2023_07_17_CGNs_isolated1407_CSF_5_480nm-fitc_svi_ROI_min0.1.xlsx,7_1..25/2023_07_17_CGNs_isolated1407_CSF_5_480nm-fitc_svi_ROI_min0.1.xlsx,7,Control,1_25,ROI_039,AN,0.07841328413284133,False,3.331169960222898,9.803376399082708,1004.0,48.322730184093736,1,False,True,2.9645395856181647e-06,-0.3626393728431423,0.3626453019223135,2.976026047122802,2.8114215682214247,3.1406305260241796,9.387283616227574,8.737464310310854,10.037102922144294,0.32774011162099054,-0.208228605693986,0.8637088289359671,100.00000001220086,,,0.9989526271679289,0.9007980299230353,True,True,2.720541865905841,10.489210166247062,444.0,38.301140333712134,1,False,True,0.027355442076056277,-0.4522042898274909,0.5069151739796034,2.848077591884207,2.753868246619905,2.9422869371485088,8.482715288641295,8.040151455617599,8.92527912166499,0.0017252208256862904,-0.3887604326382938,0.39221087428966633,131.0520114026019,-63295.37509071291,63557.47911351811,0.9959113724635505,0.9993946174738856,True,True,False,,False,,True,True,False,,Sheet2,Sheet3,Sheet4,Sheet5,Sheet6
patient_7_exp_1,2023_07_17_CGNs_isolated1407_CSF_5_480nm-fitc_svi_ROI_min0.1.xlsx,7_1..25/2023_07_17_CGNs_isolated1407_CSF_5_480nm-fitc_svi_ROI_min0.1.xlsx,7,Control,1_25,ROI_040,AO,0.0940959409594096,False,2.4184698516686236,7.084041816652416,1003.0,25.42348274151487,1,False,True,0.09231981400168399,-16.221999500638535,16.406639128641903,2.5225881739909837,1.5993471630092086,3.4458291849727587,6.74157947621935,4.715302523898389,8.76785642854031,0.003215410926493145,-15.389287809666738,15.395718631519726,115.01929205630911,-789625.9131428002,789855.9517269129,0.9932402606589565,0.998726975072134,True,True,0.43882245870716335,8.859876547506474,443.0,10.348957745642624,1,False,True,0.0010177614727136196,-0.0793214786956537,0.08135700164108095,0.4129012468329322,0.3973016678013159,0.4285008258645485,6.241913338208574,5.793172504256864,6.690654172160285,0.06375430354728014,-0.003517643220026914,0.1310262503145872,123.29397694487861,-143.922089345613,390.5100432353702,0.9893923205941899,0.8662465935906434,True,True,False,,False,,True,True,False,,Sheet2,Sheet3,Sheet4,Sheet5,Sheet6
patient_7_exp_1,2023_07_17_CGNs_isolated1407_CSF_5_480nm-fitc_svi_ROI_min0.1.xlsx,7_1..25/2023_07_17_CGNs_isolated1407_CSF_5_480nm-fitc_svi_ROI_min0.1.xlsx,7,Control,1_25,ROI_041,AP,0.01107011070110701,False,4.347288940028396,9.733998116647854,1004.0,68.59083745482195,1,False,True,3.637472687829412e-13,,,3.5587959963901032,2.8347581894485314,4.282833803331675,8.820463410436716,6.7082142105896025,10.93271261028383,0.7316560963437599,-0.03568054186810121,1.498992734555621,100.00000005243193,-172.51269763855595,372.5126977434198,0.9888087365858947,0.8294687644728947,True,True,1.9911528076762959,10.45933458392409,443.0,31.24249800970779,1,False,True,1.3902082447154698e-06,-0.3822982406933393,0.38230102110982866,2.1286443138949718,1.9793563949296833,2.2779322328602603,9.08634723944834,8.197135149634693,9.975559329261987,0.09529021275294215,-0.1511076233199667,0.34168804882585097,100.01402228278376,-735.7153520729184,935.743396638486,0.9894549192436456,0.9571524199066368,True,True,False,,False,,True,True,False,,Sheet2,Sheet3,Sheet4,Sheet5,Sheet6
patient_7_exp_1,2023_07_17_CGNs_isolated1407_CSF_5_480nm-fitc_svi_ROI_min0.1.xlsx,7_1..25/2023_07_17_CGNs_isolated1407_CSF_5_480nm-fitc_svi_ROI_min0.1.xlsx,7,Control,1_25,ROI_042,AQ,0.09686346863468635,False,3.6297040971577994,6.785646060421527,1003.0,32.48358429360468,1,False,True,0.017140082491191498,-886.5059272689292,886.5402074339116,3.8999705879958158,2.923438496194926,4.8765026797967055,6.42151027865502,4.914698630392458,7.928321926917583,0.0006951707894635584,-885.5400708528896,885.5414611944684,730.847898360465,-976352702.7251576,976354164.4209543,0.9927405180892407,0.9998217815028376,True,True,3.1412857096431153,8.234792075672544,442.0,44.274126293779645,1,False,True,3.3554555336734715e-06,-3.752619215710002,3.7526259266210698,3.4655121537822655,3.3085535649564872,3.622470742608044,7.698000109132922,7.0581503286518705,8.337849889613974,0.09925604175155422,-3.506315509745685,3.7048275932487935,260.28408294806985,-12724.734507789977,13245.302673686117,0.9860848079948946,0.9721563826012842,True,True,False,,False,,True,True,False,,Sheet2,Sheet3,Sheet4,Sheet5,Sheet6
patient_7_exp_1,2023_07_17_CGNs_isolated1407_CSF_5_480nm-fitc_svi_ROI_min0.1.xlsx,7_1..25/2023_07_17_CGNs_isolated1407_CSF_5_480nm-fitc_svi_ROI_min0.1.xlsx,7,Control,1_25,ROI_043,AR,0.07933579335793357,False,3.1202343407969644,9.346024581905453,1003.0,38.87753214648957,1,False,True,0.006741092214513395,-25.060251761727148,25.073733946156178,3.2685805809186994,0.75069299332438,5.786468168513019,10.126871809629973,5.551145781049305,14.702597838210641,6.779132155123986e-05,-22.579492019619828,22.57962760226293,112.33488220813615,-60486739.40745316,60486964.07721757,0.9968158471031745,0.9999792601363526,True,True,2.4915262648549126,10.357573736362042,442.0,35.36422057636858,1,False,True,0.009272054804624473,-0.3856264440650609,0.4041705536743098,2.736759300687066,2.55909027852097,2.914428322853162,10.75322157790143,9.925719899929003,11.580723255873856,5.608131133272272e-06,-0.23197558102334512,0.23198679728561164,101.09745216282343,-15330707.34531717,15330909.540221497,0.9951536608037328,0.9999979508173628,True,True,False,,False,,True,True,False,,Sheet2,Sheet3,Sheet4,Sheet5,Sheet6
patient_7_exp_1,2023_07_17_CGNs_isolated1407_CSF_5_480nm-fitc_svi_ROI_min0.1.xlsx,7_1..25/2023_07_17_CGNs_isolated1407_CSF_5_480nm-fitc_svi_ROI_min0.1.xlsx,7,Control,1_25,ROI_044,AS,0.0507380073800738,False,3.9887074352143097,10.464942669666584,1003.0,52.149111622990326,1,False,True,2.7797463605245466e-09,,,4.295183204089124,,,10.886869617634261,,,8.325280167970869e-11,,,100.00000002143648,,,0.9942296031437459,0.9999999999806173,True,True,2.0833326698202956,11.709947710401252,444.0,30.73239237516153,1,False,True,0.006480550615601897,-0.43911444065361727,0.452075541884821,2.282874271704394,2.1336041079246386,2.4321444354841497,10.00711399795693,9.15213790952767,10.86209008638619,8.562548756760219e-05,-0.3047108602168227,0.30488211119195785,110.76501875938766,-1145004.8811081327,1145226.4111456512,0.9928020647877199,0.9999624936523533,True,True,False,,False,,True,True,False,,Sheet2,Sheet3,Sheet4,Sheet5,Sheet6
patient_7_exp_1,2023_07_17_CGNs_isolated1407_CSF_5_480nm-fitc_svi_ROI_min0.1.xlsx,7_1..25/2023_07_17_CGNs_isolated1407_CSF_5_480nm-fitc_svi_ROI_min0.1.xlsx,7,Control,1_25,ROI_045,AT,0.0507380073800738,False,2.8605188509012893,7.646198419580855,1003.0,30.496605793884882,1,False,True,0.0761651204689118,-472.8932543164618,473.0455845573996,2.996458790384577,2.025425773976669,3.967491806792485,7.212356601606889,5.231173575725874,9.193539627487905,0.002731759233876262,-471.9892343245485,471.99469784301624,572.3715975922851,-105487224.36427635,105488369.10747153,0.9944471295517581,0.9990891678308922,True,True,2.3428469294522873,12.50485584311997,444.0,37.69371857814787,1,False,True,0.02004454237251269,-0.6464056940408925,0.686494778785918,2.6414242593167665,2.372019115477936,2.910829403155597,10.270574855590642,8.912639868238742,11.628509842942542,2.1616649228641265e-06,-0.411910948233267,0.4119152715631127,102.59143915046175,-66650829.78330251,66651034.96618081,0.9844060698463531,0.9999991816297036,True,True,False,,False,,True,True,False,,Sheet2,Sheet3,Sheet4,Sheet5,Sheet6
patient_7_exp_1,2023_07_17_CGNs_isolated1407_CSF_5_480nm-fitc_svi_ROI_min0.1.xlsx,7_1..25/2023_07_17_CGNs_isolated1407_CSF_5_480nm-fitc_svi_ROI_min0.1.xlsx,7,Control,1_25,ROI_046,AU,0.08579335793357934,False,3.3711413757845943,13.025864342785894,1003.0,52.938910667160414,1,False,True,1.2483158645824066e-08,,,3.5230278135795077,3.46436456727813,3.5816910598808853,14.203564722200618,13.777166978654696,14.629962465746539,5.9548059078226855e-09,,,100.00000006795695,-5259241163.333847,5259241363.333847,0.9943959725818466,0.9999999983097476,True,True,2.726481751966237,13.362242437995462,442.0,44.64720276357041,1,False,True,8.26792270369029e-09,,,3.085305883659613,3.023639543233317,3.146972224085909,13.094443259494428,12.677961337733919,13.510925181254937,9.473387010635977e-10,,,100.00000025763761,-1954682572.8889785,1954682772.888979,0.9891363097722038,0.9999999996929515,True,True,False,,False,,True,True,False,,Sheet2,Sheet3,Sheet4,Sheet5,Sheet6
patient_7_exp_1,2023_07_17_CGNs_isolated1407_CSF_5_480nm-fitc_svi_ROI_min0.1.xlsx,7_1..25/2023_07_17_CGNs_isolated1407_CSF_5_480nm-fitc_svi_ROI_min0.1.xlsx,7,Control,1_25,ROI_047,AV,0.01937269372693727,False,1.9303422614480412,12.0337881161322,1004.0,28.421602954003514,1,False,True,3.4288725319760343e-09,,,1.9489620676348882,,,12.794001790520513,,,1.9130524633562584e-13,,,100.00000005695719,,,0.9979337478472039,0.9999999999999017,True,True,0.5428023628049203,10.257432382615605,444.0,25.276426565016983,5,True,True,0.06270989950008349,0.05315031276242325,0.07226948623774374,0.5023337276585604,0.46056224727463446,0.5441052080424864,7.271526980721499,6.212685953895147,8.330368007547852,7.905783064747065e-11,,,110.95999958427012,-6400675612.28501,6400675834.20501,0.8517035997298974,0.9999999998426188,True,True,False,,False,,True,True,False,,Sheet2,Sheet3,Sheet4,Sheet5,Sheet6
patient_7_exp_1,2023_07_17_CGNs_isolated1407_CSF_5_480nm-fitc_svi_ROI_min0.1.xlsx,7_1..25/2023_07_17_CGNs_isolated1407_CSF_5_480nm-fitc_svi_ROI_min0.1.xlsx,7,Control,1_25,ROI_048,AW,0.06365313653136531,False,0.6721820054423119,16.688044702821685,1004.0,14.802505640830582,1,False,True,0.10631598889135907,-11.407974817416438,11.620606795199155,0.5762041986563766,-2.040888447454333,3.1932968447670858,15.292251620204294,-16.221465381935335,46.805968622343926,0.0010662348587678853,-8.915722475370613,8.91785494508815,105.32260827059694,-1905117.472591989,1905328.1178085303,0.9936543895343852,0.9981529716457582,True,True,2.9149868349947416,7.552575696849772,443.0,28.04213759787926,1,False,True,1.204178224485338e-07,-0.021428930169300697,0.021429171004945596,3.164484814593986,3.1162780810037485,3.2126915481842233,7.18381821727275,6.9494525474997575,7.418183887045742,5.015291566557514e-10,,,100.00004078259484,-12994946129.707016,12994946329.707096,0.9944021323630741,0.9999999998415132,True,True,False,,False,,True,True,False,,Sheet2,Sheet3,Sheet4,Sheet5,Sheet6
patient_7_exp_1,2023_07_17_CGNs_isolated1407_CSF_5_480nm-fitc_svi_ROI_min0.1.xlsx,7_1..25/2023_07_17_CGNs_isolated1407_CSF_5_480nm-fitc_svi_ROI_min0.1.xlsx,7,Control,1_25,ROI_049,AX,0.07103321033210332,False,0.7978042775974262,12.097840521742683,1004.0,15.11056341163916,1,False,True,0.12740572129551228,-3.557305035683978,3.8121164782750023,0.6305711663377502,0.2186997219381811,1.0424426107373193,9.658573782863296,5.81413131108445,13.503016254642143,0.034170102750314846,-3.241553866129514,3.309894071630144,104.39667178817193,-16625.243582782048,16834.03692635839,0.9974867791097158,0.9485963872873553,True,True,3.1657721183431953,7.173593997952594,443.0,32.076855190532534,1,False,True,0.01941298986112683,-0.28494071885820077,0.3237666985804544,3.3997327158935198,3.3042268209914507,3.495238610795589,6.8557100111502844,6.525590442460662,7.185829579839907,2.4711772777301236e-06,-0.2256288376909729,0.22563378004552834,101.44302371083234,-24278696.988015745,24278899.874063168,0.9950060802338814,0.9999992731265401,True,True,False,,False,,True,True,False,,Sheet2,Sheet3,Sheet4,Sheet5,Sheet6
patient_7_exp_1,2023_07_17_CGNs_isolated1407_CSF_5_480nm-fitc_svi_ROI_min0.1.xlsx,7_1..25/2023_07_17_CGNs_isolated1407_CSF_5_480nm-fitc_svi_ROI_min0.1.xlsx,7,Control,1_25,ROI_050,AY,0.08118081180811808,False,1.9734800590685377,11.636281649283319,1004.0,32.04713547621859,1,False,True,0.15463519922382002,-7.318745495420254,7.628015893867895,1.7934732116694247,0.7000978113240781,2.8868486120147714,11.53002363606266,7.744127939967323,15.315919332157996,0.0015056790542207106,-6.386884534167772,6.389895892276213,104.07131738830584,-800618.145071788,800826.2877065646,0.999256261968711,0.9991611717207362,True,True,0.21734550006168726,34.71423383355983,446.0,10.374272576314496,1,False,True,0.0016856482606000972,-0.2403892071681682,0.2437605036893684,0.1486848155083239,-0.27975863442126125,0.5771282654379091,25.893107960323384,-10.155715877900825,61.94193179854759,0.07406065404076256,-0.12814432523532907,0.27626563331685416,100.33966482292583,-954.3130240182371,1154.9923536640888,0.9748470367389828,0.6675099422193106,True,True,False,,False,,True,True,False,,Sheet2,Sheet3,Sheet4,Sheet5,Sheet6
patient_7_exp_1,2023_07_17_CGNs_isolated1407_CSF_5_480nm-fitc_svi_ROI_min0.1.xlsx,7_1..25/2023_07_17_CGNs_isolated1407_CSF_5_480nm-fitc_svi_ROI_min0.1.xlsx,7,Control,1_25,ROI_051,AZ,0.11992619926199262,False,3.38324704328524,7.548736064802711,1003.0,35.646878706992254,1,False,True,0.10712820100813258,-1130.1351043043512,1130.3493607063676,3.5927836596219715,2.327223526226801,4.858343793017142,6.553640949934517,4.426350987592149,8.680930912276885,0.004000971235047077,-1128.9607282256284,1128.9687301680983,734.0267214778953,-217295243.75564462,217296711.80908757,0.9891002699919443,0.9988876255751533,True,True,2.4101941267454356,11.42647487006883,444.0,40.41576827067676,1,False,True,0.04753922837534519,-122.58987147280519,122.68494992955587,2.605244040175351,2.479254106789741,2.7312339735609608,8.675186942235232,7.911118609958533,9.43925527451193,0.009116724017026553,-122.5053682368676,122.52360168490166,1612.583657612352,-22732240.715911295,22735465.883226518,0.9852402485656673,0.9965128286264491,True,True,False,,False,,True,True,False,,Sheet2,Sheet3,Sheet4,Sheet5,Sheet6
patient_7_exp_1,2023_07_17_CGNs_isolated1407_CSF_5_480nm-fitc_svi_ROI_min0.1.xlsx,7_1..25/2023_07_17_CGNs_isolated1407_CSF_5_480nm-fitc_svi_ROI_min0.1.xlsx,7,Control,1_25,ROI_052,BA,0.0544280442804428,False,4.625633143504139,10.964190042820633,1003.0,68.67309224273208,1,False,True,0.12475665942452371,-74.81211157311,75.06162489195904,4.921762228017483,-3.048041464363653,12.89156592039862,10.672742233634606,0.7457133480042515,20.59977111926496,0.002057266626152695,-67.01701875700572,67.02113329025802,113.40467745792091,-6067092.866089836,6067319.675444752,0.9909679981493422,0.9995821807382681,True,True,3.3904407885673846,10.286287361782911,443.0,50.00206508215999,1,False,True,3.7825923673683246e-07,-0.6235652130027068,0.6235659695211803,3.669236999543427,3.4279712324612586,3.910502766625595,8.994520716329053,8.16135160004048,9.827689832617626,0.08662459652958783,-0.3175403173773099,0.49078951043648555,100.01205144414116,-1395.9746177198504,1595.9987206081328,0.9900601612112695,0.9769361585048396,True,True,False,,False,,True,True,False,,Sheet2,Sheet3,Sheet4,Sheet5,Sheet6
patient_7_exp_1,2023_07_17_CGNs_isolated1407_CSF_5_480nm-fitc_svi_ROI_min0.1.xlsx,7_1..25/2023_07_17_CGNs_isolated1407_CSF_5_480nm-fitc_svi_ROI_min0.1.xlsx,7,Control,1_25,ROI_053,BB,0.13468634686346864,False,1.4873611787675474,11.358436276388716,1004.0,23.188521838300527,1,False,True,0.005123850024766069,-13.372408975968389,13.382656676017922,1.3872116702252877,-0.8267641496713642,3.60118749012194,12.50654786837812,2.3047790006499955,22.708316736106248,0.05560043296127201,-11.125200567302176,11.23640143322472,104.28117511900767,-39595.90001115069,39804.46236138871,0.997044401635159,0.9614638435327273,True,True,1.1618317798883964,13.236815998992427,445.0,79.489239956029,4,True,True,0.2168343110959291,-988.411548803977,988.8452174261688,1.0480151401703748,0.8637593200407228,1.2322709603000268,8.996545394362036,6.15558782667334,11.837502962050731,0.011086781304635402,-988.4353008760804,988.4574744386896,3786.2996965998886,-344516050.2273326,344523622.82672584,0.8444250121234677,0.9895319033231524,True,True,False,,False,,True,True,False,,Sheet2,Sheet3,Sheet4,Sheet5,Sheet6
patient_7_exp_1,2023_07_17_CGNs_isolated1407_CSF_5_480nm-fitc_svi_ROI_min0.1.xlsx,7_1..25/2023_07_17_CGNs_isolated1407_CSF_5_480nm-fitc_svi_ROI_min0.1.xlsx,7,Control,1_25,ROI_054,BC,0.0507380073800738,False,1.0794138605335948,9.128681001915766,1004.0,13.543311311605635,1,False,True,3.431543064737197e-07,-5.1836512090815425,5.183651895390156,0.9964800629307767,0.4378138811327277,1.5551462447288258,8.83053176562155,5.6209610720271,12.040102459216001,0.0509188273729874,-4.577883502477739,4.679721157223714,100.54401948643576,-15061.434739809256,15262.522778782126,0.9969021668942789,0.9513854484243152,True,True,0.24692703319214068,14.403888145135852,443.0,14.64965178114615,1,False,True,0.06207977792681114,-0.15384319564434304,0.27800275149796533,0.14820640827800133,0.11841334493148453,0.17799947162451812,6.390774523839425,3.928769706171672,8.852779341507176,0.03951271825531439,-0.15097277427094222,0.22999821078157098,144.92440940389903,-1119.023359716992,1408.8721785247901,0.7807852214527069,0.7895114952588392,True,True,False,,False,,True,True,False,,Sheet2,Sheet3,Sheet4,Sheet5,Sheet6
patient_7_exp_1,2023_07_17_CGNs_isolated1407_CSF_5_480nm-fitc_svi_ROI_min0.1.xlsx,7_1..25/2023_07_17_CGNs_isolated1407_CSF_5_480nm-fitc_svi_ROI_min0.1.xlsx,7,Control,1_25,ROI_055,BD,0.027675276752767528,False,3.244202052564102,8.643239495113221,1003.0,36.333971507051274,1,False,True,0.03202327997470617,-368.48040490445123,368.5444514644006,3.4730658850556635,1.7783298933134144,5.167801876797912,8.111691540010105,5.090392903151114,11.132990176869095,0.0009488952534974758,-366.81200470024237,366.81390249074934,411.3956409247892,-175078977.33375427,175079800.12503615,0.9935198759284004,0.9997268591777803,True,True,3.019245670280175,9.40296940121408,443.0,43.79090599086614,1,False,True,0.05479664331028487,-0.4384372802280445,0.5480305668486143,3.233873440110453,3.0942919845630645,3.3734548956578414,8.566154350768914,8.006080347212107,9.12622835432572,0.008912844232758376,-0.3547639313373024,0.3725896198028192,112.18747339070826,-11728.10166939608,11952.476616177495,0.9940596972225186,0.9972514857745047,True,True,False,,False,,True,True,False,,Sheet2,Sheet3,Sheet4,Sheet5,Sheet6
patient_7_exp_1,2023_07_17_CGNs_isolated1407_CSF_5_480nm-fitc_svi_ROI_min0.1.xlsx,7_1..25/2023_07_17_CGNs_isolated1407_CSF_5_480nm-fitc_svi_ROI_min0.1.xlsx,7,Control,1_25,ROI_056,BE,0.035977859778597784,False,1.3134390910755287,10.45566023345782,1004.0,17.917794314244645,1,False,True,0.0269785600163637,-5.765080408133373,5.8190375281661,1.264514680634012,0.5223880368765818,2.0066413243914423,10.21819460565122,6.72048034528334,13.7159088660191,0.001544128234087297,-5.054031402938182,5.057119659406356,101.94775031887805,-580890.1843960636,581094.0798967014,0.9985431637182779,0.9987803661067942,True,True,0.7379319133941584,10.00391452683067,442.0,9.969961773366403,1,False,True,3.0461025427073497e-05,-0.1328711521904395,0.13293207424129366,0.8296636995189977,0.7722522094651939,0.8870751895728014,9.694701124110425,8.861148640510452,10.528253607710399,1.7763604056556525e-07,-0.08582888450153171,0.08582923977361286,100.01743230645222,-156796593.74940133,156796793.78426594,0.9898286633421901,0.9999997858939681,True,True,False,,False,,True,True,False,,Sheet2,Sheet3,Sheet4,Sheet5,Sheet6
patient_7_exp_1,2023_07_17_CGNs_isolated1407_CSF_5_480nm-fitc_svi_ROI_min0.1.xlsx,7_1..25/2023_07_17_CGNs_isolated1407_CSF_5_480nm-fitc_svi_ROI_min0.1.xlsx,7,Control,1_25,ROI_057,BF,0.02859778597785978,False,4.316104293376469,10.296220428326933,1003.0,68.0996530286105,1,False,True,1.9903960728984908e-08,-87.27638276841718,87.27638280822511,3.9239006249992143,-11.151886949050626,18.999688199049054,12.054810906348154,-12.019382010846618,36.129003823542924,0.3770625589261263,-71.94798891475016,72.70211403260241,100.00002841983039,-36884.76222943609,37084.762286275756,0.9801800709987251,0.9123306704099723,True,True,2.4299566995452615,8.240750821734252,442.0,33.43585078729502,1,False,True,1.151932376830136e-13,,,2.348766937790182,2.296533428357653,2.4010004472227107,8.830882295987324,8.440410483375487,9.221354108599161,0.14011177969760338,0.11550921047147442,0.16471434892373235,100.00000000003212,,,0.9891056908407111,0.943704858451669,True,True,False,,False,,True,True,False,,Sheet2,Sheet3,Sheet4,Sheet5,Sheet6
patient_7_exp_1,2023_07_17_CGNs_isolated1407_CSF_5_480nm-fitc_svi_ROI_min0.1.xlsx,7_1..25/2023_07_17_CGNs_isolated1407_CSF_5_480nm-fitc_svi_ROI_min0.1.xlsx,7,Control,1_25,ROI_058,BG,0.027675276752767528,False,2.331427328757119,9.308172537621886,1004.0,28.727565427850806,1,False,True,0.062356741406899494,-11.181712064494404,11.306425547308203,2.3593169615011393,1.4983510952556727,3.220282827746606,8.2273469090571,6.14103332487575,10.313660493238451,0.0017632658644728652,-10.385270141413082,10.388796673142027,112.0316211972384,-1003807.7714146588,1004031.8346570532,0.9978106806895694,0.9992531952772988,True,True,2.539317289485219,7.477774561697345,443.0,26.884467876743837,1,False,True,0.004726471532497611,-2.9625181033663384,2.971971046431334,2.916979237620368,2.7801350650813226,3.053823410159413,7.61911512527069,6.9616638484006135,8.276566402140766,0.0007502627050827454,-2.838833045033403,2.840333570443568,248.11724289521715,-1310938.5807061135,1311434.815191904,0.9846278040461578,0.9997428607741057,True,True,False,,False,,True,True,False,,Sheet2,Sheet3,Sheet4,Sheet5,Sheet6
patient_7_exp_1,2023_07_17_CGNs_isolated1407_CSF_5_480nm-fitc_svi_ROI_min0.1.xlsx,7_1..25/2023_07_17_CGNs_isolated1407_CSF_5_480nm-fitc_svi_ROI_min0.1.xlsx,7,Control,1_25,ROI_059,BH,0.052583025830258305,False,2.6191482594515536,9.091044311490691,1004.0,33.11233429737166,1,False,True,0.10730210817190318,-9.914278919518544,10.128883135862349,2.5746974705489722,1.836661995638024,3.3127329454599206,8.21601207186923,6.575220268432139,9.856803875306321,0.0026019045583750844,-9.28421413717818,9.28941794629493,113.87899041015957,-612688.8635407984,612916.6215216187,0.9986219693736798,0.998990453114021,True,True,0.4299740545333134,11.30216350171537,444.0,11.85692873312743,1,False,True,0.03256686899763928,-0.06565399621954493,0.1307877342148235,0.43698417722589306,0.4099823698245852,0.4639859846272009,8.870372886239998,8.060707947238205,9.680037825241792,0.0011146287247233437,-0.07178965628618376,0.07401891373563045,114.96472486448766,-19046.33207682641,19276.261526555383,0.9891762639118729,0.9974557595008625,True,True,False,,False,,True,True,False,,Sheet2,Sheet3,Sheet4,Sheet5,Sheet6
patient_7_exp_1,2023_07_17_CGNs_isolated1407_CSF_5_480nm-fitc_svi_ROI_min0.1.xlsx,7_1..25/2023_07_17_CGNs_isolated1407_CSF_5_480nm-fitc_svi_ROI_min0.1.xlsx,7,Control,1_25,ROI_060,BI,0.07564575645756458,False,2.1159276658597683,10.375078932189467,1004.0,30.01804632965563,1,False,True,0.10699892549609796,-8.167321977073309,8.381319828065505,2.020753969814976,1.2787464002156126,2.762761539414339,9.599655954962152,7.416538599819303,11.782773310105002,0.0017134975495169886,-7.535015293186116,7.538442288285149,114.37342863519405,-791469.5857241163,791698.3325813867,0.9990945150763056,0.9991527687949663,True,True,0.9954089553051918,14.911725484341446,446.0,25.61051013941139,1,False,True,0.0030028288079565098,-0.5252449340444973,0.5312505916604104,1.0034104116743172,0.9101829126549404,1.0966379106936939,10.762757215735467,9.45948895082062,12.066025480650314,0.10462283055436501,-0.3316926597069992,0.5409383208157292,149.71804983366584,-1127.853732506739,1427.2898321740709,0.9875575015182575,0.9055778955296249,True,True,False,,False,,True,True,False,,Sheet2,Sheet3,Sheet4,Sheet5,Sheet6
patient_7_exp_1,2023_07_17_CGNs_isolated1407_CSF_5_480nm-fitc_svi_ROI_min0.1.xlsx,7_1..25/2023_07_17_CGNs_isolated1407_CSF_5_480nm-fitc_svi_ROI_min0.1.xlsx,7,Control,1_25,ROI_061,BJ,0.006457564575645757,False,2.385676351273364,12.060848012281099,1004.0,35.29155769678216,1,False,True,1.1591305315831893e-06,-0.04649523738966043,0.0464975556507236,2.462038183424779,2.413949886835745,2.510126480013813,12.282416480922468,11.59731437664006,12.967518585204875,1.3141322702214005e-10,,,100.00004583797302,-47820519149.933395,47820519349.93349,0.9958200363003012,0.9999999999466243,True,True,2.4797936118255715,14.16543492326889,443.0,45.19834763636357,1,False,True,0.006149298173610446,-1.599596902053406,1.6118954984006268,2.826885410067626,2.357613411277984,3.296157408857268,12.860156367505706,10.605068726983184,15.115244008028228,0.00028941108591160205,-1.1476800220302519,1.148258844202075,131.03944743283583,-1374272.0523606874,1374534.131255553,0.9831766865084819,0.9998976324054154,True,True,False,,False,,True,True,False,,Sheet2,Sheet3,Sheet4,Sheet5,Sheet6
patient_7_exp_1,2023_07_17_CGNs_isolated1407_CSF_5_480nm-fitc_svi_ROI_min0.1.xlsx,7_1..25/2023_07_17_CGNs_isolated1407_CSF_5_480nm-fitc_svi_ROI_min0.1.xlsx,7,Control,1_25,ROI_062,BK,0.015682656826568265,False,2.482636727580152,14.703917688345541,1004.0,48.87516045689404,1,False,True,1.7378592344685965e-09,,,1.9519523665912397,0.7785785977456734,3.125326135436806,14.450107995689006,7.806548335056385,21.093667656321628,0.41740853873543887,-0.7808312916134013,1.6156483690842791,100.0069748761527,-437.8858067308361,637.8997564831416,0.9916508046433858,0.8238307478624123,True,True,0.8175632194489401,13.313067755623763,442.0,28.355852820701763,2,True,True,6.790999335018743e-07,-0.036041127087829986,0.03604248528769699,0.5982231941661313,0.5565834369413827,0.63986295139088,7.984241599927089,6.789815373538347,9.178667826315833,0.28174268823816234,0.2153043659454183,0.3481810105309064,100.00000000000013,,,0.9533118922269554,0.6798254411087294,True,True,False,,False,,True,True,False,,Sheet2,Sheet3,Sheet4,Sheet5,Sheet6
patient_7_exp_1,2023_07_17_CGNs_isolated1407_CSF_5_480nm-fitc_svi_ROI_min0.1.xlsx,7_1..25/2023_07_17_CGNs_isolated1407_CSF_5_480nm-fitc_svi_ROI_min0.1.xlsx,7,Control,1_25,ROI_063,BL,0.06273062730627306,False,3.680589978947368,8.83210827798473,1003.0,49.38972539745916,1,False,True,1.2174717784420933e-06,-0.8847481287362337,0.8847505636797904,3.5435175004422144,3.173210853223867,3.9138241476605615,8.384092843717234,7.174002826105564,9.594182861328903,0.3352195223969847,-0.9416656583685752,1.6121047031625446,100.00000000078623,,,0.9939175315211433,0.913575083739086,True,True,2.1585491918311397,10.72464069167205,443.0,31.411035470433337,1,False,True,1.1460126556758361e-09,,,2.3525068394190796,2.273794167883819,2.43121951095434,9.583763961810591,8.959512694090655,10.208015229530528,0.04034277776597782,-0.03879654614599801,0.11948210167795364,100.00241934318855,-202.99854022083923,403.0033789072163,0.9895141786564949,0.9831402786551054,True,True,False,,False,,True,True,False,,Sheet2,Sheet3,Sheet4,Sheet5,Sheet6
patient_7_exp_1,2023_07_17_CGNs_isolated1407_CSF_5_480nm-fitc_svi_ROI_min0.1.xlsx,7_1..25/2023_07_17_CGNs_isolated1407_CSF_5_480nm-fitc_svi_ROI_min0.1.xlsx,7,Control,1_25,ROI_064,BM,0.12915129151291513,False,1.03118273432028,7.884743543565378,1003.0,11.406492802242923,1,False,True,5.276465598866735e-07,-3.9930311288234175,3.993032184116537,1.0354070951414551,0.6781403284048025,1.3926738618781078,7.586724668941426,5.672787721228841,9.500661616654012,0.041998249936079715,-3.595660631634345,3.6796571315065045,100.00000847481209,-13623.712674296426,13823.71269124605,0.9971536713878685,0.9610190815110005,True,True,0.40055913463713866,16.73033867938284,443.0,16.558874130373326,1,False,True,2.495237339464524e-06,-0.08659704074804483,0.08660203122272375,0.2730368106641804,0.23086689979443636,0.3152067215339244,11.228543793399865,9.272022738769705,13.185064848030025,0.15939538639176765,0.11139106841461782,0.20739970436891747,100.00031112001598,-19.52449962635764,219.5251218663896,0.9893631654344026,0.6313979683359584,True,True,False,,False,,True,True,False,,Sheet2,Sheet3,Sheet4,Sheet5,Sheet6
patient_7_exp_1,2023_07_17_CGNs_isolated1407_CSF_5_480nm-fitc_svi_ROI_min0.1.xlsx,7_1..25/2023_07_17_CGNs_isolated1407_CSF_5_480nm-fitc_svi_ROI_min0.1.xlsx,7,Control,1_25,ROI_065,BN,0.004612546125461255,False,4.398925753037898,7.497314195869762,1003.0,54.77227503568159,1,False,True,0.38949022278093004,-5663.168848567521,5663.947829013084,4.355931327948517,3.321756314678086,5.3901063412189485,5.837056585543701,4.421189014400765,7.252924156686637,0.008466188573562034,-5662.504236617301,5662.521168994449,1706.5030313110728,-1163807669.2455754,1163811082.251638,0.99110481542198,0.9980601701514328,True,True,3.6402482925332906,10.96254398240643,442.0,115.48636582112744,1,False,True,0.00040508892251274345,-17.43048234246196,17.431292520306986,3.4727758028862223,3.310890793281549,3.6346608124908957,8.773485698248631,8.052646568481471,9.494324828015792,0.5407459024278699,-16.731371199927736,17.812863004783473,548.668446453527,-19743.694411132426,20841.031304039483,0.9885131878888135,0.8652689727049696,True,True,False,,False,,True,True,False,,Sheet2,Sheet3,Sheet4,Sheet5,Sheet6
patient_7_exp_1,2023_07_17_CGNs_isolated1407_CSF_5_480nm-fitc_svi_ROI_min0.1.xlsx,7_1..25/2023_07_17_CGNs_isolated1407_CSF_5_480nm-fitc_svi_ROI_min0.1.xlsx,7,Control,1_25,ROI_066,BO,0.017527675276752766,False,4.036648708431815,8.750743430598845,1003.0,52.93536148757744,1,False,True,4.604848401251825e-06,-20.49190580738041,20.491915017077208,3.8600854081093248,1.8198590248966005,5.900311791322049,8.243928503907382,5.26553020310577,11.222326804708995,0.3580645433033665,-18.106376667041243,18.822505753647977,100.0000001233476,-8284.01078454929,8484.010784795984,0.9959935715691624,0.9151133678442493,True,True,2.7828696377937048,11.862782787235233,443.0,50.14256058489923,1,False,True,5.621293870379446e-07,-0.6180911885489218,0.6180923128076958,2.89275429271504,2.6232005367973716,3.162308048632708,10.159338312700331,8.975255680722777,11.343420944677886,0.16955401932181766,-0.201573327440382,0.5406813660840173,100.00000695769924,-680.4387906562583,880.4388045716569,0.988615527987298,0.9446319566663617,True,True,False,,False,,True,True,False,,Sheet2,Sheet3,Sheet4,Sheet5,Sheet6
patient_7_exp_1,2023_07_17_CGNs_isolated1407_CSF_5_480nm-fitc_svi_ROI_min0.1.xlsx,7_1..25/2023_07_17_CGNs_isolated1407_CSF_5_480nm-fitc_svi_ROI_min0.1.xlsx,7,Control,1_25,ROI_067,BP,0.06457564575645756,False,2.749484184407752,9.29711914314612,1004.0,33.03034558942187,1,False,True,0.03928543102206379,-8.07153294253897,8.150103804583098,2.743755596202751,2.088133489339013,3.399377703066489,8.53209830588214,7.156353436706407,9.907843175057874,0.0013477830059635651,-7.457243457029861,7.4599390230417875,111.68004267285262,-951085.2779516879,951308.6380370337,0.9992376020176901,0.9995090228600599,True,True,0.9910236445225559,9.929876487945819,443.0,15.991108167897377,1,False,True,0.03150054698426982,-0.24888973355230212,0.31189082752084174,1.0762458649244626,0.9967131401566129,1.1557785896923123,9.035353554015316,8.066813986237355,10.003893121793277,0.004202058510504005,-0.20150328855636815,0.20990740557737617,114.18778654499678,-14410.057973050203,14638.433546140197,0.9857144415633592,0.9961108180974194,True,True,False,,False,,True,True,False,,Sheet2,Sheet3,Sheet4,Sheet5,Sheet6
patient_7_exp_1,2023_07_17_CGNs_isolated1407_CSF_5_480nm-fitc_svi_ROI_min0.1.xlsx,7_1..25/2023_07_17_CGNs_isolated1407_CSF_5_480nm-fitc_svi_ROI_min0.1.xlsx,7,Control,1_25,ROI_068,BQ,0.09132841328413284,False,1.0894375123201845,37.258852607405515,1004.0,31.29165042738473,1,False,True,5.757233233365803e-05,-12.615392358502568,12.615507503167237,0.45503655905417845,0.04412685305704772,0.8659462650513092,5.819744715752142,0.8253734107261037,10.81411602077818,0.6771803319865922,-11.5262564303829,12.880617094356085,137.41216020107973,-3111.4510065129766,3386.275326915136,0.9491122967533866,0.40189875513683077,True,True,2.6871338007279206,9.50434997178661,444.0,33.94506614187601,1,False,True,0.0055166623968766594,-2.850155834270928,2.861189159064681,2.9824585595894737,2.8432941551841897,3.1216229639947577,8.982178715557799,8.291211742214218,9.67314568890138,0.00023020873888334934,-2.718491416410686,2.7189518338884526,250.6082589919831,-4195695.173877304,4196196.390395289,0.9907368903208822,0.9999228183840944,True,True,False,,False,,True,True,False,,Sheet2,Sheet3,Sheet4,Sheet5,Sheet6
patient_7_exp_1,2023_07_17_CGNs_isolated1407_CSF_5_480nm-fitc_svi_ROI_min0.1.xlsx,7_1..25/2023_07_17_CGNs_isolated1407_CSF_5_480nm-fitc_svi_ROI_min0.1.xlsx,7,Control,1_25,ROI_069,BR,0.058118081180811805,False,2.160885985392901,9.76103922554114,1003.0,26.925846079718116,1,False,True,3.4200407179795365e-09,,,2.2697190550183364,,,10.16615305575467,,,4.2510533196472153e-11,,,100.00000017166111,,,0.9964533000276422,0.9999999999812706,True,True,0.9522410295805742,9.898422553573198,444.0,14.76387259209986,1,False,True,0.012122576891103501,-0.21335464787067332,0.2375998016528803,1.0301161103876106,0.9713698471834058,1.0888623735918155,8.507271264273324,7.762500476209121,9.252042052337528,0.01716355951004105,-0.15355629010226865,0.18788340912235077,115.98537651733295,-2727.997131535724,2959.9678845703897,0.9892950148223213,0.9836112931403335,True,True,False,,False,,True,True,False,,Sheet2,Sheet3,Sheet4,Sheet5,Sheet6
patient_7_exp_1,2023_07_17_CGNs_isolated1407_CSF_5_480nm-fitc_svi_ROI_min0.1.xlsx,7_1..25/2023_07_17_CGNs_isolated1407_CSF_5_480nm-fitc_svi_ROI_min0.1.xlsx,7,Control,1_25,ROI_070,BS,0.023062730627306273,False,3.707547152778516,7.572917264813327,1003.0,37.604394693116795,1,False,True,0.05119031485876649,-24.253319286297522,24.355699916015052,3.957520217422515,2.43343517722056,5.481605257624469,6.9699717763662905,4.835231475669679,9.104712077062903,0.001741586330737064,-22.782683621733028,22.786166794394504,111.80196001967929,-2139556.4294782802,2139780.03339832,0.9938507263634455,0.999560123473248,True,True,2.5364654789740273,7.010830772899851,442.0,27.116547274208372,1,False,True,1.5258055368000747e-08,-0.34523235240235794,0.3452323829184687,2.7160741897687837,2.6287401096535157,2.8034082698840517,6.349894460239736,5.970539977576315,6.7292489429031574,0.07140093509890526,-0.20077474858066469,0.34357661877847523,109.40894178119068,-863.7865342847091,1082.6044178470904,0.9920909169904777,0.9743850861799909,True,True,False,,False,,True,True,False,,Sheet2,Sheet3,Sheet4,Sheet5,Sheet6
patient_7_exp_1,2023_07_17_CGNs_isolated1407_CSF_5_480nm-fitc_svi_ROI_min0.1.xlsx,7_1..25/2023_07_17_CGNs_isolated1407_CSF_5_480nm-fitc_svi_ROI_min0.1.xlsx,7,Control,1_25,ROI_071,BT,0.06642066420664207,False,2.984507943286069,9.035803049119409,1004.0,37.927507835195925,1,False,True,0.13444432994276528,-5.0819646371401825,5.350853297025712,2.842119901993527,2.442859231969856,3.2413805720171975,8.281042200550992,7.476726077896313,9.085358323205671,0.0033638186488125026,-4.815653915782956,4.8223815530805805,112.45268742677834,-244876.3391364692,245101.2445113228,0.999684901902835,0.9988178394329196,True,True,1.60695738369592,10.01621641725194,444.0,27.72397424845805,1,False,True,1.4448432374434888e-09,,,1.614557213023753,1.5768594885152496,1.6522549375322566,7.667202501367714,7.291956140688132,8.042448862047296,0.12958159152733278,0.09685719061471745,0.16230599243994812,107.74683111253047,58.76739638473149,156.72626584032946,0.9925767705551211,0.9257045418694844,True,True,False,,False,,True,True,False,,Sheet2,Sheet3,Sheet4,Sheet5,Sheet6
patient_7_exp_1,2023_07_17_CGNs_isolated1407_CSF_5_480nm-fitc_svi_ROI_min0.1.xlsx,7_1..25/2023_07_17_CGNs_isolated1407_CSF_5_480nm-fitc_svi_ROI_min0.1.xlsx,7,Control,1_25,ROI_072,BU,0.043357933579335796,False,2.63169428977364,8.560324062841005,1003.0,31.874655015124734,1,False,True,0.0923529409335171,-21.42024061222075,21.60494649408778,2.7289107395565426,1.0949568592070813,4.362864619906004,8.184132134583976,4.766943639278045,11.601320629889907,0.002846057348121429,-19.88339439823264,19.889086512928884,112.0990282591564,-1189302.6704671215,1189526.8685236396,0.9939449932490916,0.9989581585918095,True,True,1.5056342113202739,10.198677114738075,443.0,29.943392660617832,5,True,True,0.0686073432480852,-1.161390988394833,1.2986056748910033,1.5783701794391736,1.3645053188151162,1.792235040063231,7.466911137018545,5.70562680100474,9.228195473032349,0.024126840162287763,-1.0105493133548176,1.0588029936793932,133.69926070364397,-11389.153435831955,11656.551957239244,0.9052035458198499,0.9849442215073273,True,True,False,,False,,True,True,False,,Sheet2,Sheet3,Sheet4,Sheet5,Sheet6
patient_7_exp_1,2023_07_17_CGNs_isolated1407_CSF_5_480nm-fitc_svi_ROI_min0.1.xlsx,7_1..25/2023_07_17_CGNs_isolated1407_CSF_5_480nm-fitc_svi_ROI_min0.1.xlsx,7,Control,1_25,ROI_073,BV,0.016605166051660517,False,2.0470570120637896,8.842666144576242,1004.0,22.96945919830771,1,False,True,3.77552891567124e-07,-0.2245821980793719,0.22458295318515503,2.077293829758571,1.9820962201798389,2.1724914393373025,8.883703685116512,8.346747546172985,9.420659824060039,3.936987537559398e-08,-0.3238953334045927,0.3238954121443434,100.00001767462359,-138189584.79994386,138189784.7999792,0.9990426291933141,0.9999999810475176,True,True,1.0670667612710787,13.123225395781958,445.0,35.562059244187445,4,True,True,0.12045761112578632,-476.80505265157046,477.04596787382206,1.0721676311574275,0.9184004224780753,1.2259348398367798,6.431378031841387,4.516351834375588,8.346404229307186,0.002128933338979511,-476.7953123803972,476.7995702470751,2817.8684690698187,-647280771.3278253,647286407.0647635,0.7901620560684568,0.9980183001516183,True,True,False,,False,,True,True,False,,Sheet2,Sheet3,Sheet4,Sheet5,Sheet6
patient_7_exp_1,2023_07_17_CGNs_isolated1407_CSF_5_480nm-fitc_svi_ROI_min0.1.xlsx,7_1..25/2023_07_17_CGNs_isolated1407_CSF_5_480nm-fitc_svi_ROI_min0.1.xlsx,7,Control,1_25,ROI_074,BW,0.012915129151291513,False,4.675990671641792,9.953569211448439,1003.0,58.05049613582092,1,False,True,6.747306972808265e-08,-0.09581816249558114,0.0958182974417206,5.012160978768249,4.896870042584656,5.127451914951843,9.869804955928178,9.25334536929083,10.486264542565525,1.6835847561703235e-09,,,100.00000115101024,-9856492028.274982,9856492228.274986,0.9940027036883383,0.9999999996641,True,True,2.8052395400903114,8.601005893232355,443.0,33.309496818847435,1,False,True,0.0037456842632739014,-0.2133689821359427,0.2208603506624905,2.9239253017891187,2.8478839517072263,2.999966651871011,8.014771006698792,7.689440908009829,8.340101105387754,0.030499122794471666,-0.1186807416974966,0.17967898728643994,100.18257153902859,-1343.3170813755646,1543.682224453622,0.9975293772663832,0.9896767970977053,True,True,False,,False,,True,True,False,,Sheet2,Sheet3,Sheet4,Sheet5,Sheet6
patient_7_exp_1,2023_07_17_CGNs_isolated1407_CSF_5_480nm-fitc_svi_ROI_min0.1.xlsx,7_1..25/2023_07_17_CGNs_isolated1407_CSF_5_480nm-fitc_svi_ROI_min0.1.xlsx,7,Control,1_25,ROI_075,BX,0.05719557195571956,False,4.270949225344354,7.860668896929951,1003.0,45.889284833057864,1,False,True,0.04908964470641576,-20.806022502639276,20.90420179205211,4.399629955124907,2.869445209991861,5.929814700257953,7.827092441259202,5.862548111902384,9.79163677061602,0.001712185240746376,-19.329704771022914,19.333129141504404,110.99675842329329,-1890411.5042914744,1890633.497808321,0.9973584149129766,0.9996109856525254,True,True,2.7265018231028852,6.666994522596383,442.0,25.28989995781382,1,False,True,0.014166527394221006,-0.4163226414229297,0.44465569621137174,3.0160257269061765,2.9135276637580665,3.1185237900542866,5.941661518708354,5.551951357943656,6.331371679473053,1.4878347458490974e-05,-0.3472279901785176,0.3472577468734346,111.38899952084284,-5814688.816663521,5814911.594662563,0.9892543700770948,0.9999950669273376,True,True,False,,False,,True,True,False,,Sheet2,Sheet3,Sheet4,Sheet5,Sheet6
patient_7_exp_1,2023_07_17_CGNs_isolated1407_CSF_5_480nm-fitc_svi_ROI_min0.1.xlsx,7_1..25/2023_07_17_CGNs_isolated1407_CSF_5_480nm-fitc_svi_ROI_min0.1.xlsx,7,Control,1_25,ROI_076,BY,0.015682656826568265,False,5.310398454054054,7.359218016186901,1003.0,67.30672950090089,1,False,True,1.1313676920921385e-12,,,4.854383167833005,4.514017473115418,5.1947488625505915,5.706413770928065,5.021883427030785,6.390944114825345,0.7810214830317499,0.4189486994965261,1.1430942665669737,100.00027636906007,-50.852436573202496,250.85298931132263,0.9922355784824692,0.8614080919793574,True,True,3.3094843731657897,6.194938837260565,442.0,28.093179736195637,1,False,True,0.017201494298847222,-0.49428794231411255,0.528690930911807,3.5417449042449385,3.4514122213487357,3.6320775871411413,5.475818632066878,5.196291977331869,5.755345286801887,0.001584377261381324,-0.4400775700377513,0.44324632456051394,127.81072387690627,-68506.6814138684,68762.3028616222,0.9925002044767339,0.9995528563293141,True,True,False,,False,,True,True,False,,Sheet2,Sheet3,Sheet4,Sheet5,Sheet6
patient_7_exp_1,2023_07_17_CGNs_isolated1407_CSF_5_480nm-fitc_svi_ROI_min0.1.xlsx,7_1..25/2023_07_17_CGNs_isolated1407_CSF_5_480nm-fitc_svi_ROI_min0.1.xlsx,7,Control,1_25,ROI_077,BZ,0.06734317343173432,False,4.56721614097573,8.768632119598806,1003.0,49.928156585733426,1,False,True,7.262460569883453e-10,,,4.893283657796801,,,8.209502831892124,,,1.371562576118161e-11,,,100.00000002045347,,,0.9937067136083133,0.9999999999971971,True,True,3.384572130651511,7.339938753827255,442.0,34.50814441660338,1,False,True,0.015102204046809436,-125.72976847063572,125.75997287872934,3.779469293467507,3.653979071885527,3.904959515049487,6.275894027417705,5.844292856050684,6.707495198784725,0.01583626486494282,-125.626390038837,125.65806256856689,1610.7375296128635,-13357574.052403478,13360795.527462704,0.9858286568750833,0.9958274071424434,True,True,False,,False,,True,True,False,,Sheet2,Sheet3,Sheet4,Sheet5,Sheet6
patient_7_exp_1,2023_07_17_CGNs_isolated1407_CSF_5_480nm-fitc_svi_ROI_min0.1.xlsx,7_1..25/2023_07_17_CGNs_isolated1407_CSF_5_480nm-fitc_svi_ROI_min0.1.xlsx,7,Control,1_25,ROI_078,CA,0.008302583025830259,False,3.633114990239234,8.84500812995202,1003.0,44.250074955023926,1,False,True,0.07289918502673262,-23.630692519615682,23.776490889669144,3.735214956147912,1.6919688569069837,5.77846105538884,8.993296320837771,5.802865818496233,12.18372682317931,0.0016793879858023747,-21.67006656052035,21.673425336491956,111.95135928745306,-2255085.743210454,2255309.6459290287,0.9970731632339331,0.9995505925961116,True,True,2.3788462359157934,8.380506887760248,443.0,29.448610743894612,1,False,True,1.1894183206435243e-07,-0.21792732305993212,0.21792756094359628,2.4500980021939776,2.3783861577677516,2.5218098466202035,7.258717066312833,6.900848039020081,7.616586093605585,0.07629854560503095,-0.07924910339079834,0.23184619460086026,100.00002142939145,-467.6553030372839,667.6553458960668,0.9957854428319688,0.9697994577804889,True,True,False,,False,,True,True,False,,Sheet2,Sheet3,Sheet4,Sheet5,Sheet6
patient_7_exp_1,2023_07_17_CGNs_isolated1407_CSF_5_480nm-fitc_svi_ROI_min0.1.xlsx,7_1..25/2023_07_17_CGNs_isolated1407_CSF_5_480nm-fitc_svi_ROI_min0.1.xlsx,7,Control,1_25,ROI_079,CB,0.03690036900369004,False,4.326238485901657,9.694164910165341,1003.0,55.70146884395179,1,False,True,1.5410201513636483e-08,-0.06694194066132696,0.06694197148172999,4.505879383516889,4.425241054569525,4.586517712464253,10.446255088028453,9.930740737260399,10.961769438796507,1.7090855950916755e-10,,,100.00000117749974,-1339422613.6330962,1339422813.6330986,0.996127160528281,0.9999999999620699,True,True,2.7588007505809187,9.067748885252854,442.0,36.52372151521128,1,False,True,0.03573566733621515,-0.5093356674742943,0.5808070021467245,2.9968087268707775,2.8379350841233233,3.1556823696182317,8.608492240549575,7.921872728404509,9.295111752694641,0.010221965952075989,-0.3875526499852733,0.4079965818894252,110.96232756754159,-11261.53795038215,11483.462605517234,0.9913176027613305,0.9966006446237899,True,True,False,,False,,True,True,False,,Sheet2,Sheet3,Sheet4,Sheet5,Sheet6
patient_7_exp_1,2023_07_17_CGNs_isolated1407_CSF_5_480nm-fitc_svi_ROI_min0.1.xlsx,7_1..25/2023_07_17_CGNs_isolated1407_CSF_5_480nm-fitc_svi_ROI_min0.1.xlsx,7,Control,1_25,ROI_080,CC,0.035977859778597784,False,4.043645332429201,9.845314702080941,1004.0,48.88797550051413,1,False,True,1.1905895604347535e-06,-0.07330325658822932,0.0733056377673502,4.111494841630225,4.028996948921687,4.193992734338762,8.978596365523956,8.534578665773584,9.422614065274328,9.921818025989356e-09,,,100.00098263284804,-1824572272.9941566,1824572472.9961216,0.9967399092491982,0.99999999758681,True,True,3.1421767554565703,9.015997426860054,442.0,40.42250718697406,1,False,True,0.03787514184551805,-6.49275802530094,6.5685083089919765,3.493611953094508,3.32517313269099,3.6620507734980254,8.343836920177356,7.629418414756106,9.058255425598606,0.00906312759761878,-6.358986777193498,6.377113032388736,332.3381910485607,-298866.621996476,299531.2983785731,0.9864176995055018,0.9974125126114101,True,True,False,,False,,True,True,False,,Sheet2,Sheet3,Sheet4,Sheet5,Sheet6
patient_7_exp_1,2023_07_17_CGNs_isolated1407_CSF_5_480nm-fitc_svi_ROI_min0.1.xlsx,7_1..25/2023_07_17_CGNs_isolated1407_CSF_5_480nm-fitc_svi_ROI_min0.1.xlsx,7,Control,1_25,ROI_081,CD,0.02859778597785978,False,3.4014776893876393,9.288153810238782,1003.0,40.1797664777438,1,False,True,0.006930646287326284,-315.5245257290669,315.5383870216416,3.6519481403445058,1.917054875693417,5.386841404995595,9.018180968894203,5.695135167864895,12.341226769923512,0.00015333140977150488,-313.8067910540463,313.8070977168658,410.56168444363254,-932320467.636447,932321288.7598159,0.9937188577137427,0.9999580155669393,True,True,1.988950543176733,9.217327367400344,443.0,24.778649754373006,1,False,True,0.022931360801262877,-0.3721331559644736,0.4179958775669994,2.1497134494472476,2.0436970698514463,2.255729829043049,7.769255844028874,7.141637134627808,8.39687455342994,0.005899590459411425,-0.2930379832967447,0.3048371642155675,111.36786390518691,-13919.447360503831,14142.183088314205,0.9891929299629701,0.9972631495773161,True,True,False,,False,,True,True,False,,Sheet2,Sheet3,Sheet4,Sheet5,Sheet6
patient_7_exp_1,2023_07_17_CGNs_isolated1407_CSF_5_480nm-fitc_svi_ROI_min0.1.xlsx,7_1..25/2023_07_17_CGNs_isolated1407_CSF_5_480nm-fitc_svi_ROI_min0.1.xlsx,7,Control,1_25,ROI_082,CE,0.11900369003690037,False,2.7633730792578133,9.730891730631356,1004.0,36.14692999451605,1,False,True,0.0980685022203325,-10.948071457360028,11.144208461800693,2.7129702772356423,1.7832288866839365,3.6427116677873483,8.934129744290038,6.937109238927879,10.931150249652196,0.0021878909177812217,-10.119283526163276,10.123659307998839,112.69882497420117,-809106.0087165762,809331.4063665246,0.9988034433210942,0.9991941939355713,True,True,1.3915878624815068,13.072498878970237,445.0,22.324015052998135,1,False,True,0.009994622164981563,-0.3359134248060606,0.3559026691360237,1.5129569339890812,1.3944251486903059,1.6314887192878564,10.224268396691025,9.20001633306618,11.24852046031587,0.0003677332301318463,-0.23365460007008548,0.23439006653034916,110.70556768793284,-207844.22237764858,208065.63351302443,0.9906040361252286,0.9997570030819575,True,True,False,,False,,True,True,False,,Sheet2,Sheet3,Sheet4,Sheet5,Sheet6
patient_7_exp_1,2023_07_17_CGNs_isolated1407_CSF_5_480nm-fitc_svi_ROI_min0.1.xlsx,7_1..25/2023_07_17_CGNs_isolated1407_CSF_5_480nm-fitc_svi_ROI_min0.1.xlsx,7,Control,1_25,ROI_083,CF,0.04797047970479705,False,3.9824214748414373,8.45878048080067,1003.0,42.42010923974629,1,False,True,5.965421932887258e-07,-1.1736907452231338,1.1736919383075202,4.342127098511818,3.8793186894283678,4.804935507595268,8.090119189318886,6.850755380989922,9.32948299764785,1.594535016705745e-08,-1.6491649918189768,1.649165023709677,100.00002650556704,-2603383500.4048038,2603383700.404857,0.9923667637005292,0.999999996327756,True,True,1.680827537074697,9.536746917490689,443.0,20.853124632785452,1,False,True,0.005331803054672504,-1.8861817472325793,1.8968453533419243,1.8680133548169948,1.7813873009154049,1.9546394087185848,7.9368357418203725,7.275624637474422,8.598046846166323,0.0008258828328110044,-1.8085767363694132,1.810228502035035,250.72093685503955,-767065.4570025267,767566.8988762369,0.9865556585246605,0.9995580771121599,True,True,False,,False,,True,True,False,,Sheet2,Sheet3,Sheet4,Sheet5,Sheet6
patient_7_exp_1,2023_07_17_CGNs_isolated1407_CSF_5_480nm-fitc_svi_ROI_min0.1.xlsx,7_1..25/2023_07_17_CGNs_isolated1407_CSF_5_480nm-fitc_svi_ROI_min0.1.xlsx,7,Control,1_25,ROI_084,CG,0.08210332103321033,False,2.2389400207351553,8.509850426435264,1004.0,26.69811271253534,1,False,True,0.09535670111457857,-8.091898547174658,8.282611949403815,2.206258164135259,1.6630791070867081,2.7494372211838103,7.646486327813678,6.256078705424914,9.036893950202442,0.00283521060612283,-7.643116207989603,7.648786629201849,114.58787324714716,-456136.28717471147,456365.4629212058,0.9984628591588978,0.9987165727630436,True,True,,,,2.211415434084817,0,False,False,,,,,,,,,,,,,,,,,,False,False,False,,False,,True,False,False,,Sheet2,Sheet3,Sheet4,Sheet5,Sheet6
patient_7_exp_1,2023_07_17_CGNs_isolated1407_CSF_5_480nm-fitc_svi_ROI_min0.1.xlsx,7_1..25/2023_07_17_CGNs_isolated1407_CSF_5_480nm-fitc_svi_ROI_min0.1.xlsx,7,Control,1_25,ROI_085,CH,0.012915129151291513,False,3.866717286956519,11.683108917781965,1004.0,57.789250608695596,1,False,True,8.895219818601176e-10,,,3.7996460751929417,,,12.711461750440275,,,8.896342771282684e-11,,,100.00000014029071,,,0.9969527336180017,0.9999999999765864,True,True,3.279071184650143,14.986325840671611,442.0,57.399279636333866,1,False,True,8.47934959923129e-09,,,3.714824548493406,3.627575228479038,3.8020738685077737,14.37631439682781,13.83429572838447,14.91833306527115,1.7227812329817802e-09,,,100.00000012646777,-1043083656.6012108,1043083856.6012111,0.9847225167947935,0.9999999995362416,True,True,False,,False,,True,True,False,,Sheet2,Sheet3,Sheet4,Sheet5,Sheet6
patient_7_exp_1,2023_07_17_CGNs_isolated1407_CSF_5_480nm-fitc_svi_ROI_min0.1.xlsx,7_1..25/2023_07_17_CGNs_isolated1407_CSF_5_480nm-fitc_svi_ROI_min0.1.xlsx,7,Control,1_25,ROI_086,CI,0.09870848708487084,False,3.2046239804878076,16.366053630006718,1004.0,71.58601751829275,1,False,True,8.218577505090117e-09,,,1.961343841572259,1.9071847794715078,2.0155029036730103,10.201176665184267,9.49701757748356,10.905335752884975,1.1726756128350777,1.1189379614786779,1.2264132641914776,100.00000000000051,,,0.9956677535205245,0.6258237608621232,True,True,0.903407822643974,9.994523754854697,442.0,14.18843371153022,1,False,True,0.010103111172632153,-0.09334712179860981,0.11355334414387412,0.9381792210056826,0.8938955264045344,0.9824629156068309,10.077252623995923,9.47668200759905,10.677823240392796,0.012664190121998141,-0.05015952656132738,0.07548790680532366,100.41350342717551,-1646.7193772769585,1847.5463841313097,0.9967503549912897,0.9866810980927146,True,True,False,,False,,True,True,False,,Sheet2,Sheet3,Sheet4,Sheet5,Sheet6
patient_7_exp_1,2023_07_17_CGNs_isolated1407_CSF_5_480nm-fitc_svi_ROI_min0.1.xlsx,7_1..25/2023_07_17_CGNs_isolated1407_CSF_5_480nm-fitc_svi_ROI_min0.1.xlsx,7,Control,1_25,ROI_087,CJ,0.03966789667896679,False,5.13452752229665,9.920665520525631,1004.0,69.70932172937799,1,False,True,4.158715177351053e-06,-0.982619835717523,0.9826281531478777,4.931334645639592,4.4628025673038545,5.39986672397533,10.012675582903883,8.886876431823254,11.138474733984513,0.1485981777108373,-1.3253066713736206,1.6225030267952953,100.0000000083465,,,0.997563838470439,0.9707480033933146,True,True,3.751032077892317,9.44288163819175,442.0,53.25422735362302,1,False,True,5.480802360358913e-06,-2.3406960543629167,2.3407070159676375,4.141588659578995,3.9088441530979674,4.374333166060022,8.224412604741499,7.442361485321685,9.006463724161312,0.13130950209239362,-1.9873032776078678,2.249922281792655,176.30229072708877,-4571.6068614317055,4924.211442885883,0.9849549703855756,0.9692692179583727,True,True,False,,False,,True,True,False,,Sheet2,Sheet3,Sheet4,Sheet5,Sheet6
patient_7_exp_1,2023_07_17_CGNs_isolated1407_CSF_5_480nm-fitc_svi_ROI_min0.1.xlsx,7_1..25/2023_07_17_CGNs_isolated1407_CSF_5_480nm-fitc_svi_ROI_min0.1.xlsx,7,Control,1_25,ROI_088,CK,0.024907749077490774,False,4.7008938804169995,8.745634223793672,1003.0,59.13403429496214,1,False,True,0.20131772880747836,-42.510236474775304,42.91287193239027,4.892450787793993,1.6794609609824307,8.105440614605556,8.178076139597094,4.428478479901175,11.927673799293013,0.005374267488946462,-39.50783017989793,39.51857871487582,112.5230671782577,-1253415.0141033845,1253640.0602377409,0.9926658872679874,0.9989027236725923,True,True,4.382509078158605,10.824774884076987,443.0,84.70136854572522,1,False,True,0.2097454908513972,-40.56551513307027,40.985006114773064,4.769564530934696,4.512740025530419,5.026389036338974,8.667955199836202,7.8336027904603105,9.502307609212094,0.0035624079356790035,-40.52092535526849,40.52805017113985,661.1355053397801,-8479370.572607987,8480692.843618665,0.9829747500099372,0.9992536532169995,True,True,False,,False,,True,True,False,,Sheet2,Sheet3,Sheet4,Sheet5,Sheet6
patient_7_exp_1,2023_07_17_CGNs_isolated1407_CSF_5_480nm-fitc_svi_ROI_min0.1.xlsx,7_1..25/2023_07_17_CGNs_isolated1407_CSF_5_480nm-fitc_svi_ROI_min0.1.xlsx,7,Control,1_25,ROI_089,CL,0.06549815498154982,False,4.377700590957117,8.549847952759137,1004.0,54.380723843889655,1,False,True,5.850685404679903e-12,,,4.046333560012501,3.8680711079739285,4.224596012051074,7.118962474640121,6.670468594256259,7.567456355023983,0.3544771686871946,0.16311679956338965,0.5458375378109995,100.00077129689176,-57.75948503166261,257.7610276254461,0.9985678002442496,0.9194518486388229,True,True,2.031103122873744,8.388038724272064,443.0,22.1879046724629,1,False,True,0.005107456723558874,-0.49865448353724134,0.5088693969843591,2.2591659928164045,2.170657555081939,2.34767443055087,6.893901940921873,6.401443279502673,7.386360602341074,0.00024825275378434914,-0.4253252629473439,0.42582176845491265,130.9581971530115,-448927.36028377083,449189.2766780768,0.9891606583812157,0.9998901251710389,True,True,False,,False,,True,True,False,,Sheet2,Sheet3,Sheet4,Sheet5,Sheet6
patient_7_exp_1,2023_07_17_CGNs_isolated1407_CSF_5_480nm-fitc_svi_ROI_min0.1.xlsx,7_1..25/2023_07_17_CGNs_isolated1407_CSF_5_480nm-fitc_svi_ROI_min0.1.xlsx,7,Control,1_25,ROI_090,CM,0.045202952029520294,False,2.895072598693656,9.155378218997726,1004.0,36.51907058596941,1,False,True,2.605561223594649e-06,-11.847523448835258,11.847528659957703,2.807820650339884,1.4767448097350737,4.138896490944695,9.045658692975008,6.317594361481036,11.773723024468982,0.07862296119998904,-10.4472546390919,10.604500561491877,100.1699308714456,-22401.294752028523,22601.634613771414,0.9980585064750496,0.9727613036036256,True,True,2.1771180076324175,9.45473417241351,442.0,30.200331017180275,1,False,True,0.00029835970612310725,-0.43541202279883345,0.4360087422110797,2.347649936851992,2.161025486596662,2.534274387107322,9.986227397123411,8.975946710992032,10.99650808325479,0.03577685639061909,-0.2290198933601237,0.30057360614136186,100.00498975386382,-2495.837329029673,2695.8473085374007,0.9905464496746873,0.9849893202123715,True,True,False,,False,,True,True,False,,Sheet2,Sheet3,Sheet4,Sheet5,Sheet6
patient_7_exp_1,2023_07_17_CGNs_isolated1407_CSF_5_480nm-fitc_svi_ROI_min0.1.xlsx,7_1..25/2023_07_17_CGNs_isolated1407_CSF_5_480nm-fitc_svi_ROI_min0.1.xlsx,7,Control,1_25,ROI_091,CN,0.061808118081180814,False,3.074378282593855,9.310222609395623,1003.0,42.16803050484638,1,False,True,3.8219548490917515e-09,,,3.0586370718602334,2.5686363977070137,3.548637746013453,9.06218805158458,7.394986282454786,10.729389820714372,0.2199757048152003,-0.2981836461034865,0.738135055733887,100.08265845567209,-503.39524741525474,703.560564326599,0.9932963587825169,0.9329058599477981,True,True,0.88458221023178,11.079392806495662,443.0,14.02972038708246,1,False,True,0.010142991455024898,-0.1946422959276685,0.21492827883771828,0.9694055148235885,0.8984382454513123,1.0403727841958648,10.41943659682979,9.461571123656823,11.377302070002758,0.0003682372392204476,-0.1373223401996855,0.1380588146781264,111.07479160794422,-123514.99912106815,123737.14870428403,0.9924063572274953,0.999620285413544,True,True,False,,False,,True,True,False,,Sheet2,Sheet3,Sheet4,Sheet5,Sheet6
patient_7_exp_1,2023_07_17_CGNs_isolated1407_CSF_5_480nm-fitc_svi_ROI_min0.1.xlsx,7_1..25/2023_07_17_CGNs_isolated1407_CSF_5_480nm-fitc_svi_ROI_min0.1.xlsx,7,Control,1_25,ROI_092,CO,0.10977859778597786,False,3.194777963903426,7.108290201436603,1003.0,32.15833282689145,1,False,True,0.10663818112081185,-17.012100441760367,17.22537680400199,3.3074590033399525,2.370473859420254,4.244444147259651,6.260536934974316,4.710810334687549,7.8102635352610825,0.004484966038242633,-16.178060644151742,16.187030576228224,112.40350174787467,-579016.6841900763,579241.4911935721,0.994058549973631,0.9986458206782151,True,True,0.7911976891242211,8.670725695744864,443.0,15.168998555291019,1,False,True,0.04622410808054922,-0.08495235653860178,0.17740057269970022,0.8104121056591471,0.7786422309028322,0.842181980415462,7.147718728549858,6.658494177371867,7.636943279727849,0.00039304770757047497,-0.10264782457839125,0.10343391999353221,114.09172815565995,-69531.15781941701,69759.34127572834,0.990941911417483,0.9995152377782278,True,True,False,,False,,True,True,False,,Sheet2,Sheet3,Sheet4,Sheet5,Sheet6
patient_7_exp_1,2023_07_17_CGNs_isolated1407_CSF_5_480nm-fitc_svi_ROI_min0.1.xlsx,7_1..25/2023_07_17_CGNs_isolated1407_CSF_5_480nm-fitc_svi_ROI_min0.1.xlsx,7,Control,1_25,ROI_093,CP,0.31273062730627305,False,2.707217324790811,9.29321879063923,1004.0,33.183502746946004,1,False,True,0.02131056770114742,-7.0132809663225535,7.055902101724848,2.619953082997387,1.7333273961427669,3.5065787698520072,9.831808035910148,7.6072691849517255,12.056346886868571,1.0554955962909623e-05,-6.188315376153137,6.1883364860650625,103.62325039321495,-104307190.5261158,104307397.7726166,0.9979644743368965,0.9999959713349414,True,True,0.49716747811161827,8.85609506396969,443.0,8.808750184818523,3,True,True,0.018900940851264914,-0.2593251651937334,0.29712704689626324,0.507333499514983,0.44919797540608186,0.5654690236238841,7.881871747569007,6.385996916996992,9.377746578141023,0.0005229127540727787,-0.22399334859544023,0.22503917410358582,124.83080464131638,-117208.60932600831,117458.27093529094,0.942181908522983,0.9989703531521115,True,True,False,,False,,True,True,False,,Sheet2,Sheet3,Sheet4,Sheet5,Sheet6
patient_7_exp_1,2023_07_17_CGNs_isolated1407_CSF_5_480nm-fitc_svi_ROI_min0.1.xlsx,7_1..25/2023_07_17_CGNs_isolated1407_CSF_5_480nm-fitc_svi_ROI_min0.1.xlsx,7,Control,1_25,ROI_094,CQ,0.16512915129151293,False,3.7198231251297824,10.21010700507395,1004.0,48.556042537821185,1,False,True,6.174655868363484e-07,-0.044274821538836766,0.044276056470010434,3.777721393757146,3.7237802323599656,3.8316625551543266,10.238798694348707,9.87234787007625,10.605249518621164,8.391407828400611e-09,,,100.00002884628437,-559625957.8992064,559626157.8992641,0.997911896040673,0.9999999977787117,True,True,1.0758115007129372,11.235679537401268,444.0,14.54545753040919,1,False,True,5.267522463440677e-07,-0.0541963216302503,0.05419737513474299,1.1771788611992546,1.1440615504991216,1.2102961718993877,10.071807489781822,9.544298285357517,10.599316694206127,3.174443488496529e-08,-0.05204401575738614,0.05204407924625591,100.00002739250488,-340103468.3436665,340103668.34372133,0.9937016235449796,0.9999999730334658,True,True,False,,False,,True,True,False,,Sheet2,Sheet3,Sheet4,Sheet5,Sheet6
patient_7_exp_1,2023_07_17_CGNs_isolated1407_CSF_5_480nm-fitc_svi_ROI_min0.1.xlsx,7_1..25/2023_07_17_CGNs_isolated1407_CSF_5_480nm-fitc_svi_ROI_min0.1.xlsx,7,Control,1_25,ROI_095,CR,0.03228782287822878,False,2.842735552669215,8.210807624816653,1004.0,32.359021423012436,1,False,True,0.09301912561498911,-12.708478648649715,12.894516899879692,2.818486271881635,1.9797184125136944,3.6572541312495757,7.420864153605204,5.751470767605221,9.090257539605188,0.0029191928504289258,-11.962523073186981,11.96836145888784,113.35977426203185,-684679.5566810461,684906.2762295703,0.9973656353266588,0.9989653408959048,True,True,0.8612840298956813,8.972195252875451,443.0,16.382718876257698,1,False,True,0.035958012814037696,-0.1186712091045443,0.19058723473261968,0.8871858481900349,0.8508583253256758,0.9235133710543939,7.339299831612718,6.822010361490816,7.85658930173462,0.02263717849104678,-0.09943241193809571,0.14470676892018927,116.36015557915974,-1327.2679573662872,1559.9882685246066,0.9910038362601257,0.9751191409458779,True,True,False,,False,,True,True,False,,Sheet2,Sheet3,Sheet4,Sheet5,Sheet6
patient_7_exp_1,2023_07_17_CGNs_isolated1407_CSF_5_480nm-fitc_svi_ROI_min0.1.xlsx,7_1..25/2023_07_17_CGNs_isolated1407_CSF_5_480nm-fitc_svi_ROI_min0.1.xlsx,7,Control,1_25,ROI_096,CS,0.1088560885608856,False,3.2814394809322875,9.12996684037148,1004.0,35.75504451620685,1,False,True,2.5401971941090297e-10,,,3.4867230448327367,3.4050658436935093,3.568380245971964,8.136032079809478,7.818906114569711,8.453158045049246,9.462845473750163e-12,,,100.00000000505712,,,0.9926838600334804,0.9999999999972861,True,True,1.3914319138479014,11.074798887725649,444.0,24.746446434641708,1,False,True,0.034413396611115095,-0.2521361519860846,0.32096294520831475,1.4562451783223072,1.3837098081696722,1.5287805484749422,8.621892461412626,7.967761566847559,9.276023355977692,0.030071465558053758,-0.18852474002594768,0.2486676711420552,117.96130875101022,-1964.2319215539337,2200.154539055954,0.9921328108713197,0.9797677933017385,True,True,False,,False,,True,True,False,,Sheet2,Sheet3,Sheet4,Sheet5,Sheet6
patient_7_exp_1,2023_07_17_CGNs_isolated1407_CSF_5_480nm-fitc_svi_ROI_min0.1.xlsx,7_1..25/2023_07_17_CGNs_isolated1407_CSF_5_480nm-fitc_svi_ROI_min0.1.xlsx,7,Control,1_25,ROI_097,CT,0.3422509225092251,False,3.4569722434894548,7.412938621962894,1003.0,34.15497911320298,1,False,True,0.029397509607849027,-1127.417032024557,1127.4758270437728,3.725862921085982,2.3492938360783047,5.102432006093659,7.0811747737783035,4.783821104139216,9.378528443417391,0.0009996427848976927,-1126.0516772610113,1126.0536765465808,731.6838272356455,-866339153.9047974,866340617.272452,0.9918903858971216,0.9997317736386128,True,True,1.3399742423998728,9.485680358272134,444.0,15.259661262773605,1,False,True,0.006876968628422909,-0.23526685618216286,0.24902079343900868,1.4644170341574714,1.4009713282034648,1.527862740111478,7.254288169153247,6.714030512107346,7.794545826199148,0.0017912268522459688,-0.18410767805271208,0.18769013175720403,110.54350574056805,-27797.329492744397,28018.41650422553,0.9896729720414265,0.9987783271313637,True,True,False,,False,,True,True,False,,Sheet2,Sheet3,Sheet4,Sheet5,Sheet6
patient_7_exp_1,2023_07_17_CGNs_isolated1407_CSF_5_480nm-fitc_svi_ROI_min0.1.xlsx,7_1..25/2023_07_17_CGNs_isolated1407_CSF_5_480nm-fitc_svi_ROI_min0.1.xlsx,7,Control,1_25,ROI_098,CU,0.09040590405904059,False,3.830342125616293,7.084583475073373,1003.0,36.42183972818866,1,False,True,0.05213735120869758,-33.11968296839864,33.22395767081604,4.076312404786599,2.8040281074466367,5.34859670212656,6.448559397457709,4.703467666430226,8.193651128485191,0.0016985208251237888,-31.896078018420805,31.89947506007105,134.09684031668127,-3378110.4845054694,3378378.6781861032,0.9933277341314513,0.9995834928213516,True,True,3.483027236012863,8.177981884375356,442.0,40.52901164587358,1,False,True,0.020690315528330044,-0.19792961024631242,0.2393102413029725,3.6366040282387977,3.5564540086362313,3.716754047841364,8.607846425745702,8.329117261961459,8.886575589529945,0.0006893304018275622,-0.14530511136744648,0.1466837721711016,100.66017522784263,-65292.831685289995,65494.15203574568,0.9986112296476419,0.9998104825940998,True,True,False,,False,,True,True,False,,Sheet2,Sheet3,Sheet4,Sheet5,Sheet6
patient_7_exp_1,2023_07_17_CGNs_isolated1407_CSF_5_480nm-fitc_svi_ROI_min0.1.xlsx,7_1..25/2023_07_17_CGNs_isolated1407_CSF_5_480nm-fitc_svi_ROI_min0.1.xlsx,7,Control,1_25,ROI_099,CV,0.19557195571955718,False,4.3972360228730505,6.839426288849495,1003.0,43.36897950341895,1,False,True,1.691135323588292e-05,-17.92809213058298,17.92812595328945,4.468113649089982,3.2758213301472177,5.660405968032747,5.946535455869071,4.513936236802147,7.379134674935996,0.2291000214270114,-16.5095092229944,16.967709265848423,100.37712922699778,-10813.050619944697,11013.804878398692,0.9936793546822639,0.951226399841037,True,True,3.0376250551286805,7.060641882869277,442.0,34.733117729341,2,True,True,7.72180686532968e-08,-0.34805068597568406,0.3480508404118214,3.2011841400194387,3.093765455493142,3.3086028245457353,6.371280138761354,5.980272058087304,6.762288219435404,0.08869405484204383,-0.1705981407022561,0.3479862503863438,100.01306474437811,-662.1973804889391,862.2235099776952,0.9919774960018801,0.9730403225929226,True,True,False,,False,,True,True,False,,Sheet2,Sheet3,Sheet4,Sheet5,Sheet6
patient_7_exp_1,2023_07_17_CGNs_isolated1407_CSF_5_480nm-fitc_svi_ROI_min0.1.xlsx,7_1..25/2023_07_17_CGNs_isolated1407_CSF_5_480nm-fitc_svi_ROI_min0.1.xlsx,7,Control,1_25,ROI_100,CW,0.14944649446494465,False,2.742508313736396,7.935018825132147,1003.0,29.883205531110306,1,False,True,0.051905578984029095,-25.930126223352335,26.033937381320396,2.928609677552297,1.267436589099395,4.589782766005199,7.790472415635249,4.567444149610374,11.013500681660124,0.0013532324903403684,-24.325370602023686,24.32807706700437,117.71471554509844,-3098145.9050567015,3098381.3344877916,0.9926255950901051,0.9995381400611926,True,True,0.186369277917683,11.79312804157695,444.0,5.734877866446254,1,False,True,0.014477957802472465,-0.04741882161593862,0.07637473722088355,0.17808560885487643,0.15210887697632125,0.2040623407334316,10.328698358637215,8.463168873974327,12.194227843300103,0.00551340840212821,-0.0323826555392759,0.04340947234353232,102.29874725866772,-2326.4824968188327,2531.0799913361684,0.9728714634805666,0.9699703817346121,True,True,False,,False,,True,True,False,,Sheet2,Sheet3,Sheet4,Sheet5,Sheet6
patient_7_exp_1,2023_07_17_CGNs_isolated1407_CSF_5_480nm-fitc_svi_ROI_min0.1.xlsx,7_1..25/2023_07_17_CGNs_isolated1407_CSF_5_480nm-fitc_svi_ROI_min0.1.xlsx,7,Control,1_25,ROI_101,CX,0.25276752767527677,False,1.5547619647816433,8.121593561693658,1004.0,17.535152157499436,1,False,True,0.06058363996662607,-5.965466834098111,6.086634114031362,1.5488610440100672,1.2227458685857198,1.8749762194344146,6.627731878500567,5.463631490609645,7.79183226639149,0.002499316656011227,-5.697840633238912,5.702839266550934,116.32134534928947,-377304.2440526484,377536.88674334704,0.9975234518120675,0.9983889515812187,True,True,1.4472456185185212,7.768537318035385,444.0,11.928062608102021,1,False,True,1.2176202112150936e-06,-0.01787978184625795,0.017882217086680377,1.5866300728288274,1.5534072632630582,1.6198528823945966,6.139074813789763,5.920504051107656,6.357645576471869,5.74636027034998e-09,,,100.00009540179408,-939941451.5852568,939941651.5854475,0.9919413076675596,0.9999999963782609,True,True,False,,False,,True,True,False,,Sheet2,Sheet3,Sheet4,Sheet5,Sheet6
patient_7_exp_1,2023_07_17_CGNs_isolated1407_CSF_5_480nm-fitc_svi_ROI_min0.1.xlsx,7_1..25/2023_07_17_CGNs_isolated1407_CSF_5_480nm-fitc_svi_ROI_min0.1.xlsx,7,Control,1_25,ROI_102,CY,0.1752767527675277,False,1.3397385155233084,8.470528106366942,1003.0,15.656762287038159,1,False,True,0.04660297916324262,-14.495034685198762,14.588240643525248,1.4295839527516663,0.5529344356911241,2.3062334698122084,7.400853244883918,3.9477950156164834,10.853911474151353,0.0006475453625765594,-13.666636917731784,13.667932008456939,117.46964772722559,-3591730.826466685,3591965.76576214,0.9885005452899565,0.9995472443702783,True,True,1.2868588906172307,9.135170897160151,444.0,12.86965741438581,1,False,True,5.636655156963252e-08,-0.09556317915055605,0.09556329188365918,1.4460513441589604,1.3947950455097924,1.4973076428081284,7.245293033453219,6.704169186087782,7.786416880818656,1.581598996819021e-08,-0.08151044322326102,0.08151047485524095,100.00000426133101,-1184454336.8416002,1184454536.8416088,0.9855876478080571,0.999999989062636,True,True,False,,False,,True,True,False,,Sheet2,Sheet3,Sheet4,Sheet5,Sheet6
patient_7_exp_1,2023_07_17_CGNs_isolated1407_CSF_5_480nm-fitc_svi_ROI_min0.1.xlsx,7_1..25/2023_07_17_CGNs_isolated1407_CSF_5_480nm-fitc_svi_ROI_min0.1.xlsx,7,Control,1_25,ROI_103,CZ,0.01845018450184502,False,4.387609412305639,7.8468023191447855,1003.0,57.99795733156151,1,False,True,1.9306953359222534e-09,,,4.063811892034345,3.68224058170706,4.445383202361631,6.2471174255048165,5.310473998921463,7.18376085208817,0.6416054142785864,0.23250299355733417,1.0507078349998387,100.00000046623823,-98.87567384768617,298.8756747801626,0.9897956884681293,0.8636453745733053,True,True,3.736965762059606,8.930952055245086,442.0,49.335517757116726,1,False,True,0.048860789191012305,-0.7243680263677895,0.8220896047498142,4.109700025247527,3.888226247446696,4.331173803048357,8.483813176125746,7.786791451832288,9.180834900419205,0.017094345346335922,-0.551243301657656,0.5854319923503278,111.24682331883632,-9517.698518845447,9740.192165483119,0.990519913150282,0.9958577181678486,True,True,False,,False,,True,True,False,,Sheet2,Sheet3,Sheet4,Sheet5,Sheet6
patient_7_exp_1,2023_07_17_CGNs_isolated1407_CSF_5_480nm-fitc_svi_ROI_min0.1.xlsx,7_1..25/2023_07_17_CGNs_isolated1407_CSF_5_480nm-fitc_svi_ROI_min0.1.xlsx,7,Control,1_25,ROI_104,DA,0.0027675276752767526,False,4.296047214793089,9.716833341802499,1003.0,59.161858658111214,1,False,True,8.641518093502196e-06,-22.878384464647127,22.878401747683313,4.22301446701426,1.4481467708335534,6.9978821631949675,9.528703718701713,5.698372472333317,13.359034965070109,0.28398257479580935,-19.840288788186044,20.408253937777665,100.00001952410996,-12050.081169922147,12250.081208970367,0.9973466085164945,0.9369907341492822,True,True,3.569595070545897,9.147884757791985,443.0,48.12270340673832,1,False,True,0.05655026165898575,-0.45257612661311036,0.5656766499310819,3.7817039073537773,3.6465873297248206,3.916820484982734,7.916037748792354,7.458452330191273,8.373623167393434,0.0031109079835595394,-0.38268837658141996,0.3889101925485391,112.51384950531548,-34433.42638158909,34658.454080599724,0.9945875107463568,0.9991780554306242,True,True,False,,False,,True,True,False,,Sheet2,Sheet3,Sheet4,Sheet5,Sheet6
patient_7_exp_1,2023_07_17_CGNs_isolated1407_CSF_5_480nm-fitc_svi_ROI_min0.1.xlsx,7_1..25/2023_07_17_CGNs_isolated1407_CSF_5_480nm-fitc_svi_ROI_min0.1.xlsx,7,Control,1_25,ROI_105,DB,0.43357933579335795,False,1.6301752808314103,6.988880146368956,1003.0,17.031693392654482,1,False,True,0.06685162504624276,-10.339572935639605,10.47327618573209,1.679942269467637,1.1619398147318156,2.197944724203458,6.455898019572723,4.752491791739201,8.159304247406245,0.0024914001399193035,-9.886179075199687,9.891161875479524,119.17998670901801,-662907.6789652259,663146.038938644,0.9938484015178846,0.9985191688772489,True,True,0.5123744929782212,8.837729711684176,444.0,4.48116714651489,1,False,True,0.003224822928715432,-0.08026771742231974,0.08671736327975059,0.5573028728814806,0.5314282278335928,0.5831775179293684,6.5634891393258,6.0147909348984365,7.112187343753164,2.346657580401937e-05,-0.06177492777459743,0.06182186092620547,100.35802067657383,-695336.0476247276,695536.7636660807,0.9853218236347465,0.9999578943714973,True,True,False,,False,,True,True,False,,Sheet2,Sheet3,Sheet4,Sheet5,Sheet6
patient_7_exp_1,2023_07_17_CGNs_isolated1407_CSF_5_480nm-fitc_svi_ROI_min0.1.xlsx,7_1..25/2023_07_17_CGNs_isolated1407_CSF_5_480nm-fitc_svi_ROI_min0.1.xlsx,7,Control,1_25,ROI_106,DC,0.26014760147601473,False,4.761720532938891,8.46259984108633,1003.0,53.32520605297591,1,False,True,1.664544488237649e-07,-0.08543935028108166,0.0854396831899793,5.142446095788594,5.03066448019303,5.254227711384157,8.870617564555822,8.37265606329217,9.368579065819473,2.2878943171119695e-09,,,100.00001250595324,-5988544302.426937,5988544502.426962,0.9947317600472066,0.9999999995550961,True,True,2.840878078450572,9.139004468371922,442.0,35.67609007961552,1,False,True,1.599569666820988e-08,-0.5593250215973878,0.5593250535887812,3.1158716740117525,2.904594284919356,3.327149063104149,8.753055032127833,7.895648110641592,9.610461953614072,0.06644692819082489,-0.3013709227654692,0.4342647791471189,100.00411796126411,-1638.5160888241785,1838.524324746707,0.9882205769481088,0.9791199636187164,True,True,False,,False,,True,True,False,,Sheet2,Sheet3,Sheet4,Sheet5,Sheet6
patient_7_exp_1,2023_07_17_CGNs_isolated1407_CSF_5_480nm-fitc_svi_ROI_min0.1.xlsx,7_1..25/2023_07_17_CGNs_isolated1407_CSF_5_480nm-fitc_svi_ROI_min0.1.xlsx,7,Control,1_25,ROI_107,DD,0.3625461254612546,False,2.576778974252104,7.6244958914869585,1003.0,28.531291509998105,1,False,True,0.06317871281225901,-14.522465374965938,14.648822800590457,2.626926373123585,1.5561941252364373,3.6976586210107327,7.938525828157892,5.626507065279362,10.250544591036423,0.002172238593081318,-13.517288489327699,13.521632966513861,111.86461527832184,-1049852.637040811,1050076.3662713675,0.9966533279028321,0.9991737705906502,True,True,1.4748673462005144,8.139265123603025,442.0,11.182471884542366,1,False,True,1.5065508645297545e-07,-0.02873407068365752,0.02873437199383043,1.6110752758995086,1.5742366602741418,1.6479138915248754,7.800603150822252,7.4810099259945675,8.120196375649938,1.1796191595862148e-08,,,100.00000488727436,-735000356.0226828,735000556.0226926,0.9931232621820483,0.9999999926780632,True,True,False,,False,,True,True,False,,Sheet2,Sheet3,Sheet4,Sheet5,Sheet6
patient_7_exp_1,2023_07_17_CGNs_isolated1407_CSF_5_480nm-fitc_svi_ROI_min0.1.xlsx,7_1..25/2023_07_17_CGNs_isolated1407_CSF_5_480nm-fitc_svi_ROI_min0.1.xlsx,7,Control,1_25,ROI_108,DE,0.33948339483394835,False,4.028760662356142,9.588740515839504,1003.0,50.11262171119362,1,False,True,9.433629674131185e-08,-0.07790590903700274,0.07790609770959624,4.354361369872881,4.257341421038478,4.451381318707283,9.961647765851284,9.373102962176787,10.55019256952578,2.503082530781906e-09,,,100.00000213992374,-3011540281.8955755,3011540481.8955793,0.9942577743348046,0.9999999994251552,True,True,3.2649190700841126,8.575620427456613,442.0,37.17213662099381,1,False,True,3.628689543576412e-08,-0.605667894550408,0.605667967124199,3.5457545396294106,3.376628788588655,3.714880290670166,8.211695145949363,7.597867781018861,8.825522510879866,0.04349177749486423,-0.4067366648291435,0.49372021981887193,111.2881962304673,-2835.318166590881,3057.8945590518156,0.9917146740072948,0.9878827548593238,True,True,False,,False,,True,True,False,,Sheet2,Sheet3,Sheet4,Sheet5,Sheet6
patient_7_exp_1,2023_07_17_CGNs_isolated1407_CSF_5_480nm-fitc_svi_ROI_min0.1.xlsx,7_1..25/2023_07_17_CGNs_isolated1407_CSF_5_480nm-fitc_svi_ROI_min0.1.xlsx,7,Control,1_25,ROI_109,DF,0.26845018450184505,False,3.4080912373966994,6.288970110443756,1003.0,28.448175691551988,1,False,True,0.014976652377561711,-223.12350112721492,223.15345443197003,3.6440396060913938,2.9155459934243932,4.372533218758394,5.852295103508839,4.664308521684171,7.040281685333507,0.0006787483321470334,-222.39702174964765,222.39837924631195,410.8228657384782,-146317674.9799562,146318496.62568766,0.9941020409000124,0.9998137720761542,True,True,2.3810008418664474,5.690185228663779,442.0,22.616338650892786,1,False,True,0.013556913435814172,-0.24120733977996017,0.2683211666515885,2.4865359005956296,2.4256954205103525,2.5473763806809067,4.657728565912255,4.424026254207487,4.891430877617024,0.05195954635575929,-0.16131639289043687,0.2652354856019554,110.7835644014144,-843.0392330578745,1064.6063618607034,0.9918419149030321,0.9795313612170704,True,True,False,,False,,True,True,False,,Sheet2,Sheet3,Sheet4,Sheet5,Sheet6
patient_7_exp_1,2023_07_17_CGNs_isolated1407_CSF_5_480nm-fitc_svi_ROI_min0.1.xlsx,7_1..25/2023_07_17_CGNs_isolated1407_CSF_5_480nm-fitc_svi_ROI_min0.1.xlsx,7,Control,1_25,ROI_110,DG,0.13837638376383765,False,2.664286811510593,7.944794470615079,1003.0,28.694927303282157,1,False,True,0.039649969274359396,-23.741802962576667,23.82110290112539,2.848384262954187,1.2045576911595965,4.492210834748778,7.844203064367896,4.5705583435484725,11.117847785187319,0.001087986622421535,-22.142854880936184,22.14503085418103,114.13621970328798,-3457728.510217187,3457956.7826565932,0.992780467047864,0.9996181796041063,True,True,0.49747251941531945,11.288332265686506,445.0,14.417480812081044,1,False,True,0.0004261109588171309,-0.056072610549009326,0.056924832466643586,0.4153796901365916,0.3974917399967869,0.4332676402763963,6.822454051105054,6.306181896804995,7.338726205405113,0.10371993877725336,0.062450532298265415,0.1449893452562413,100.21316755353003,-6.914780824671283,207.34111593173134,0.9916633936168863,0.8001926162145884,True,True,False,,False,,True,True,False,,Sheet2,Sheet3,Sheet4,Sheet5,Sheet6
patient_7_exp_1,2023_07_17_CGNs_isolated1407_CSF_5_480nm-fitc_svi_ROI_min0.1.xlsx,7_1..25/2023_07_17_CGNs_isolated1407_CSF_5_480nm-fitc_svi_ROI_min0.1.xlsx,7,Control,1_25,ROI_111,DH,0.06918819188191883,False,3.415471496676087,7.553984671954254,1003.0,36.1287288817526,1,False,True,0.0961750470921327,-3066.369806502243,3066.562156596427,3.6254765431380824,2.3045007683929493,4.946452317883216,6.964534673361075,4.717725932172593,9.211343414549557,0.0035242264176941593,-3065.131844311777,3065.138892764612,1212.9934456479782,-1086536465.0499036,1086538891.036795,0.9907210664409394,0.9990288714052477,True,True,0.3981646200895027,8.173563993415542,442.0,8.96034853694395,1,False,True,4.734150734337728e-05,-0.04489616291918899,0.04499084593387574,0.3339810199902443,0.31977301263328717,0.3481890273472015,6.737436087428483,6.2300046511471,7.244867523709866,0.0752242765869318,0.042311582537230344,0.10813697063663326,100.01008217873876,-17.143737129683586,217.1639014871611,0.9913891880257067,0.8161698364704707,True,True,False,,False,,True,True,False,,Sheet2,Sheet3,Sheet4,Sheet5,Sheet6
patient_7_exp_1,2023_07_17_CGNs_isolated1407_CSF_5_480nm-fitc_svi_ROI_min0.1.xlsx,7_1..25/2023_07_17_CGNs_isolated1407_CSF_5_480nm-fitc_svi_ROI_min0.1.xlsx,7,Control,1_25,ROI_112,DI,0.23616236162361623,False,4.202135615506638,9.595942850137476,1004.0,53.9914476627417,1,False,True,0.036090551923710065,-19.807181387812523,19.879362491659943,4.170482749998988,2.253333015970754,6.087632484027222,10.015269460770623,7.24845179428246,12.782087127258787,0.0006620725118204994,-17.937009708881853,17.93833385390549,113.63206933570481,-4933526.673382874,4933753.937521544,0.9989086078219184,0.9998412731899771,True,True,0.28297405606726433,16.707730524948943,445.0,9.361575084238302,1,False,True,0.001634032661583371,-0.09422232822217848,0.09749039354534521,0.25014740411834213,0.19750280646606877,0.3027920017706155,12.603311635815183,9.94854189624393,15.258081375386437,0.05997561787792646,0.012080253798681807,0.10787098195717112,100.74383334059087,-263.9109997934746,465.39866647465635,0.9834600000303937,0.8066070119791103,True,True,False,,False,,True,True,False,,Sheet2,Sheet3,Sheet4,Sheet5,Sheet6
patient_7_exp_1,2023_07_17_CGNs_isolated1407_CSF_5_480nm-fitc_svi_ROI_min0.1.xlsx,7_1..25/2023_07_17_CGNs_isolated1407_CSF_5_480nm-fitc_svi_ROI_min0.1.xlsx,7,Control,1_25,ROI_113,DJ,0.0507380073800738,False,4.580640177163722,7.786925059594068,1003.0,52.21501134275522,1,False,True,0.15652444705974466,-26.60687052069839,26.91991941481788,4.6958472035904135,2.76822357702723,6.623470830153597,7.837230787236147,5.514390865815594,10.1600707086567,0.004681187683866821,-24.838933360392584,24.84829573576032,112.00470116254975,-892827.2659577251,893051.2753600503,0.99634134818172,0.9990041145815529,True,True,3.8871217693427,12.123410429385274,443.0,72.39509109729315,1,False,True,0.08041810034830685,-0.9957698473753904,1.1566060480720042,4.2089256964684605,3.8512785779602097,4.566572814976712,10.891038656806494,9.768979267675858,12.013098045937129,0.0005568625419044812,-0.73435499538005,0.7354687204638589,115.19320800077682,-439334.9682708421,439565.3546868437,0.9913207589365051,0.9998677123532174,True,True,False,,False,,True,True,False,,Sheet2,Sheet3,Sheet4,Sheet5,Sheet6
patient_7_exp_1,2023_07_17_CGNs_isolated1407_CSF_5_480nm-fitc_svi_ROI_min0.1.xlsx,7_1..25/2023_07_17_CGNs_isolated1407_CSF_5_480nm-fitc_svi_ROI_min0.1.xlsx,7,Control,1_25,ROI_114,DK,0.07011070110701106,False,3.641410544592971,10.01674914017076,1003.0,43.80544303442295,1,False,True,6.967712268358329e-12,,,4.025314112263227,3.9140679096165654,4.136560314909889,9.571465874452038,9.12564003554464,10.017291713359436,2.504035382042698e-13,,,100.00000000009733,,,0.9889197807029707,0.9999999999999378,True,True,3.9866496135847367,11.947039780435261,443.0,69.02739345887755,1,False,True,0.07950772083567267,-142.69099121848106,142.8500066601524,4.4430698892066784,4.162869803407121,4.723269975006236,10.005992740556957,8.97352423539582,11.038461245718095,0.002042913286210683,-142.485143720603,142.4892295471754,1211.7227897224684,-90352159.42486177,90354582.87044121,0.9845279168870449,0.9995404136234597,True,True,False,,False,,True,True,False,,Sheet2,Sheet3,Sheet4,Sheet5,Sheet6
patient_7_exp_1,2023_07_17_CGNs_isolated1407_CSF_5_480nm-fitc_svi_ROI_min0.1.xlsx,7_1..25/2023_07_17_CGNs_isolated1407_CSF_5_480nm-fitc_svi_ROI_min0.1.xlsx,7,Control,1_25,ROI_115,DL,0.10977859778597786,False,3.2351591564396185,6.937665828460467,1003.0,32.24510755860156,1,False,True,0.08001213876004658,-249.59044530970536,249.75046958722547,3.3870955685901536,2.418617300804704,4.355573836375603,6.94146539322327,5.2226412767395525,8.660289509706987,0.0030818865047782364,-248.69240481302958,248.69856858603916,411.91875122900205,-36347884.615934536,36348708.453437,0.9950104445797257,0.9990909365230581,True,True,0.20971690634203116,20.38405364010964,443.0,14.032475956594702,1,False,True,0.0641761510981994,-0.013268009131720687,0.14162031132811947,0.12572171571806895,0.08793299829290327,0.16351043314323463,11.494706150590762,7.679580690410854,15.309831610770669,0.015471420382403551,-0.027273068503559608,0.058215909268366714,101.00812218661596,-1010.2854710110119,1212.3017153842438,0.9406727638130497,0.8904237074853686,True,True,False,,False,,True,True,False,,Sheet2,Sheet3,Sheet4,Sheet5,Sheet6
patient_7_exp_1,2023_07_17_CGNs_isolated1407_CSF_5_480nm-fitc_svi_ROI_min0.1.xlsx,7_1..25/2023_07_17_CGNs_isolated1407_CSF_5_480nm-fitc_svi_ROI_min0.1.xlsx,7,Control,1_25,ROI_116,DM,0.061808118081180814,False,2.64248584639677,7.58089182787603,1004.0,30.251048775581737,1,False,True,0.15220106006106915,-3.721406738520436,4.025808858642574,2.486293865551332,2.2470322924270105,2.725555438675653,7.056890577359515,6.521334723210016,7.592446431509014,0.0031013318469639414,-3.631821479206636,3.6380241429005644,113.28517859978375,-193453.95430993562,193680.5246671352,0.9996357226881879,0.9987541826021817,True,True,0.3057220776014311,19.190806354860797,443.0,18.635436758987737,1,False,True,0.0815632725007193,-0.09282291389434781,0.2559494588957864,0.2247866614423462,0.19316620823897074,0.25640711464572163,10.481010526410449,8.518008661918646,12.444012390902252,0.02062796288988371,-0.12268387896437234,0.16393980474413977,146.39478324844515,-1959.8041356078907,2252.5937021047807,0.9688677720430826,0.9159464805896872,True,True,False,,False,,True,True,False,,Sheet2,Sheet3,Sheet4,Sheet5,Sheet6
patient_7_exp_1,2023_07_17_CGNs_isolated1407_CSF_5_480nm-fitc_svi_ROI_min0.1.xlsx,7_1..25/2023_07_17_CGNs_isolated1407_CSF_5_480nm-fitc_svi_ROI_min0.1.xlsx,7,Control,1_25,ROI_117,DN,0.1752767527675277,False,2.7975882768725695,9.315894994053451,1004.0,34.7517502197683,1,False,True,0.05176591898887468,-10.994057806553192,11.09758964453094,2.770310420094844,1.8040374316272252,3.736583408562463,9.212165064069533,7.16444438884673,11.259885739292335,0.0010174905856558765,-10.084160298610836,10.08619527978215,112.82695619853203,-1750737.0840614657,1750962.7379738628,0.998963825660329,0.9996328508864886,True,True,0.9365645000691412,11.610762963749664,445.0,22.496208295231682,2,True,True,0.021560330829139454,-0.1262836976058368,0.16940435926411573,0.9036417866346945,0.8557481202298792,0.9515354530395098,8.301038491118007,7.6271321107046575,8.974944871531356,0.0801740145626761,-0.024087092205804794,0.184435121331157,104.77050334696233,-277.6320023004663,487.173008994391,0.9914892462361472,0.9185070879476637,True,True,False,,False,,True,True,False,,Sheet2,Sheet3,Sheet4,Sheet5,Sheet6
patient_7_exp_1,2023_07_17_CGNs_isolated1407_CSF_5_480nm-fitc_svi_ROI_min0.1.xlsx,7_1..25/2023_07_17_CGNs_isolated1407_CSF_5_480nm-fitc_svi_ROI_min0.1.xlsx,7,Control,1_25,ROI_118,DO,0.3404059040590406,False,3.33327832506228,7.417160590585922,1004.0,34.42789314989899,1,False,True,0.10630886047896318,-9.369006563120674,9.5816242840786,3.275385436635929,2.7265078512966565,3.824263021975202,6.679009310506727,5.7540698636119885,7.603948757401465,0.0038868387452161168,-8.923482544037107,8.93125622152754,113.27024645092649,-374848.9119125495,375075.45240545133,0.9985137086862302,0.9988147252137628,True,True,1.4478489336731093,11.01525760633092,443.0,16.861966298201217,1,False,True,2.7264855581863917e-06,-0.38990513429983553,0.38991058727095196,1.634262896561191,1.4673659693414083,1.8011598237809736,9.919744057156752,8.630081274254376,11.209406840059128,1.417411778380159e-06,-0.23813547285271464,0.23813830767627142,100.0000914780236,-58535255.2442787,58535455.244461656,0.9838865778135075,0.9999991326912261,True,True,False,,False,,True,True,False,,Sheet2,Sheet3,Sheet4,Sheet5,Sheet6
patient_7_exp_1,2023_07_17_CGNs_isolated1407_CSF_5_480nm-fitc_svi_ROI_min0.1.xlsx,7_1..25/2023_07_17_CGNs_isolated1407_CSF_5_480nm-fitc_svi_ROI_min0.1.xlsx,7,Control,1_25,ROI_119,DP,0.2896678966789668,False,2.893330475276776,7.624108777142283,1003.0,36.6529221565323,1,False,True,0.2566055874399569,-19.228897769574214,19.742108944454127,2.8539417027712433,1.7988487164477807,3.909034689094706,6.81794530084365,4.762316833585463,8.873573768101839,0.005641532693375532,-18.426211131706527,18.437494197093276,118.01776521630008,-548066.993298001,548303.0288284336,0.9934244877040537,0.9980271486336159,True,True,1.7458862154594006,11.262791595835779,443.0,23.165169085304818,1,False,True,9.081210326477971e-06,-0.051235377043398235,0.051253539464051194,1.8453686419645592,1.814634946431782,1.8761023374973365,10.986994516026815,10.625251337180263,11.348737694873368,5.856834036310734e-08,-0.060545607254269405,0.060545724390950136,100.00075006808751,-154043271.91824162,154043471.91974175,0.9970557046111777,0.9999999682619846,True,True,False,,False,,True,True,False,,Sheet2,Sheet3,Sheet4,Sheet5,Sheet6
patient_7_exp_1,2023_07_17_CGNs_isolated1407_CSF_5_480nm-fitc_svi_ROI_min0.1.xlsx,7_1..25/2023_07_17_CGNs_isolated1407_CSF_5_480nm-fitc_svi_ROI_min0.1.xlsx,7,Control,1_25,ROI_120,DQ,0.17619926199261993,False,3.1169830321325893,6.933388141234673,1003.0,29.13505934276785,1,False,True,0.037734635931589273,-29.673562239960837,29.749031511824015,3.344824547274248,2.1269891670790875,4.562659927469409,6.660883985263514,4.619908315616963,8.701859654910066,0.0014413235262762324,-28.491386967812616,28.494269614865168,132.28380452004376,-3542352.309640964,3542616.877250004,0.9924207044424834,0.99956927405594,True,True,2.300766580596711,11.38456393118895,445.0,32.84362832149433,1,False,True,0.009303965910054971,-3.404748393054606,3.423356324874716,2.6463982719782035,2.490043399946982,2.802753144009425,8.07923449375768,7.23093501843439,8.92753396908097,0.0005761898861848152,-3.264289178257548,3.2654415580299174,251.58731780944677,-1992494.165616981,1992997.3402526,0.9793715880284013,0.9997823213278081,True,True,False,,False,,True,True,False,,Sheet2,Sheet3,Sheet4,Sheet5,Sheet6
patient_7_exp_1,2023_07_17_CGNs_isolated1407_CSF_5_480nm-fitc_svi_ROI_min0.1.xlsx,7_1..25/2023_07_17_CGNs_isolated1407_CSF_5_480nm-fitc_svi_ROI_min0.1.xlsx,7,Control,1_25,ROI_121,DR,0.03136531365313653,False,3.3989252522118427,9.038810488838863,1004.0,41.76345078028048,1,False,True,0.06187722069171536,-11.144672367939753,11.268426809323183,3.412076509988335,2.440499554543247,4.383653465433423,8.98059189923896,7.320443939873264,10.640739858604654,0.0017737178445088855,-10.238536270181298,10.242083705870316,111.58310531995185,-1007042.2100224572,1007265.3762330972,0.9992008930430895,0.9994804347800476,True,True,2.671416331270559,11.087020336537137,443.0,44.75580164256637,1,False,True,0.05463713434930977,-0.5146605198661874,0.6239347885648069,2.8878102307336895,2.711040980663238,3.064579480804141,9.661634379299194,8.85848865561968,10.464780102978708,0.00406661429041337,-0.398376825047295,0.40651005362812176,112.7260319689254,-30638.471865242736,30863.92392918059,0.992543033815511,0.998593780265086,True,True,False,,False,,True,True,False,,Sheet2,Sheet3,Sheet4,Sheet5,Sheet6
patient_7_exp_1,2023_07_17_CGNs_isolated1407_CSF_5_480nm-fitc_svi_ROI_min0.1.xlsx,7_1..25/2023_07_17_CGNs_isolated1407_CSF_5_480nm-fitc_svi_ROI_min0.1.xlsx,7,Control,1_25,ROI_122,DS,0.11346863468634687,False,2.6287775969292655,7.63404816180423,1003.0,25.583299236760283,1,False,True,5.5976094647946186e-09,,,2.863307505897451,2.7991354770387775,2.927479534756124,7.44650377511079,7.169873111679326,7.723134438542253,2.1662672929767157e-10,,,100.0000001769048,-53128422690.40692,53128422890.40692,0.9935583209651808,0.9999999999243439,True,True,2.6630768768568513,7.8219678688157614,442.0,27.694619163922873,1,False,True,4.939889452888093e-09,,,2.8911371434521373,2.8018530979737624,2.9804211889305123,6.972292942701368,6.520139772258521,7.424446113144215,0.03203579601636962,-0.04189021919052112,0.10596181122326036,100.01693614319095,-304.0380178243144,504.0718901106963,0.9850636854402023,0.9890407455597907,True,True,False,,False,,True,True,False,,Sheet2,Sheet3,Sheet4,Sheet5,Sheet6
patient_7_exp_1,2023_07_17_CGNs_isolated1407_CSF_5_480nm-fitc_svi_ROI_min0.1.xlsx,7_1..25/2023_07_17_CGNs_isolated1407_CSF_5_480nm-fitc_svi_ROI_min0.1.xlsx,7,Control,1_25,ROI_123,DT,0.06549815498154982,False,1.73357916690063,7.50704662615135,1004.0,19.72415547512734,1,False,True,0.10583401732411644,-5.675056929679379,5.886724964327612,1.689126678677841,1.4001023375115031,1.9781510198441787,5.962541972882069,5.030147880505508,6.89493606525863,0.0047582823499411914,-5.487133957849283,5.4966505225491655,114.29326407878109,-185310.33312282973,185538.9196509873,0.9971908839620531,0.997190905841059,True,True,1.8404605001442234,8.424498581951752,443.0,19.840766315173923,1,False,True,0.0018417117999138671,-0.5705670240082525,0.5742504476080803,2.0614463863341403,1.964751736657139,2.1581410360111417,6.648346170220709,6.067838190544009,7.228854149897408,4.3205359379813015e-05,-0.4883534390573461,0.48843984977610566,132.57943898648145,-2936138.7225466087,2936403.881424581,0.9829769978310611,0.9999790416795923,True,True,False,,False,,True,True,False,,Sheet2,Sheet3,Sheet4,Sheet5,Sheet6
patient_7_exp_1,2023_07_17_CGNs_isolated1407_CSF_5_480nm-fitc_svi_ROI_min0.1.xlsx,7_1..25/2023_07_17_CGNs_isolated1407_CSF_5_480nm-fitc_svi_ROI_min0.1.xlsx,7,Control,1_25,ROI_124,DU,0.13007380073800737,False,2.50007982676781,5.1295008517305405,1003.0,15.717024612708625,1,False,True,1.793387240788943e-05,-4.038851723690953,4.038887591435768,2.7528610077486344,2.449749434919661,3.055972580577608,4.282073754513136,3.634298867824005,4.929848641202267,5.225999131861e-07,-3.8310370426998133,3.8310380878996395,100.31389121174124,-1053555749.5843744,1053555950.2121568,0.9849313156146793,0.999999810161206,True,True,1.9928134832142639,9.026459982869198,442.0,27.53200075987912,1,False,True,0.014863080029361875,-223.48439367121594,223.51411983127466,2.2486590151627333,2.15572273486169,2.3415952954637764,7.98906109604331,7.3532287720695395,8.62489342001708,0.004706297561626331,-223.40643541363588,223.41584800875913,2491.3677922646434,-121886110.50661333,121891093.24219786,0.9861752850203712,0.9979114360485399,True,True,False,,False,,True,True,False,,Sheet2,Sheet3,Sheet4,Sheet5,Sheet6
patient_7_exp_1,2023_07_17_CGNs_isolated1407_CSF_5_480nm-fitc_svi_ROI_min0.1.xlsx,7_1..25/2023_07_17_CGNs_isolated1407_CSF_5_480nm-fitc_svi_ROI_min0.1.xlsx,7,Control,1_25,ROI_125,DV,0.01937269372693727,False,3.866020693477813,8.873045173202968,1004.0,50.11053527785921,1,False,True,2.656187290637606e-05,-8.662170767838315,8.662223891584127,3.593490554172906,2.7792310579785564,4.407750050367255,7.923783080777345,6.656459366078344,9.191106795476346,0.3209740403940973,-7.531669337211255,8.17361741799945,100.26029940586652,-3831.241592501803,4031.7621913135363,0.9990661280569184,0.9180030799513205,True,True,2.606084128413345,8.930324291864451,442.0,35.52164780494242,1,False,True,0.043139584033276175,-0.5007505335177415,0.5870297015842939,2.8752830472319455,2.7245761063842324,3.0259899880796586,8.154758392147302,7.480897373295209,8.828619410999396,0.009031543797116839,-0.3965336431235189,0.4145967307177526,111.41740959833297,-12619.98972314307,12842.824542339735,0.9896513365112497,0.996868738304342,True,True,False,,False,,True,True,False,,Sheet2,Sheet3,Sheet4,Sheet5,Sheet6
patient_7_exp_1,2023_07_17_CGNs_isolated1407_CSF_5_480nm-fitc_svi_ROI_min0.1.xlsx,7_1..25/2023_07_17_CGNs_isolated1407_CSF_5_480nm-fitc_svi_ROI_min0.1.xlsx,7,Control,1_25,ROI_126,DW,0.03874538745387454,False,4.2154047669319406,8.070105374791979,1004.0,47.85021246468498,1,False,True,0.14780234666345565,-15.53783609283827,15.833440786165182,4.211946919779623,3.191071391679894,5.232822447879353,7.212917334508012,5.861358060762039,8.564476608253985,0.005811248627171039,-14.661923642092257,14.6735461393466,111.97297350426672,-416170.38381748134,416394.3297644899,0.9979669097718165,0.998622194920823,True,True,3.2284846924906514,10.780852003336236,443.0,71.91914795289108,4,True,True,0.20135396121779978,-2.235602596367942,2.638310518803541,3.5859035218442594,3.2948860627046104,3.8769209809839085,8.15146409907873,7.037933846374729,9.26499435178273,0.00015174200951144966,-2.160677562735514,2.1609810467545367,161.8301013402492,-4064579.147652485,4064902.807855165,0.9687990286627405,0.9999576855351224,True,True,False,,False,,True,True,False,,Sheet2,Sheet3,Sheet4,Sheet5,Sheet6
patient_7_exp_1,2023_07_17_CGNs_isolated1407_CSF_5_480nm-fitc_svi_ROI_min0.1.xlsx,7_1..25/2023_07_17_CGNs_isolated1407_CSF_5_480nm-fitc_svi_ROI_min0.1.xlsx,7,Control,1_25,ROI_127,DX,0.03690036900369004,False,2.784032749101007,8.94527920887026,1004.0,36.388836355787824,1,False,True,0.17993194252160505,-6.354188517355526,6.714052402398737,2.6282450797657355,2.166834875948301,3.08965528358317,7.876894337404582,6.881031914121354,8.872756760687809,0.005381759328144258,-6.069144900665472,6.07990841932176,113.30346098469568,-191127.86214022472,191354.4690621941,0.9993443942435212,0.9979565216877894,True,True,0.4841563654924509,10.985358543650932,442.0,14.078426057894303,1,False,True,0.003025219454165665,-0.12789782011345951,0.13394825902179086,0.4298207339046041,0.3962415437733436,0.46339992403586466,8.640588294519242,7.615418256340243,9.66575833269824,0.10334860609165308,0.003873141578313047,0.20282407060499313,117.37948129085768,-158.9878026943155,393.7467652760308,0.9851315514888902,0.8061617607411962,True,True,False,,False,,True,True,False,,Sheet2,Sheet3,Sheet4,Sheet5,Sheet6
patient_7_exp_1,2023_07_17_CGNs_isolated1407_CSF_5_480nm-fitc_svi_ROI_min0.1.xlsx,7_1..25/2023_07_17_CGNs_isolated1407_CSF_5_480nm-fitc_svi_ROI_min0.1.xlsx,7,Control,1_25,ROI_128,DY,0.01845018450184502,False,3.8008197259350385,8.583055886039347,1004.0,41.977626273119135,1,False,True,0.027098071936782188,-276.0164773074938,276.0706734513674,3.844544804648304,2.579323151702776,5.109766457593832,8.049439280751951,5.994711137973598,10.104167423530305,0.0007785849097285617,-274.7716568758961,274.7732140457155,410.9920919902943,-159673620.9182276,159674442.90241158,0.9969692599418415,0.9997975242051571,True,True,3.197278361181316,8.65162678432256,443.0,45.29081465085829,2,True,True,2.3547119968644052e-07,-0.3431675983365663,0.3431680692789657,3.203538223377262,3.0914737677639517,3.3156026789905724,7.164525500464903,6.7384442858678595,7.590606715061946,0.18544593000626222,-0.06065478814817865,0.4315466481607031,100.0001370393078,-266.87769292102513,466.8779669996407,0.9939373941437353,0.9452797883928978,True,True,False,,False,,True,True,False,,Sheet2,Sheet3,Sheet4,Sheet5,Sheet6
patient_7_exp_1,2023_07_17_CGNs_isolated1407_CSF_5_480nm-fitc_svi_ROI_min0.1.xlsx,7_1..25/2023_07_17_CGNs_isolated1407_CSF_5_480nm-fitc_svi_ROI_min0.1.xlsx,7,Control,1_25,ROI_129,DZ,0.10239852398523985,False,2.3233097153585827,7.483053514255971,1003.0,26.46331856948517,1,False,True,0.09397777935965677,-12.342193782585515,12.530149341304828,2.333955476609804,1.4432592014459902,3.224651751773618,7.821610874507086,5.662705897812845,9.980515851201327,0.004859368160800539,-11.544212702191714,11.553931438513317,112.15673144010111,-399830.1863509432,400054.4998138234,0.9967960815748351,0.9979222946306905,True,True,2.8509252972601895,10.84097362292249,442.0,49.616395956031226,3,True,True,0.07034463332185888,-0.5075380713204198,0.6482273379641377,2.9926510793007814,2.798353526162791,3.1869486324387717,10.723854304758747,9.868835818492444,11.57887279102505,0.0014097466363654036,-0.3915760438439217,0.3943955371166525,113.86677831823683,-92394.03657917827,92621.77013581473,0.994608689389386,0.9995291523057405,True,True,False,,False,,True,True,False,,Sheet2,Sheet3,Sheet4,Sheet5,Sheet6
patient_7_exp_1,2023_07_17_CGNs_isolated1407_CSF_5_480nm-fitc_svi_ROI_min0.1.xlsx,7_1..25/2023_07_17_CGNs_isolated1407_CSF_5_480nm-fitc_svi_ROI_min0.1.xlsx,7,Control,1_25,ROI_130,EA,0.07933579335793357,False,3.546214628252815,9.890875746815937,1004.0,47.0769130712739,1,False,True,0.06557461787375432,-6.842104155834919,6.973253391582428,3.4901769316868854,2.7685957393566265,4.211758124017144,10.218714443539833,8.971831477950275,11.46559740912939,0.003313541998410061,-6.187551028762996,6.194178112759816,111.22527940157224,-339900.19544568285,340122.646004486,0.9998075885656893,0.9990515096510584,True,True,3.094030413341274,11.19008622558357,443.0,55.458874534142936,1,False,True,0.06062917377690025,-6.842325776691136,6.963584124244936,3.307360160273366,3.1355549174169925,3.47916540312974,9.484872484571286,8.685082209567616,10.284662759574955,0.05884850677496608,-6.672602851938844,6.790299865488777,348.85274776767733,-50634.16887677613,51331.87437231148,0.9895342085360288,0.9825178672519527,True,True,False,,False,,True,True,False,,Sheet2,Sheet3,Sheet4,Sheet5,Sheet6
patient_7_exp_1,2023_07_17_CGNs_isolated1407_CSF_5_480nm-fitc_svi_ROI_min0.1.xlsx,7_1..25/2023_07_17_CGNs_isolated1407_CSF_5_480nm-fitc_svi_ROI_min0.1.xlsx,7,Control,1_25,ROI_131,EB,0.05627306273062731,False,4.154708320072675,6.9018485675882175,1003.0,41.97940656647561,1,False,True,0.07898626911280703,-21.70087220628617,21.858844744511785,4.285308120888706,2.846084063913349,5.724532177864063,7.139450990186997,5.2723986507239955,9.006503329649998,0.026647663101962968,-20.318255572414657,20.37155089861858,110.6059964537434,-124711.33856098707,124932.55055389456,0.9959104601794838,0.9938200518658146,True,True,2.1915468562369553,6.75432753354346,442.0,20.267919686732657,1,False,True,0.007138729600368185,-0.2601277762610829,0.27440523546181933,2.4038680486254154,2.322815142383348,2.4849209548674827,6.266548625178968,5.875875071734813,6.657222178623123,4.879185749888696e-05,-0.20065078399931077,0.20074836771430857,100.4718300852884,-1062779.1327299727,1062980.0763901435,0.9911863185545513,0.9999797031841214,True,True,False,,False,,True,True,False,,Sheet2,Sheet3,Sheet4,Sheet5,Sheet6
patient_7_exp_1,2023_07_17_CGNs_isolated1407_CSF_5_480nm-fitc_svi_ROI_min0.1.xlsx,7_1..25/2023_07_17_CGNs_isolated1407_CSF_5_480nm-fitc_svi_ROI_min0.1.xlsx,7,Control,1_25,ROI_132,EC,0.07656826568265683,False,4.286418343514555,9.409739403897902,1004.0,49.85241690665195,1,False,True,5.463807961394714e-07,-1.0861939160484195,1.0861950088100119,4.400061920950914,3.8988536892492958,4.901270152652532,9.03876377306507,7.730002485049757,10.34752506108038,1.6253691498115934e-08,-1.6088167332802583,1.6088167657876413,100.0000101958896,-982453528.8237082,982453728.8237287,0.9951831856742095,0.9999999963060312,True,True,3.2002592574836473,8.830821747648088,442.0,37.02772825906962,1,False,True,0.01222383840658814,-0.6326374987948843,0.6570851756080606,3.5154251114577204,3.336053224018521,3.69479699889692,8.08174196228484,7.427446527318477,8.736037397251202,0.0008016681488015465,-0.4798831885647361,0.4814865248623392,110.92047298369523,-169369.80061755402,169591.64156352144,0.9898837479299545,0.9997720089746625,True,True,False,,False,,True,True,False,,Sheet2,Sheet3,Sheet4,Sheet5,Sheet6
patient_7_exp_1,2023_07_17_CGNs_isolated1407_CSF_5_480nm-fitc_svi_ROI_min0.1.xlsx,7_1..25/2023_07_17_CGNs_isolated1407_CSF_5_480nm-fitc_svi_ROI_min0.1.xlsx,7,Control,1_25,ROI_133,ED,0.07564575645756458,False,2.219098039269505,4.832244893609413,1003.0,13.422680337246838,1,False,True,0.0022087008162887853,-31.608281747291336,31.612699148923916,2.3417290518959892,2.1306002130381456,2.552857890753833,4.166936778320323,3.667189871652474,4.666683684988171,4.5197271378842203e-05,-31.398481160686543,31.398571555229303,250.80642037833374,-196973315.36183003,196973816.9746708,0.9946171015522214,0.9999806995608587,True,True,0.6812166762943563,11.223808109351012,448.0,10.333722814228825,1,False,True,0.000274520006508834,-0.1098830997122665,0.11043213972528416,0.7247268279652835,0.6917848067908038,0.7576688491397633,5.9285508864145635,5.417514960400799,6.439586812428328,0.025244135017236904,-0.058664912298660346,0.10915318233313416,100.3890004958844,-738.7205944365102,939.4985954282789,0.9827477674476315,0.9663398501232037,True,True,False,,False,,True,True,False,,Sheet2,Sheet3,Sheet4,Sheet5,Sheet6
patient_7_exp_1,2023_07_17_CGNs_isolated1407_CSF_5_480nm-fitc_svi_ROI_min0.1.xlsx,7_1..25/2023_07_17_CGNs_isolated1407_CSF_5_480nm-fitc_svi_ROI_min0.1.xlsx,7,Control,1_25,ROI_134,EE,0.08671586715867159,False,2.3769937719379315,7.731251548145792,1003.0,23.916647809465836,1,False,True,1.8219703070227603e-09,,,2.516871901794863,2.4767288742163966,2.557014929373329,7.949904375585738,7.739016866658945,8.16079188451253,5.567410704302699e-11,,,100.00000005967561,-21889935952.679348,21889936152.679348,0.9966075448370568,0.9999999999778796,True,True,2.6275512214275034,9.558763627940152,443.0,39.30361086777919,2,True,True,0.024498817322133232,-0.7682010110628446,0.817198645707111,2.8662669413023414,2.7239240853146316,3.008609797290051,7.7633722993679495,7.110594783069349,8.41614981566655,0.002169072721763131,-0.6588793897598338,0.6632175352033601,133.01345193254045,-82718.11194596997,82984.13884983504,0.9875680959584213,0.9992438134540361,True,True,False,,False,,True,True,False,,Sheet2,Sheet3,Sheet4,Sheet5,Sheet6
patient_7_exp_1,2023_07_17_CGNs_isolated1407_CSF_5_480nm-fitc_svi_ROI_min0.1.xlsx,7_1..25/2023_07_17_CGNs_isolated1407_CSF_5_480nm-fitc_svi_ROI_min0.1.xlsx,7,Control,1_25,ROI_135,EF,0.012915129151291513,False,4.185217596092798,8.502857999665139,1003.0,50.503545821733866,1,False,True,0.08332073479645441,-28.40852124096208,28.57516271055499,4.3089571810913805,1.7905849884487717,6.827329373733989,9.1070376171008,5.690665705905257,12.523409528296344,0.0020403142070695005,-25.986105828168558,25.990186456582695,111.54836599236211,-2230998.590598274,2231221.687330259,0.9969036471978384,0.9995267187676878,True,True,4.054357124609845,12.826225442836744,443.0,71.30759189140677,1,False,True,0.03593985373600965,-117.53988659005203,117.61176629752406,4.350691579436839,4.116643375906506,4.584739782967173,12.310882385878264,11.40437177249456,13.217392999261968,0.0070687443575734475,-117.32735715947649,117.34149464819163,1290.9639383827146,-22908898.27542828,22911480.203305043,0.9949053440527974,0.9983778951038275,True,True,False,,False,,True,True,False,,Sheet2,Sheet3,Sheet4,Sheet5,Sheet6
patient_7_exp_1,2023_07_17_CGNs_isolated1407_CSF_5_480nm-fitc_svi_ROI_min0.1.xlsx,7_1..25/2023_07_17_CGNs_isolated1407_CSF_5_480nm-fitc_svi_ROI_min0.1.xlsx,7,Control,1_25,ROI_136,EG,0.14575645756457564,False,3.8517425710892255,8.934817144161457,1004.0,46.329249526602894,1,False,True,0.047067062249017945,-8.269526218258942,8.36366034275698,3.8237787937326426,3.1069090859093693,4.540648501555916,8.866834160564967,7.7788356400521845,9.954832681077749,0.0015337599475691605,-7.602226760246878,7.605294280142016,111.04204717247822,-859595.0555990128,859817.1396933576,0.9996287960699451,0.9995990497701701,True,True,3.0235058634877396,9.69010533386205,442.0,35.8148932932985,2,True,True,0.0035861524856927135,-0.9172229731358621,0.9243952781072475,3.3548808964710486,3.0757360597623995,3.6340257331796977,8.894248556594654,7.814035218706845,9.974461894482463,0.0003125473237030902,-0.6606157269831802,0.6612408216305864,110.36714907292112,-631066.2353793702,631286.969677516,0.9813309607662859,0.9999068467052828,True,True,False,,False,,True,True,False,,Sheet2,Sheet3,Sheet4,Sheet5,Sheet6
patient_7_exp_1,2023_07_17_CGNs_isolated1407_CSF_5_480nm-fitc_svi_ROI_min0.1.xlsx,7_1..25/2023_07_17_CGNs_isolated1407_CSF_5_480nm-fitc_svi_ROI_min0.1.xlsx,7,Control,1_25,ROI_137,EH,0.08856088560885608,False,4.428332715969991,9.13820346237435,1003.0,58.82872307738481,1,False,True,5.805604061068123e-11,,,4.400572028211934,3.8286469586647396,4.972497097759128,9.618835334637732,8.259787474634422,10.977883194641041,0.23264334865362737,-0.3690978622692407,0.8343845595764954,100.00095687817812,-538.4073354909534,738.4092492473097,0.9966112801252498,0.9497879270160297,True,True,4.035691100181219,12.97499373105137,442.0,69.15919032836028,2,True,True,0.03042178005241813,-1.5385377432342282,1.5993813033390643,4.3831187034125465,3.7050090293128735,5.0612283775122195,12.713925214398937,10.703023711722361,14.724826717075514,0.006095366022611318,-0.9218364505889581,0.9340271826341807,111.21474139948847,-60167.829572522314,60390.259055321294,0.9869901294345548,0.9986112853175566,True,True,False,,False,,True,True,False,,Sheet2,Sheet3,Sheet4,Sheet5,Sheet6
patient_7_exp_1,2023_07_17_CGNs_isolated1407_CSF_5_480nm-fitc_svi_ROI_min0.1.xlsx,7_1..25/2023_07_17_CGNs_isolated1407_CSF_5_480nm-fitc_svi_ROI_min0.1.xlsx,7,Control,1_25,ROI_138,EI,0.2370848708487085,False,0.6167507923556304,5.655856100394885,1003.0,6.83593447641109,1,False,True,1.741515404940407e-06,-2.5929821843631427,2.592985667393952,0.557653965779234,0.4175571068155526,0.6977508247429154,4.832545945958604,3.5100539334313945,6.155037958485814,0.0802257643806843,-2.373118748034469,2.533570276795838,100.01940832392285,-4284.686774287421,4484.725590935267,0.9855011155027031,0.8742305789203061,True,True,0.6171988497499958,9.891929823877717,445.0,12.492718870903888,1,False,True,0.03226681520964345,-0.06810380362622856,0.13263743404551545,0.621627754169964,0.5990340151455631,0.6442214931943648,5.418404007227089,5.0268106309360725,5.809997383518105,0.0004312922391226567,-0.08268007602180501,0.08354266050005031,113.84706643899091,-46555.81864607453,46783.51277895251,0.9853017601664507,0.9993066699349326,True,True,False,,False,,True,True,False,,Sheet2,Sheet3,Sheet4,Sheet5,Sheet6
patient_7_exp_1,2023_07_17_CGNs_isolated1407_CSF_5_480nm-fitc_svi_ROI_min0.1.xlsx,7_1..25/2023_07_17_CGNs_isolated1407_CSF_5_480nm-fitc_svi_ROI_min0.1.xlsx,7,Control,1_25,ROI_139,EJ,0.06273062730627306,False,4.10764334706866,9.158370259480535,1003.0,48.011784707724885,1,False,True,1.6972706438195444e-09,,,4.365116886283176,,,9.454343892554027,,,5.0735970409857044e-11,,,100.00000003284813,,,0.9946026610668242,0.9999999999883769,True,True,3.3388289175935246,7.710327370420259,442.0,49.26981431308804,2,True,True,0.00017424710067729006,-0.34924962463269227,0.3495981188340469,3.3228484488967007,3.2108255255811518,3.4348713722122497,6.937301246736679,6.530880671680716,7.343721821792641,0.24330966230518933,-0.010170292324922753,0.49678961693530144,100.03416477578037,-183.05710424043832,383.12543379199906,0.9939111965355003,0.9317726094249962,True,True,False,,False,,True,True,False,,Sheet2,Sheet3,Sheet4,Sheet5,Sheet6
patient_7_exp_1,2023_07_17_CGNs_isolated1407_CSF_5_480nm-fitc_svi_ROI_min0.1.xlsx,7_1..25/2023_07_17_CGNs_isolated1407_CSF_5_480nm-fitc_svi_ROI_min0.1.xlsx,7,Control,1_25,ROI_140,EK,0.06365313653136531,False,3.5501505153153134,6.591028224729939,1003.0,30.972911058944618,1,False,True,6.947574843634085e-07,-0.5129798481619979,0.5129812376769666,3.7425088885351934,3.5602989244955765,3.9247188525748102,6.633932692066859,6.091966010284087,7.175899373849631,2.543345149859367e-08,-0.699646720126427,0.69964677099333,100.00422733420031,-661983745.7119974,661983945.720452,0.9965997929636988,0.9999999932041708,True,True,3.4878451757404325,7.595808858170415,442.0,50.51350002639372,1,False,True,2.114673427636357e-10,,,3.466649295734583,3.39484860911062,3.538449982358546,7.0760624019986045,6.768583111299797,7.383541692697412,0.24369918377976357,0.18359108077437775,0.3038072867851494,100.00097783278167,57.0499987618593,142.95195690370406,0.9938480172584623,0.934319057866052,True,True,False,,False,,True,True,False,,Sheet2,Sheet3,Sheet4,Sheet5,Sheet6
patient_7_exp_1,2023_07_17_CGNs_isolated1407_CSF_5_480nm-fitc_svi_ROI_min0.1.xlsx,7_1..25/2023_07_17_CGNs_isolated1407_CSF_5_480nm-fitc_svi_ROI_min0.1.xlsx,7,Control,1_25,ROI_141,EL,0.20571955719557194,False,3.1949224228070197,9.67183418022455,1003.0,38.587888085964956,1,False,True,1.6212442334004548e-09,,,3.4336836810685796,,,9.757293384437666,,,5.220768980128104e-11,,,100.0000000400582,,,0.9942402732753814,0.9999999999847955,True,True,3.073574043538419,9.781199136463556,443.0,36.86567334695727,1,False,True,7.239208469521976e-07,-0.04025391238530341,0.04025536022699732,3.3489908667968424,3.2815567518168067,3.416424981776878,8.539003545270567,8.239220174304233,8.838786916236902,1.3909127846800178e-08,,,100.0001643710478,-815337056.793403,815337256.7937318,0.9925296464880119,0.9999999958467706,True,True,False,,False,,True,True,False,,Sheet2,Sheet3,Sheet4,Sheet5,Sheet6
patient_7_exp_1,2023_07_17_CGNs_isolated1407_CSF_5_480nm-fitc_svi_ROI_min0.1.xlsx,7_1..25/2023_07_17_CGNs_isolated1407_CSF_5_480nm-fitc_svi_ROI_min0.1.xlsx,7,Control,1_25,ROI_142,EM,0.15129151291512916,False,3.7319356436936477,9.012567076775667,1003.0,44.077077228044764,1,False,True,7.992730826078448e-12,,,3.9243693174367515,3.8563642741922304,3.9923743606812727,10.121682425194113,9.792642036743217,10.450722813645008,1.46532047392134e-08,,,100.00000312776987,-731451543.8393685,731451743.8393747,0.9956190172280528,0.9999999962660995,True,True,2.086871286710999,10.570023534362747,443.0,36.15785313357351,1,False,True,0.035060841534219456,-267.3714859842851,267.44160766735354,2.3073126521236333,2.1926572766688337,2.421968027578433,8.687872721804808,7.902577535898426,9.473167907711192,0.003789860730310771,-267.2914014260395,267.2989811475001,2492.321120529794,-181275450.2531002,181280434.89534125,0.9842619141650423,0.998360150313873,True,True,False,,False,,True,True,False,,Sheet2,Sheet3,Sheet4,Sheet5,Sheet6
patient_7_exp_1,2023_07_17_CGNs_isolated1407_CSF_5_480nm-fitc_svi_ROI_min0.1.xlsx,7_1..25/2023_07_17_CGNs_isolated1407_CSF_5_480nm-fitc_svi_ROI_min0.1.xlsx,7,Control,1_25,ROI_143,EN,0.14575645756457564,False,3.526307125356555,7.845157559531231,1003.0,37.47130378653463,1,False,True,0.034300617415521636,-339.3206822054801,339.38928344031115,3.7617716168221365,2.2531206687787915,5.270422564865481,7.833358784511303,5.34871655319353,10.318001015829076,0.0010697018726839836,-337.8374450036078,337.83958440735313,411.11590118675576,-142756186.1672234,142757008.39902574,0.9948352436039565,0.9997157196431936,True,True,2.8586414843649486,8.274974648606474,443.0,28.188191025505848,1,False,True,1.1147205354334862e-06,-0.018307108447360144,0.01830933788843101,3.033959255226569,2.9824379592476835,3.0854805512054546,6.837812649448486,6.631994565631906,7.043630733265065,2.593482539791337e-09,,,100.0000421445872,-1793110101.4439282,1793110301.4440126,0.9933850636272565,0.9999999991451822,True,True,False,,False,,True,True,False,,Sheet2,Sheet3,Sheet4,Sheet5,Sheet6
patient_7_exp_1,2023_07_17_CGNs_isolated1407_CSF_5_480nm-fitc_svi_ROI_min0.1.xlsx,7_1..25/2023_07_17_CGNs_isolated1407_CSF_5_480nm-fitc_svi_ROI_min0.1.xlsx,7,Control,1_25,ROI_144,EO,0.17435424354243542,False,3.3697687367717033,10.781011201075103,1004.0,40.42614397472675,1,False,True,9.84731230289897e-10,,,3.629013618073191,3.5127576222411108,3.745269613905271,9.374167600354374,8.869035039609884,9.879300161098865,6.665454305088687e-11,,,100.0000000079356,,,0.985656946001638,0.9999999999816328,True,True,2.8273845194479112,8.832402311028943,443.0,30.438798845513382,3,True,True,5.406141105465155e-11,,,3.1825525074776455,3.093454588407537,3.271650426547754,6.5807089794724325,6.2926271029920775,6.8687908559527875,9.966089622141283e-13,,,100.00000000346638,,,0.9812130729386624,0.9999999999996869,True,True,False,,False,,True,True,False,,Sheet2,Sheet3,Sheet4,Sheet5,Sheet6
patient_7_exp_1,2023_07_17_CGNs_isolated1407_CSF_5_480nm-fitc_svi_ROI_min0.1.xlsx,7_1..25/2023_07_17_CGNs_isolated1407_CSF_5_480nm-fitc_svi_ROI_min0.1.xlsx,7,Control,1_25,ROI_145,EP,0.11346863468634687,False,4.231879015875298,11.060178827625577,1004.0,57.360536565295604,1,False,True,8.035265460288173e-13,,,4.31436374864545,4.234313540778639,4.394413956512261,11.335401982525706,10.973626806738405,11.697177158313007,2.4027369450806706e-14,,,100.00000000001067,,,0.9943428561760281,0.9999999999999944,True,True,2.919095492998085,9.76530174479052,442.0,45.10647835751029,1,False,True,2.6911816099623983e-08,-0.6114188591792192,0.6114189130028514,3.0798211836708864,2.8312597067023084,3.3283826606394644,9.47967425668735,8.454608317923705,10.504740195450994,0.15143481563084343,-0.23292045829506824,0.5357900895567551,100.00756720289044,-749.5301690437194,949.5453034495002,0.9883643760805768,0.953134380048016,True,True,False,,False,,True,True,False,,Sheet2,Sheet3,Sheet4,Sheet5,Sheet6
patient_7_exp_1,2023_07_17_CGNs_isolated1407_CSF_5_480nm-fitc_svi_ROI_min0.1.xlsx,7_1..25/2023_07_17_CGNs_isolated1407_CSF_5_480nm-fitc_svi_ROI_min0.1.xlsx,7,Control,1_25,ROI_146,EQ,0.061808118081180814,False,3.9291532179696436,8.458130416421682,1003.0,43.86638249178825,1,False,True,3.346318123138663e-07,-0.0705775673853787,0.07057823664900333,4.181006237409999,4.096104330791767,4.265908144028232,8.859116611602222,8.386370350375026,9.331862872829417,4.108226316324744e-09,,,100.00009726584668,-4345802852.2988825,4345803052.299077,0.9958166132529783,0.9999999990174072,True,True,3.855257510819338,10.265353816594825,443.0,51.686672344244776,1,False,True,0.02059465814063894,-0.8538495937306099,0.8950389100118878,4.266320727046271,4.014109093992731,4.51853236009981,8.8577343522193,8.086970880137093,9.628497824301506,0.0007940760616693259,-0.6380948936080127,0.6396830457313515,112.57266904209618,-237354.75445317422,237579.89979125842,0.9901690558594977,0.9998139079686605,True,True,False,,False,,True,True,False,,Sheet2,Sheet3,Sheet4,Sheet5,Sheet6
patient_7_exp_1,2023_07_17_CGNs_isolated1407_CSF_5_480nm-fitc_svi_ROI_min0.1.xlsx,7_1..25/2023_07_17_CGNs_isolated1407_CSF_5_480nm-fitc_svi_ROI_min0.1.xlsx,7,Control,1_25,ROI_147,ER,0.08118081180811808,False,3.0855654710307614,8.793446829545815,1004.0,37.59528534820572,1,False,True,0.11662733577242529,-9.158641168270194,9.391895839815046,3.004121452066688,2.341510008322842,3.6667328958105343,7.94231559699896,6.689373952174909,9.195257241823011,0.0036425321972795048,-8.611773290467724,8.619058354862283,113.24424370477806,-401346.9351249959,401573.42361240543,0.9990104995763085,0.9987889567744223,True,True,2.5616780419119625,11.389298293079605,445.0,34.49611050357427,1,False,True,0.010222980335016719,-15.670730089542282,15.691176050212317,2.859114492612884,2.7296483823473374,2.988580602878431,7.920951943233894,7.247273509076695,8.594630377391093,0.001314535539034885,-15.557288208811157,15.559917279889225,570.7596924248737,-7743491.321373797,7744632.840758647,0.9847267895214116,0.9995404411275032,True,True,False,,False,,True,True,False,,Sheet2,Sheet3,Sheet4,Sheet5,Sheet6
patient_7_exp_1,2023_07_17_CGNs_isolated1407_CSF_5_480nm-fitc_svi_ROI_min0.1.xlsx,7_1..25/2023_07_17_CGNs_isolated1407_CSF_5_480nm-fitc_svi_ROI_min0.1.xlsx,7,Control,1_25,ROI_148,ES,0.09225092250922509,False,2.539561735509292,9.328663577738553,1004.0,30.811651638793023,1,False,True,0.03827856732328455,-18.04248578002301,18.11904291466958,2.5648945467588518,1.0615182775869,4.068270815930804,8.901430486208456,5.489069657642759,12.313791314774154,0.0006750563567228157,-16.584984084251904,16.58633419696535,113.04391892770032,-4298276.248616439,4298502.336454296,0.9964118832795051,0.9997368785645485,True,True,0.946372219456693,14.496649728621207,447.0,17.86644191822886,1,False,True,0.01212544753587055,-0.3739731305094641,0.3982240255812052,1.0769334876651402,0.9531724689138728,1.2006945064164076,9.720107704279236,8.216124667884598,11.224090740673875,0.00541828584943512,-0.2640605488793025,0.2748971205781727,111.49824946411991,-15501.287852004716,15724.284350932954,0.9751986065975219,0.9949939696298172,True,True,False,,False,,True,True,False,,Sheet2,Sheet3,Sheet4,Sheet5,Sheet6
patient_7_exp_1,2023_07_17_CGNs_isolated1407_CSF_5_480nm-fitc_svi_ROI_min0.1.xlsx,7_1..25/2023_07_17_CGNs_isolated1407_CSF_5_480nm-fitc_svi_ROI_min0.1.xlsx,7,Control,1_25,ROI_149,ET,0.2952029520295203,False,3.23167256298545,7.464068152902087,1003.0,30.48501856288679,1,False,True,1.052735779965773e-09,,,3.5621299047241255,,,6.886922141764072,,,2.7378312723041024e-11,,,100.00000011574355,,,0.9907105657642302,0.9999999999923141,True,True,2.508156965165385,9.05224097040383,442.0,33.15624518218066,1,False,True,0.021142837042473467,-0.6246643574650206,0.6669500315499675,2.836645865063771,2.6536258440194893,3.019665886108053,8.322670102620648,7.49089255415274,9.154447651088557,0.005112924627126042,-0.4720685122614919,0.48229436151574395,111.05531849738642,-26660.67980182877,26882.790438823544,0.9854868375947262,0.998200788664515,True,True,False,,False,,True,True,False,,Sheet2,Sheet3,Sheet4,Sheet5,Sheet6
patient_7_exp_1,2023_07_17_CGNs_isolated1407_CSF_5_480nm-fitc_svi_ROI_min0.1.xlsx,7_1..25/2023_07_17_CGNs_isolated1407_CSF_5_480nm-fitc_svi_ROI_min0.1.xlsx,7,Control,1_25,ROI_150,EU,0.34870848708487084,False,4.236149278166799,8.916671645932638,1003.0,59.087594503959366,1,False,True,0.36622560834881823,-7461.146081869082,7461.87853308578,4.250010491499649,1.9994571782926185,6.500563804706679,7.742691140537936,4.386362089174632,11.09902019190124,0.00786954016215166,-7459.2444573335,7459.260196413825,1536.3765245934965,-1492247348.7694118,1492250421.5224612,0.9895246424152265,0.9981517703402554,True,True,2.0162897836009726,9.973089786605897,443.0,21.379919818870633,1,False,True,3.4876567763609195e-10,,,2.4084567441317315,2.3108586237844477,2.5060548644790153,7.302624055421131,6.8418620876535625,7.763386023188699,1.6466194545393688e-11,,,100.0000001219451,-90495283614.71912,90495283814.71912,0.9618259898677455,0.9999999999931631,True,True,False,,False,,True,True,False,,Sheet2,Sheet3,Sheet4,Sheet5,Sheet6
patient_7_exp_1,2023_07_17_CGNs_isolated1407_CSF_5_480nm-fitc_svi_ROI_min0.1.xlsx,7_1..25/2023_07_17_CGNs_isolated1407_CSF_5_480nm-fitc_svi_ROI_min0.1.xlsx,7,Control,1_25,ROI_151,EV,0.1559040590405904,False,4.150600334627166,9.452942945526843,1003.0,50.86582363760285,1,False,True,6.184473115604161e-08,-0.06900214543073002,0.06900226912019233,4.440998484326063,4.353264489301947,4.52873247935018,9.880362441874281,9.372667272667632,10.38805761108093,6.36629019769054e-09,,,100.00004387541624,-1200089107.5159643,1200089307.516052,0.9955463559996586,0.9999999985664731,True,True,1.976558489264421,9.157455858062406,443.0,28.355110334963957,1,False,True,0.03878325093430623,-0.26316235714359815,0.3407288590122106,2.105304918013951,2.0231874638783816,2.1874223721495203,7.929782470321552,7.431107909652066,8.428457030991039,0.011834047078070774,-0.2152492240721765,0.23891731822831808,111.37637404257839,-5254.431445713482,5477.184193798639,0.9936838953230172,0.9944103588506972,True,True,False,,False,,True,True,False,,Sheet2,Sheet3,Sheet4,Sheet5,Sheet6
patient_7_exp_1,2023_07_17_CGNs_isolated1407_CSF_5_480nm-fitc_svi_ROI_min0.1.xlsx,7_1..25/2023_07_17_CGNs_isolated1407_CSF_5_480nm-fitc_svi_ROI_min0.1.xlsx,7,Control,1_25,ROI_152,EW,0.0009225092250922509,False,3.126959538231304,6.647084119225497,1003.0,30.1422618457281,1,False,True,0.10971109403058867,-593.1835676658152,593.4029898538763,3.2691948220402236,2.5289864441195817,4.0094031999608655,5.783403298706252,4.445358542378088,7.121448055034415,0.004259423885303273,-592.5406301102162,592.5491489579867,655.5277861967008,-95981336.90403657,95982647.95960896,0.9917180027551664,0.9986987984052,True,True,3.0336961217201313,12.432973923620636,443.0,50.14633385008461,1,False,True,0.03382989529365845,-48.911834732788975,48.97949452337629,3.4346376412230115,3.1698876354792818,3.6993876469667413,9.742445980328492,8.502194232043756,10.982697728613228,0.0004248635754666419,-48.67858714290662,48.67943687005756,731.6380471051617,-93739782.90060064,93741246.17669484,0.9759393007197948,0.999876315620204,True,True,False,,False,,True,True,False,,Sheet2,Sheet3,Sheet4,Sheet5,Sheet6
patient_7_exp_1,2023_07_17_CGNs_isolated1407_CSF_5_480nm-fitc_svi_ROI_min0.1.xlsx,7_1..25/2023_07_17_CGNs_isolated1407_CSF_5_480nm-fitc_svi_ROI_min0.1.xlsx,7,Control,1_25,ROI_153,EX,0.27121771217712176,False,0.2778191262638055,6.197490565755743,1003.0,2.8501290214445603,1,False,True,1.0178979065500215e-12,,,0.2609120142654016,0.2268100556408203,0.29501397288998293,6.130520805026195,4.83175865469934,7.42928295535305,0.02263744248327292,-0.013885178585621345,0.059160063552167186,100.00221127854647,-407.784188852173,607.7886114092659,0.9782777989512892,0.9201640421292088,True,True,0.15012709092564452,7.12864645137995,441.0,5.320473404026207,1,False,True,6.971376677066559e-13,,,0.10682659263685718,0.09756167390911098,0.11609151136460337,13.275602736039193,10.767001762405036,15.784203709673351,0.03110881907164975,0.024706126501142796,0.03751151164215671,100.00000000024927,,,0.890179369599278,0.7744682189560524,True,True,False,,False,,True,True,False,,Sheet2,Sheet3,Sheet4,Sheet5,Sheet6
patient_7_exp_1,2023_07_17_CGNs_isolated1407_CSF_5_480nm-fitc_svi_ROI_min0.1.xlsx,7_1..25/2023_07_17_CGNs_isolated1407_CSF_5_480nm-fitc_svi_ROI_min0.1.xlsx,7,Control,1_25,ROI_154,EY,0.06642066420664207,False,4.37706912027027,9.406706300601513,1003.0,57.2050760554054,1,False,True,7.6242571489901375e-06,-3.177500509385261,3.177515757899559,4.547596120794461,3.6323685254200697,5.462823716168852,10.932647013641816,8.725008847335925,13.140285179947707,1.5792118030369618e-06,-3.2102060206885255,3.2102091791121317,100.00171317801924,-293479464.78875476,293479664.7921811,0.9948685269110042,0.9999996527371356,True,True,2.7291511310810805,7.913601660637198,442.0,34.29149771418916,1,False,True,0.05060331795494101,-0.5709196170272683,0.6721262529371503,2.9290613209160563,2.818319798728232,3.039802843103881,7.253607812922036,6.7683852497070145,7.738830376137058,0.00554445729953655,-0.5160392062911422,0.5271281208902153,131.39912022665493,-24888.00530144597,25150.80354189928,0.9912030387983576,0.99811066367391,True,True,False,,False,,True,True,False,,Sheet2,Sheet3,Sheet4,Sheet5,Sheet6
patient_7_exp_1,2023_07_17_CGNs_isolated1407_CSF_5_480nm-fitc_svi_ROI_min0.1.xlsx,7_1..25/2023_07_17_CGNs_isolated1407_CSF_5_480nm-fitc_svi_ROI_min0.1.xlsx,7,Control,1_25,ROI_155,EZ,0.02214022140221402,False,3.9259295385093895,7.255545161897203,1003.0,42.81278237558678,1,False,True,3.009701562498814e-07,-0.5189077054357302,0.5189083073760427,3.8633633219470744,3.6674927669501765,4.059233876943972,7.100625544261625,6.528626008027436,7.6726250804958145,0.23426642072688814,-0.49199984423079274,0.9605326856845691,100.00000000042851,,,0.9971776140662865,0.9428287972709768,True,True,3.333931021175212,11.155503276666593,442.0,69.93310076565982,1,False,True,0.0003391224631918196,-0.6288101467559666,0.6294883916823502,3.233658713128271,3.0798168535216766,3.387500572734865,10.572730681142206,9.926210647519232,11.21925071476518,0.3147654067855741,-0.1650388038136178,0.794569617384766,129.29670947701365,-342.440801944074,601.0342208981012,0.9968533133729917,0.9112943108973072,True,True,False,,False,,True,True,False,,Sheet2,Sheet3,Sheet4,Sheet5,Sheet6
patient_7_exp_1,2023_07_17_CGNs_isolated1407_CSF_5_480nm-fitc_svi_ROI_min0.1.xlsx,7_1..25/2023_07_17_CGNs_isolated1407_CSF_5_480nm-fitc_svi_ROI_min0.1.xlsx,7,Control,1_25,ROI_156,FA,0.03782287822878229,False,3.2939357368915365,7.523423732566243,1003.0,31.915630707942206,1,False,True,0.024614992554757305,-312.4392204426166,312.4884504277261,3.5231306681754635,2.3151663255648574,4.73109501078607,6.872596926007934,4.8287152806137374,8.91647857140213,0.0009107108722517224,-311.2515713895939,311.25339281133836,411.37189088412515,-153700334.21130064,153701156.9550824,0.9925989361079518,0.9997415720264619,True,True,3.145827733794295,6.975829058947966,442.0,35.40610495972337,1,False,True,2.293627303320169e-06,-0.260671176216484,0.2606757634710906,3.1822356620143855,3.1021206146377325,3.2623507093910384,6.330909511991157,6.038369125396825,6.6234498985854895,0.1291960715454634,-0.06546871779346003,0.3238608608843868,100.09410041828754,-291.5147570453306,491.7029578819057,0.9954596565427387,0.9609848301457886,True,True,False,,False,,True,True,False,,Sheet2,Sheet3,Sheet4,Sheet5,Sheet6
patient_7_exp_1,2023_07_17_CGNs_isolated1407_CSF_5_480nm-fitc_svi_ROI_min0.1.xlsx,7_1..25/2023_07_17_CGNs_isolated1407_CSF_5_480nm-fitc_svi_ROI_min0.1.xlsx,7,Control,1_25,ROI_157,FB,0.061808118081180814,False,2.8421290768094365,6.803921023782436,1003.0,25.420363697846735,1,False,True,0.034848503714393526,-520.286309107872,520.3560061153008,3.071165771331869,2.218449900660824,3.9238816420029146,5.909572660190011,4.259342835567659,7.559802484812363,0.001448924746729033,-519.4562977370898,519.4591955865832,577.7350298472585,-219643567.70536342,219644723.17542312,0.9884534858826141,0.9995284391666232,True,True,2.6527662108552534,9.718913778872093,443.0,33.22604084100638,1,False,True,0.016254099887760397,-0.9463389404275074,0.9788471402030282,2.9909706030052763,2.8215227694250915,3.160418436585461,7.873732340417643,7.124575700884661,8.622888979950625,0.002145376241143357,-0.802898800093422,0.8071895525757086,134.68601350494345,-102419.47156523593,102688.84359224583,0.984470560486273,0.9992832298327166,True,True,False,,False,,True,True,False,,Sheet2,Sheet3,Sheet4,Sheet5,Sheet6
patient_7_exp_1,2023_07_17_CGNs_isolated1407_CSF_5_480nm-fitc_svi_ROI_min0.1.xlsx,7_1..25/2023_07_17_CGNs_isolated1407_CSF_5_480nm-fitc_svi_ROI_min0.1.xlsx,7,Control,1_25,ROI_158,FC,0.18357933579335795,False,3.8182967687915963,6.342363858208387,1003.0,31.81449455291535,1,False,True,0.038993251662106036,-477.1199817120859,477.1979682154102,4.069841476051758,3.3223385913337182,4.817344360769798,5.504059096260212,4.422316436089298,6.585801756431126,0.0014316942954970692,-476.39952828779275,476.40239167638373,572.6979924266393,-201889665.17755768,201890810.5735425,0.9931777893607159,0.9996483423647609,True,True,2.9206170166556893,10.740734442619953,442.0,39.2197450701889,1,False,True,8.772970411624107e-08,,,3.2973757741200997,,,9.977244615165153,,,1.1730742421137085e-12,,,100.00000544809714,,,0.9871979388395535,0.9999999999996442,True,True,False,,False,,True,True,False,,Sheet2,Sheet3,Sheet4,Sheet5,Sheet6
patient_7_exp_1,2023_07_17_CGNs_isolated1407_CSF_5_480nm-fitc_svi_ROI_min0.1.xlsx,7_1..25/2023_07_17_CGNs_isolated1407_CSF_5_480nm-fitc_svi_ROI_min0.1.xlsx,7,Control,1_25,ROI_159,FD,0.06457564575645756,False,4.197742304942283,6.834561869680556,1003.0,36.418612328894824,1,False,True,1.7334489650357709e-12,,,4.610969091249754,4.483938374959689,4.737999807539819,6.359202389978031,6.069794296750653,6.648610483205409,8.086093196038756e-10,,,100.0000207397537,-23313277831.616745,23313278031.616783,0.9909527782289488,0.9999999998246336,True,True,3.0337851762275414,7.268931031784234,442.0,33.1453819460573,2,True,True,0.03684131847320795,-0.41180392871252935,0.4854865656589452,3.3017863475172238,3.1681637401285347,3.435408954905913,6.2603123137243495,5.79471993336476,6.725904694083939,4.598088822757858e-06,-0.3396087455309471,0.3396179417085926,101.65827229868589,-19016979.398475323,19017182.715019923,0.9874045575236864,0.9999986073955323,True,True,False,,False,,True,True,False,,Sheet2,Sheet3,Sheet4,Sheet5,Sheet6
patient_7_exp_1,2023_07_17_CGNs_isolated1407_CSF_5_480nm-fitc_svi_ROI_min0.1.xlsx,7_1..25/2023_07_17_CGNs_isolated1407_CSF_5_480nm-fitc_svi_ROI_min0.1.xlsx,7,Control,1_25,ROI_160,FE,0.024907749077490774,False,4.194443122619896,7.157154376379594,1003.0,42.60013507638755,2,True,True,0.08939010849254056,-4341.282399318023,4341.461179535008,4.465019585667719,3.0674261197904222,5.862613051545015,6.660289779174391,4.686802364863359,8.633777193485423,0.003200557121053053,-4339.942056667297,4339.948457781539,1371.9445557669965,-1908804963.3335223,1908807707.2226338,0.9912841903115612,0.9992837064829453,True,True,2.2535196481661957,6.947812321668607,442.0,27.399835697257508,1,False,True,0.0005963124395643449,-0.7633822757062563,0.764574900585385,2.358112804241166,2.2930758192200797,2.423149789262252,6.195257446625747,5.85761896690359,6.532895926347904,0.08445358185805675,-0.624972894096228,0.7938800578123415,181.66501776584607,-2206.0007471466,2569.3307826782925,0.9923411536471671,0.9654242429852934,True,True,False,,False,,True,True,False,,Sheet2,Sheet3,Sheet4,Sheet5,Sheet6
patient_7_exp_1,2023_07_17_CGNs_isolated1407_CSF_5_480nm-fitc_svi_ROI_min0.1.xlsx,7_1..25/2023_07_17_CGNs_isolated1407_CSF_5_480nm-fitc_svi_ROI_min0.1.xlsx,7,Control,1_25,ROI_161,FF,0.08579335793357934,False,3.054825893421988,7.495748520278994,1004.0,31.50917566105474,1,False,True,0.07971537514654252,-7.2987379360830165,7.458168686376101,3.037926427174283,2.6120632438254723,3.463789610523094,6.5541154289360275,5.782983168136496,7.325247689735559,0.003683449132957333,-6.949543449051504,6.956910347317418,112.34540154790376,-305486.45879284246,305711.1495959383,0.9988532896148333,0.9987889804140729,True,True,0.6862210068182433,10.147769509022453,443.0,20.19200289098263,1,False,True,0.006805826470266069,-0.17103002241634982,0.18464167535688195,0.6011222923646372,0.5732235567290849,0.6290210280001896,7.071579552314599,6.4774201805590765,7.665738924070122,0.13482738474937814,-0.01801362371988874,0.287668393218645,138.54607339107088,-162.83695998249033,439.9291067646321,0.9883011420042749,0.8167980923939038,True,True,False,,False,,True,True,False,,Sheet2,Sheet3,Sheet4,Sheet5,Sheet6
patient_7_exp_1,2023_07_17_CGNs_isolated1407_CSF_5_480nm-fitc_svi_ROI_min0.1.xlsx,7_1..25/2023_07_17_CGNs_isolated1407_CSF_5_480nm-fitc_svi_ROI_min0.1.xlsx,7,Control,1_25,ROI_162,FG,0.12361623616236163,False,3.140337941354041,5.664688562736842,1003.0,23.633598209885527,1,False,True,0.05708341072525872,-300.2865396477584,300.40070646920896,3.2884332555286,2.8940264769512574,3.6828400341059426,4.444301826992147,3.763499373202328,5.125104280781966,0.0026616122634706245,-299.94458568982634,299.9499089143533,572.2606911755993,-68032331.26077968,68033475.78216204,0.9926867921691125,0.9991912684470088,True,True,3.0059088859251055,8.294416389969683,442.0,36.4890826709413,2,True,True,0.04654361013357982,-0.7761496243210175,0.8692368445881771,3.273060896672817,3.0628634963722385,3.4832582969733954,7.10052329922589,6.304464057285792,7.896582541165988,0.01117378724360696,-0.6264508050285762,0.6487983795157901,111.23299794418173,-15073.798169183952,15296.264165072316,0.9760812446068751,0.996597750063865,True,True,False,,False,,True,True,False,,Sheet2,Sheet3,Sheet4,Sheet5,Sheet6
patient_7_exp_1,2023_07_17_CGNs_isolated1407_CSF_5_480nm-fitc_svi_ROI_min0.1.xlsx,7_1..25/2023_07_17_CGNs_isolated1407_CSF_5_480nm-fitc_svi_ROI_min0.1.xlsx,7,Control,1_25,ROI_163,FH,0.07103321033210332,False,2.782015209847184,8.128778225676001,1003.0,28.80521420456129,1,False,True,5.000517565190385e-09,,,3.0350360668972183,,,7.944608504266662,,,9.25696704714154e-11,,,100.00000114263027,,,0.99261159394067,0.9999999999694997,True,True,2.5066999252746354,10.116462346565754,443.0,42.15929816364392,1,False,True,0.07213725895601837,-80.83141932686144,80.97569384477347,2.7696465616821575,2.642026768881128,2.897266354483187,8.21355848768348,7.503752091567472,8.923364883799488,0.006133010611763138,-80.77537326712573,80.78763928834925,1293.2015194187102,-18069824.234506525,18072410.637545362,0.9845625022256502,0.9977905267864282,True,True,False,,False,,True,True,False,,Sheet2,Sheet3,Sheet4,Sheet5,Sheet6
patient_7_exp_1,2023_07_17_CGNs_isolated1407_CSF_5_480nm-fitc_svi_ROI_min0.1.xlsx,7_1..25/2023_07_17_CGNs_isolated1407_CSF_5_480nm-fitc_svi_ROI_min0.1.xlsx,7,Control,1_25,ROI_164,FI,0.27490774907749077,False,3.7659597085913923,6.785594824977579,1003.0,36.97881102145898,1,False,True,0.14593102480634348,-15.859310628382945,16.151172677995632,3.8343292414550287,3.0107226698365865,4.657935813073471,5.915401171879276,4.747753811851897,7.083048531906655,0.00492328246731058,-15.176867461590755,15.186714026525374,112.36737241560084,-489656.4050094633,489881.13975429453,0.9954200748987218,0.9987176455738106,True,True,2.6132365999749414,10.258320348994516,443.0,35.31801462503293,1,False,True,0.010502391038989868,-0.3619450445260494,0.38294982660402915,2.818739596072961,2.7020725078767134,2.935406684269209,9.352678590614,8.812626836854632,9.892730344373367,0.0006753735369449513,-0.2623551239337136,0.2637058710076035,110.90072439314288,-119488.21918954627,119710.02063833256,0.9961408822523622,0.9997604561427725,True,True,False,,False,,True,True,False,,Sheet2,Sheet3,Sheet4,Sheet5,Sheet6
patient_7_exp_1,2023_07_17_CGNs_isolated1407_CSF_5_480nm-fitc_svi_ROI_min0.1.xlsx,7_1..25/2023_07_17_CGNs_isolated1407_CSF_5_480nm-fitc_svi_ROI_min0.1.xlsx,7,Control,1_25,ROI_165,FJ,0.06457564575645756,False,4.003505138497675,7.229087739183456,1003.0,42.6690336160715,1,False,True,0.20428675902122356,-7479.275306118867,7479.68387963691,4.107532094998016,3.0871952623504217,5.1278689276456095,6.045997578224665,4.558402011517559,7.533593144931771,0.0072135834763708915,-7478.445592420961,7478.460019587913,2013.2717324510977,-2122392000.8939734,2122396027.4374385,0.9918670385076572,0.9982468944522849,True,True,3.268142922284741,12.881363346422859,443.0,54.739450859122655,1,False,True,0.01064556086247561,-5.351295093667136,5.372586215392087,3.655038322700184,3.3561093096152517,3.9539673357851166,10.906926385432776,9.662778486777203,12.151074284088349,0.0003273695295630229,-5.059396062402162,5.060050801461288,251.2801406843318,-5650950.400144025,5651452.960425393,0.9864780214726573,0.9999104413738251,True,True,False,,False,,True,True,False,,Sheet2,Sheet3,Sheet4,Sheet5,Sheet6
patient_7_exp_1,2023_07_17_CGNs_isolated1407_CSF_5_480nm-fitc_svi_ROI_min0.1.xlsx,7_1..25/2023_07_17_CGNs_isolated1407_CSF_5_480nm-fitc_svi_ROI_min0.1.xlsx,7,Control,1_25,ROI_166,FK,0.11623616236162361,False,3.161111721961222,7.629031281469679,1003.0,30.718762490891073,1,False,True,1.2024016944456233e-07,-0.04696963789188836,0.046969878372227256,3.4041335753449453,3.3217412330059912,3.4865259176838994,7.280476010175798,6.8601236189775765,7.70082840137402,1.792133140375885e-09,,,100.00283444617445,-1306520420.7062063,1306520620.7118754,0.9932195588760437,0.9999999994735421,True,True,3.1260506738198566,8.853361520804356,442.0,40.19955298060053,1,False,True,0.03617549180134078,-0.5902458099994664,0.6625967936021481,3.42268410277401,3.256861697052584,3.588506508495436,8.207444517970924,7.580916246569615,8.833972789372233,0.0034665090348119315,-0.46998365443043805,0.4769166725000619,113.87436554948587,-38465.076818664886,38692.82554976385,0.9911646516857684,0.9989882204761039,True,True,False,,False,,True,True,False,,Sheet2,Sheet3,Sheet4,Sheet5,Sheet6
patient_7_exp_1,2023_07_17_CGNs_isolated1407_CSF_5_480nm-fitc_svi_ROI_min0.1.xlsx,7_1..25/2023_07_17_CGNs_isolated1407_CSF_5_480nm-fitc_svi_ROI_min0.1.xlsx,7,Control,1_25,ROI_167,FL,0.16512915129151293,False,2.675985970079108,7.208239825166743,1003.0,26.495457173327473,1,False,True,0.06049130889850683,-523.4675326639159,523.5885152817128,2.8763909095337437,1.9389753421180045,3.813806476949483,6.299980167358935,4.353083254350636,8.246877080367234,0.0029324620332771504,-522.5781776182068,522.5840425422734,572.3440113600367,-108407217.76634893,108408362.45437166,0.9891393001951557,0.9989815447399083,True,True,1.867545532195876,11.500846058617526,445.0,22.10564540831411,1,False,True,1.7131694514611372e-11,,,2.153397873084228,2.0840691511474754,2.2227265950209807,8.59634190984924,8.16742820990148,9.025255609797,2.5962113084097286e-12,,,100.00000000091649,,,0.9751846298543095,0.9999999999987944,True,True,False,,False,,True,True,False,,Sheet2,Sheet3,Sheet4,Sheet5,Sheet6
patient_7_exp_1,2023_07_17_CGNs_isolated1407_CSF_5_480nm-fitc_svi_ROI_min0.1.xlsx,7_1..25/2023_07_17_CGNs_isolated1407_CSF_5_480nm-fitc_svi_ROI_min0.1.xlsx,7,Control,1_25,ROI_168,FM,0.3210332103321033,False,2.4775352290323363,7.541105864916858,1004.0,26.000095231296786,1,False,True,0.07939981279948173,-4.717532790533839,4.876332416132802,2.4388623879113602,2.1705291416279633,2.707195634194757,6.430680698071082,5.8267014058493105,7.034659990292853,0.0035090983757337917,-4.525420387834606,4.532438584586073,112.8386461432231,-208563.07973961573,208788.75703190215,0.9992168069781423,0.9985632413433271,True,True,0.31825350917791134,6.878184246414435,444.0,4.094319936862042,1,False,True,0.007755961185664941,-0.0372311257972879,0.05274304816861778,0.3077811346396207,0.29458632730099493,0.32097594197824647,5.937831499802959,5.45481069583304,6.420852303772878,0.00643612393444815,-0.02801231239293082,0.04088456026182712,101.30808966147033,-1247.960327199111,1450.5765065220517,0.9843338550135973,0.9795169623601977,True,True,False,,False,,True,True,False,,Sheet2,Sheet3,Sheet4,Sheet5,Sheet6
patient_7_exp_1,2023_07_17_CGNs_isolated1407_CSF_5_480nm-fitc_svi_ROI_min0.1.xlsx,7_1..25/2023_07_17_CGNs_isolated1407_CSF_5_480nm-fitc_svi_ROI_min0.1.xlsx,7,Control,1_25,ROI_169,FN,0.33210332103321033,False,2.4829618911704556,6.902442035036984,1004.0,24.934960441613875,1,False,True,0.10842518465893211,-3.399698658507013,3.616549027824877,2.4159835313606663,2.250000984549752,2.5819660781715807,5.536084742235136,5.165006638288999,5.907162846181273,0.0024955637153257003,-3.3396179890470514,3.3446091164777028,113.05981529951917,-210996.01210939547,211222.1317399945,0.9993433355918854,0.9989681268196998,True,True,0.1403859496090571,8.824700129481755,444.0,-1.5615646252273936,1,False,True,1.1820346513851004e-11,,,0.14625448678670105,,,5.772413422131443,,,9.940844361220535e-14,,,100.00001672571113,,,0.760904124027479,0.9999999999993202,True,True,False,,False,,True,True,False,,Sheet2,Sheet3,Sheet4,Sheet5,Sheet6
patient_7_exp_1,2023_07_17_CGNs_isolated1407_CSF_5_480nm-fitc_svi_ROI_min0.1.xlsx,7_1..25/2023_07_17_CGNs_isolated1407_CSF_5_480nm-fitc_svi_ROI_min0.1.xlsx,7,Control,1_25,ROI_170,FO,0.06734317343173432,False,4.405327965179538,7.431399857337624,1004.0,42.08613005179535,1,False,True,0.07727938883489471,-8.94076722876028,9.095326006430067,4.445618691131983,4.007378594642922,4.883858787621045,5.730788835792012,5.198065734914211,6.263511936669813,6.77778699735179e-05,-8.580768541406803,8.580904097146751,113.31639210408377,-20075624.190402932,20075850.823187143,0.998770870020596,0.999984754239768,True,True,3.2056252086670276,6.510006291034472,442.0,28.66457512768455,1,False,True,0.01164963633820796,-0.37040862766696897,0.39370790034338493,3.4544700357999316,3.3461822814797677,3.5627577901200955,5.830564507230455,5.480373093942655,6.180755920518255,0.001602872051914575,-0.29467994228542066,0.2978856863892498,102.70925341050369,-46037.836452396434,46243.25495921744,0.9909232175406871,0.9995362157874988,True,True,False,,False,,True,True,False,,Sheet2,Sheet3,Sheet4,Sheet5,Sheet6
patient_7_exp_1,2023_07_17_CGNs_isolated1407_CSF_5_480nm-fitc_svi_ROI_min0.1.xlsx,7_1..25/2023_07_17_CGNs_isolated1407_CSF_5_480nm-fitc_svi_ROI_min0.1.xlsx,7,Control,1_25,ROI_171,FP,0.11715867158671586,False,3.9068262347450293,7.86938577161402,1003.0,42.85351938323248,1,False,True,0.08072767215667534,-30.394553929782703,30.556009274096056,4.117200934760684,2.2319736354458266,6.002428234075542,7.654099951704583,5.057913140883988,10.250286762525178,0.0019198372469309039,-28.593706049317273,28.597545723811134,118.29291927544291,-2563463.729297341,2563700.3151358915,0.9946593218781513,0.9995339206220953,True,True,1.7748091450234318,7.935697740872683,443.0,21.15519977018786,1,False,True,1.2803331843601215e-09,,,1.8023769286458544,1.7749663143340388,1.82978754295767,7.370273534375739,7.135939646244264,7.604607422507215,0.03574344690138847,0.01211220002771422,0.059374693775062715,100.04124181201853,-13.497928307035352,213.5804119310724,0.9965964235289541,0.9805543492271299,True,True,False,,False,,True,True,False,,Sheet2,Sheet3,Sheet4,Sheet5,Sheet6
patient_7_exp_1,2023_07_17_CGNs_isolated1407_CSF_5_480nm-fitc_svi_ROI_min0.1.xlsx,7_1..25/2023_07_17_CGNs_isolated1407_CSF_5_480nm-fitc_svi_ROI_min0.1.xlsx,7,Control,1_25,ROI_172,FQ,0.2011070110701107,False,2.6020624923473017,6.816663720270071,1003.0,23.26410175931465,1,False,True,0.03773814846034508,-18.975999131875295,19.051475428795985,2.7998034873993967,1.9967417648156482,3.602865209983145,5.718658487094995,4.154134203798964,7.283182770391026,0.001700680955405085,-18.2081462805582,18.21154764246901,120.9268689167989,-1768892.9690415915,1769134.822779425,0.9900559566578969,0.99939294005891,True,True,1.4497679639045737,10.767224220174057,445.0,21.209496719538787,1,False,True,0.016228189491833713,-0.5754883847218795,0.6079447637055468,1.6437615986349878,1.535687736332152,1.7518354609378237,7.725250561503151,6.863457181721947,8.587043941284353,0.0032501596937741244,-0.48873022523515813,0.4952305446227064,131.84051292313,-40934.78863002822,41198.46965587448,0.978268327350861,0.9980266323677786,True,True,False,,False,,True,True,False,,Sheet2,Sheet3,Sheet4,Sheet5,Sheet6
patient_7_exp_1,2023_07_17_CGNs_isolated1407_CSF_5_480nm-fitc_svi_ROI_min0.1.xlsx,7_1..25/2023_07_17_CGNs_isolated1407_CSF_5_480nm-fitc_svi_ROI_min0.1.xlsx,7,Control,1_25,ROI_173,FR,0.06457564575645756,False,3.5700714934301194,8.16810023942287,1004.0,37.876946533885615,1,False,True,0.07571233088953877,-1463.4341180483113,1463.5855427100903,3.6358325783340355,2.8546950312366284,4.416970125431443,6.551264477224171,5.235562080861104,7.866966873587238,0.002977745692897653,-1462.7153908068117,1462.7213462981977,1052.0114921030013,-534151275.7224093,534153379.74539346,0.9952597369001611,0.9991816705385176,True,True,2.652290148053552,11.01061343219584,443.0,44.84554045996655,1,False,True,3.176908088929896e-10,,,2.713478987962772,2.6388326474230643,2.7881253285024794,10.313113627417774,9.781415320576123,10.844811934259425,0.13720099313067877,0.05999301494397315,0.2144089713173844,100.0000001136713,15.899232198954124,184.10076802838847,0.9943045436022175,0.9518707837987301,True,True,False,,False,,True,True,False,,Sheet2,Sheet3,Sheet4,Sheet5,Sheet6
patient_7_exp_1,2023_07_17_CGNs_isolated1407_CSF_5_480nm-fitc_svi_ROI_min0.1.xlsx,7_1..25/2023_07_17_CGNs_isolated1407_CSF_5_480nm-fitc_svi_ROI_min0.1.xlsx,7,Control,1_25,ROI_174,FS,0.021217712177121772,False,3.350481189103654,8.25248780756533,1003.0,43.038081158009525,1,False,True,2.155674166121036e-06,-15.882525675881297,15.882529987229628,3.1665698916514398,1.601834785487828,4.731304997815052,8.177947732103394,5.397982070125248,10.95791339408154,0.3078551064554559,-14.0195901903843,14.635300403295211,100.00000003776856,-7446.711070723244,7646.711070798781,0.996338430388608,0.911393940976364,True,True,1.0476384362861946,14.859497843387032,448.0,18.76370667033062,1,False,True,2.7697499025170446e-05,-0.00913700879180798,0.009192403789858321,1.1965240291104595,1.1644763278764452,1.2285717303444739,10.07426791614851,9.57848629046242,10.570049541834601,4.2540891860919985e-12,,,101.3787966998578,-37922602560.9237,37922602763.6813,0.9815346241060905,0.9999999999964446,True,True,False,,False,,True,True,False,,Sheet2,Sheet3,Sheet4,Sheet5,Sheet6
patient_7_exp_1,2023_07_17_CGNs_isolated1407_CSF_5_480nm-fitc_svi_ROI_min0.1.xlsx,7_1..25/2023_07_17_CGNs_isolated1407_CSF_5_480nm-fitc_svi_ROI_min0.1.xlsx,7,Control,1_25,ROI_175,FT,0.24077490774907748,False,3.462783142334903,7.7428871453862484,1004.0,36.41362463371284,1,False,True,0.050831327815365014,-10.651033247082106,10.752695902712835,3.480863294050403,3.024798377256987,3.936928210843819,7.030081282053308,6.288653532290113,7.771509031816502,0.0015394902429395785,-10.244338292387805,10.247417272873683,133.66258846867603,-1211055.457086185,1211322.7822631225,0.9992555545301293,0.9995579229806836,True,True,1.1729811943095927,13.572472226812977,444.0,19.071461766719764,1,False,True,6.673583648224011e-08,-0.03611581978481997,0.03611595325649294,1.2923788462358996,1.2467592421905755,1.3379984502812237,12.152763994570588,11.530098907371427,12.77542908176975,1.3771612053597407e-08,,,100.00000369872909,-727648377.4561194,727648577.4561268,0.9866717340991383,0.9999999893439823,True,True,False,,False,,True,True,False,,Sheet2,Sheet3,Sheet4,Sheet5,Sheet6
patient_7_exp_1,2023_07_17_CGNs_isolated1407_CSF_5_480nm-fitc_svi_ROI_min0.1.xlsx,7_1..25/2023_07_17_CGNs_isolated1407_CSF_5_480nm-fitc_svi_ROI_min0.1.xlsx,7,Control,1_25,ROI_176,FU,0.08302583025830258,False,3.119033479696306,8.047968921539791,1004.0,34.57375205481577,1,False,True,0.09386727411430797,-8.990575196580032,9.178309744808647,3.123531421280615,2.5790386295321475,3.6680242130290828,6.80013584489245,5.836258567584172,7.764013122200729,0.0037771958788940935,-8.537274980957791,8.544829372715581,112.59884401606766,-369181.9292108563,369407.1268988885,0.9985444574213017,0.9987921895977364,True,True,1.7997732943655154,6.548772808114336,442.0,20.307892401022556,1,False,True,0.03289785621743658,-0.19797626645827474,0.2637719788931479,1.9394437453099598,1.8828561144950513,1.9960313761248683,6.461248204685978,6.113256250785854,6.8092401585861015,0.0020568065566835972,-0.180976242556629,0.18508985566999622,111.29770479560928,-22707.129125439402,22929.72453503062,0.9934953551244329,0.9989406098521548,True,True,False,,False,,True,True,False,,Sheet2,Sheet3,Sheet4,Sheet5,Sheet6
patient_7_exp_1,2023_07_17_CGNs_isolated1407_CSF_5_480nm-fitc_svi_ROI_min0.1.xlsx,7_1..25/2023_07_17_CGNs_isolated1407_CSF_5_480nm-fitc_svi_ROI_min0.1.xlsx,7,Control,1_25,ROI_177,FV,0.2924354243542435,False,1.6136529971248461,6.746539840996547,1003.0,15.743854807393614,1,False,True,0.06252778974811682,-8.006342015362852,8.131397594859086,1.6614352643907853,1.265665572238615,2.0572049565429555,5.665358381002088,4.3764494339755355,6.9542673280286404,0.0048236835101990155,-7.668265886829006,7.677913253849403,112.45655412440539,-250783.35189248237,251008.26500073116,0.9930195190828173,0.9971050817063726,True,True,0.9955522179645002,6.593678821776393,442.0,6.795083069907485,1,False,True,1.6090672189041018e-05,-0.15393368028916468,0.15396586163354278,1.1098734203629739,1.064175562861622,1.1555712778643257,5.391550996825972,4.95670413160811,5.826397862043833,4.095425236828355e-06,-0.11970472846946995,0.1197129193199436,100.0007946989845,-7116297.7421477,7116497.743737099,0.9822997921964658,0.9999963100205395,True,True,False,,False,,True,True,False,,Sheet2,Sheet3,Sheet4,Sheet5,Sheet6
patient_7_exp_1,2023_07_17_CGNs_isolated1407_CSF_5_480nm-fitc_svi_ROI_min0.1.xlsx,7_1..25/2023_07_17_CGNs_isolated1407_CSF_5_480nm-fitc_svi_ROI_min0.1.xlsx,7,Control,1_25,ROI_178,FW,0.17804428044280443,False,4.133955338122787,8.664463638989218,1003.0,55.98505987559149,1,False,True,0.35255445427249577,-26.801358106567125,27.50646701511212,4.063400480819123,2.319963704630527,5.806837257007719,7.465159161559171,5.051995209911237,9.878323113207106,0.007254510689052123,-25.40858798874017,25.423097010118273,114.76163621978387,-589812.4337957028,590041.9570681424,0.9946820861048663,0.9982178517451894,True,True,1.8219894801713,11.94816125923694,442.0,77.70940814399376,5,True,True,0.37921285700091223,-4.316825773730955,5.075251487732779,1.6857393228365263,1.5102271218045644,1.8612515238684881,8.7477558946467,7.200936539465702,10.294575249827696,0.0005419923763056216,-4.523799970280073,4.524883955032684,281.811006460081,-3183153.7321585338,3183717.3541714535,0.949644713337328,0.9996785872135235,True,True,False,,False,,True,True,False,,Sheet2,Sheet3,Sheet4,Sheet5,Sheet6
patient_7_exp_1,2023_07_17_CGNs_isolated1407_CSF_5_480nm-fitc_svi_ROI_min0.1.xlsx,7_1..25/2023_07_17_CGNs_isolated1407_CSF_5_480nm-fitc_svi_ROI_min0.1.xlsx,7,Control,1_25,ROI_179,FX,0.2988929889298893,False,0.1349966122281726,13.661340034276577,1004.0,2.2164625763325336,1,False,True,8.645906197118995e-06,-2.5533576974758803,2.5533749892882747,0.13268510040900694,-0.5125182759272046,0.7778884767452184,15.090397744402543,-18.243173434345678,48.42396892315077,2.6222864419980535e-06,-1.9192947499613024,1.9192999945341864,100.00268679965558,-166763080.07761785,166763280.08299145,0.9868349321821651,0.9999802371584294,True,True,0.1481202790592355,14.481311958225206,449.0,3.468312685596752,1,False,True,0.0003312382607462228,-0.07773827906574324,0.0784007555872357,0.1629184739046303,0.13915443461442845,0.18668251319483214,7.191896824437718,5.401611941622447,8.98218170725299,5.219442488571199e-05,-0.05726253355143615,0.05736692240120758,103.23680723983384,-300106.0518045208,300312.5254190004,0.8965281048364674,0.9996797311723593,True,True,False,,False,,True,True,False,,Sheet2,Sheet3,Sheet4,Sheet5,Sheet6
patient_7_exp_1,2023_07_17_CGNs_isolated1407_CSF_5_480nm-fitc_svi_ROI_min0.1.xlsx,7_1..25/2023_07_17_CGNs_isolated1407_CSF_5_480nm-fitc_svi_ROI_min0.1.xlsx,7,Control,1_25,ROI_180,FY,0.3053505535055351,False,4.924329481721782,7.572844399758878,1003.0,55.550760939398685,1,False,True,0.2285259750209964,-31.402647133514773,31.859699083556766,5.0507327122208725,3.116120174964043,6.985345249477702,6.943973362131441,4.818831104244019,9.069115620018863,0.006592451826915249,-29.694377239630608,29.707562143284438,112.81481877064039,-739696.2107398119,739921.8403773531,0.9937369227362848,0.9986964548228419,True,True,1.3089989884353261,7.396223257906172,442.0,10.507445968694597,1,False,True,9.094209249556177e-06,-0.20923190048024892,0.20925008889874802,1.4404079636393847,1.3794988422068466,1.5013170850719229,6.421425064382193,5.889833405753718,6.953016723010668,3.443394956318739e-07,-0.15703263683812332,0.1570333255171146,100.00065670670075,-117759769.97127451,117759969.97258793,0.9841148889154705,0.9999997609431341,True,True,False,,False,,True,True,False,,Sheet2,Sheet3,Sheet4,Sheet5,Sheet6
patient_7_exp_1,2023_07_17_CGNs_isolated1407_CSF_5_480nm-fitc_svi_ROI_min0.1.xlsx,7_1..25/2023_07_17_CGNs_isolated1407_CSF_5_480nm-fitc_svi_ROI_min0.1.xlsx,7,Control,1_25,ROI_181,FZ,0.10608856088560886,False,3.784773126217665,7.111068752640563,1003.0,37.85335930620976,1,False,True,0.10525889731803433,-20.94142136171142,21.15193915634749,3.9499341394516914,2.7640245592416495,5.135843719661733,6.36807854534367,4.723131312965892,8.013025777721449,0.004248810715632101,-19.8578889247614,19.86638654619267,111.91442940925631,-750813.8310142122,751037.6598730308,0.9939223541188869,0.9989254895969211,True,True,2.237773896157164,6.24922324178192,442.0,21.747268402383938,2,True,True,2.8032504726239853e-08,-0.22162702801841874,0.2216270840834282,2.318761198597248,2.266644858303384,2.370877538891112,5.38381234604836,5.143200233986539,5.62442445811018,0.053825692373406536,-0.12821796737196006,0.23586935211877313,111.48713836121898,-705.5882893241766,928.5625660466145,0.9944572613827127,0.9773135000542021,True,True,False,,True,"Sheet6:row_182, Sheet8:row_182",True,False,False,,Sheet2,Sheet3,Sheet4,Sheet5,Sheet6
patient_7_exp_1,2023_07_17_CGNs_isolated1407_CSF_5_480nm-fitc_svi_ROI_min0.1.xlsx,7_1..25/2023_07_17_CGNs_isolated1407_CSF_5_480nm-fitc_svi_ROI_min0.1.xlsx,7,Control,1_25,ROI_182,GA,0.25,False,0.24064903914488356,6.115577316869462,1003.0,2.8407211147835296,1,False,True,3.531662029336059e-08,-2.104475561380776,2.1044756320140166,0.20859217562572355,0.057019578423479406,0.36016477282796766,6.336800320936311,2.409828775916823,10.263771865955798,0.03093531091385357,-1.9224279739741574,1.9842985958018644,100.01566498618483,-9447.959013294198,9647.990343266569,0.9692282795558846,0.8708485971243967,True,True,0.15130789570527367,11.97289969792655,441.0,4.270831776446951,1,False,True,3.531662029336059e-08,-2.104475561380776,2.1044756320140166,0.20859217562572355,0.057019578423479406,0.36016477282796766,6.336800320936311,2.409828775916823,10.263771865955798,0.03093531091385357,-1.9224279739741574,1.9842985958018644,100.01566498618483,-9447.959013294198,9647.990343266569,0.9692282795558846,0.8708485971243967,True,True,True,"Sheet4:row_183, Sheet6:row_183, Sheet8:row_183",True,"Sheet4:row_183, Sheet6:row_183, Sheet8:row_183",False,False,False,,Sheet2,Sheet3,Sheet4,Sheet5,Sheet6
patient_7_exp_1,2023_07_17_CGNs_isolated1407_CSF_5_480nm-fitc_svi_ROI_min0.1.xlsx,7_1..25/2023_07_17_CGNs_isolated1407_CSF_5_480nm-fitc_svi_ROI_min0.1.xlsx,7,Control,1_25,ROI_183,GB,0.32564575645756455,False,2.6606176089755054,6.78642225934334,1003.0,25.4281386687356,1,False,True,,,,,,,,,,,,,,,,,,False,False,,,,0.0,0,False,False,,,,,,,,,,,,,,,,,,False,False,False,,False,,False,False,False,,Sheet2,Sheet3,Sheet4,Sheet5,Sheet6
